line_id,gstin_supplier,trade_name,invoice_number,invoice_type,invoice_date,invoice_value,place_of_supply,reverse_charge,rate,taxable_value,igst,cgst,sgst,cess,return_period,itc_availability,reason,source_invoice_id
2B-000001,07CAANY0360A5Z4,Falcon Industries Private Limited,VEN018-0001,R,2025-04-05,174818.12,7,N,18,148150.95,0.00,13333.58,13333.59,0.00,042025,Y,,VEN018-0001
2B-000002,07CAANY0360A5Z4,Falcon Industries Private Limited,VEN018-0002,R,2025-04-11,50160.90,7,N,18,42509.24,0.00,3825.83,3825.83,0.00,042025,Y,,VEN018-0002
2B-000003,07CAANY0360A5Z4,Falcon Industries Private Limited,VEN018-0003,R,2025-04-18,11145.57,7,N,5,10614.83,0.00,265.37,265.37,0.00,042025,Y,,VEN018-0003
2B-000004,07CAANY0360A5Z4,Falcon Industries Private Limited,VEN018-0004,R,2025-04-26,42971.52,7,N,0,42971.52,0.00,0.00,0.00,0.00,042025,Y,,VEN018-0004
2B-000005,07DAFGU3070W4Z4,Titan Solutions & Co,VEN045-0001,R,2025-04-07,142080.97,7,N,18,120407.60,0.00,10836.68,10836.69,0.00,042025,Y,,VEN045-0001
2B-000006,07DAFGU3070W4Z4,Titan Solutions & Co,VEN045-0002,R,2025-04-18,442968.85,7,N,18,375397.33,0.00,33785.76,33785.76,0.00,042025,Y,,VEN045-0002
2B-000007,07DAFGU3070W4Z4,Titan Solutions & Co,VEN045-0003,R,2025-04-23,44113.64,7,N,18,37384.44,0.00,3364.60,3364.60,0.00,042025,Y,,VEN045-0003
2B-000008,07DAFGU3070W4Z4,Titan Solutions & Co,VEN/045/0004,R,2025-04-26,29751.97,7,N,18,25213.53,0.00,2269.22,2269.22,0.00,042025,Y,,VEN045-0004
2B-000009,07DAFGU3070W4Z4,Titan Solutions & Co,VEN045-0005,R,2025-04-28,20843.61,7,N,18,17664.08,0.00,1589.77,1589.76,0.00,042025,Y,,VEN045-0005
2B-000010,07FNTBF7791F4Z1,Zenith Components & Co,1,R,2025-04-10,6669.83,7,N,18,5652.40,0.00,508.71,508.72,0.00,042025,Y,,VEN031-0001
2B-000011,07FNTBF7791F4Z1,Zenith Components & Co,VEN031-0002,R,2025-04-15,11441.56,7,N,18,9696.24,0.00,872.66,872.66,0.00,042025,Y,,VEN031-0002
2B-000012,07FNTBF7791F4Z1,Zenith Components & Co,VEN031-0003,R,2025-04-25,23410.06,7,N,18,19839.03,0.00,1785.52,1785.51,0.00,042025,Y,,VEN031-0003
2B-000013,07HKNYR0876L1ZQ,Meridian Tech Pvt Ltd,1,R,2025-04-01,19726.69,7,N,18,16717.53,0.00,1504.58,1504.58,0.00,042025,Y,,VEN024-0001
2B-000014,07HKNYR0876L1ZQ,Meridian Tech Pvt Ltd,VEN024-0002,R,2025-04-18,46546.33,7,N,18,39446.04,0.00,3550.14,3550.15,0.00,042025,Y,,VEN024-0002
2B-000015,07HKNYR0876L1ZQ,Meridian Tech Pvt Ltd,VEN024-0003,R,2025-04-18,156698.91,7,N,18,132795.69,0.00,11951.61,11951.61,0.00,042025,Y,,VEN024-0003
2B-000016,07HKNYR0876L1ZQ,Meridian Tech Pvt Ltd,VEN024-0004,R,2025-04-21,64769.54,7,N,18,54889.44,0.00,4940.05,4940.05,0.00,042025,Y,,VEN024-0004
2B-000017,07HKNYR0876L1ZQ,Meridian Tech Pvt Ltd,VEN024-0005,R,2025-04-22,55961.64,7,N,18,47425.12,0.00,4268.26,4268.26,0.00,042025,Y,,VEN024-0005
2B-000018,07HKNYR0876L1ZQ,Meridian Tech Pvt Ltd,VEN024-0006,R,2025-04-25,94528.69,7,N,18,80109.06,0.00,7209.81,7209.82,0.00,042025,Y,,VEN024-0006
2B-000019,07HPTKV5985K1ZO,Apex Solutions LLP,VEN044-0001,R,2025-04-14,11386.52,7,N,5,10844.30,0.00,271.11,271.11,0.00,042025,Y,,VEN044-0001
2B-000020,07HPTKV5985K1ZO,Apex Solutions LLP,2,R,2025-04-16,126210.52,7,N,18,106958.07,0.00,9626.23,9626.22,0.00,042025,Y,,VEN044-0002
2B-000021,07HPTKV5985K1ZO,Apex Solutions LLP,VEN044-0044,R,2025-04-17,111047.61,7,N,18,94108.14,0.00,8469.74,8469.73,0.00,042025,Y,,
2B-000022,07HZLZU4203C4ZO,Lotus Solutions LLP,VEN050-0001,R,2025-04-13,218026.11,7,N,18,184767.89,0.00,16629.11,16629.11,0.00,042025,Y,,VEN050-0001
2B-000023,07HZLZU4203C4ZO,Lotus Solutions LLP,VEN050-0002,R,2025-04-15,241245.75,7,N,18,204445.56,0.00,18400.10,18400.09,0.00,042025,Y,,VEN050-0002
2B-000024,07HZLZU4203C4ZO,Lotus Solutions LLP,VEN/050/0003,R,2025-04-18,22015.50,7,N,18,18657.20,0.00,1679.15,1679.15,0.00,042025,Y,,VEN050-0003
2B-000025,07HZLZU4203C4ZO,Lotus Solutions LLP,VEN050-0004,R,2025-04-23,11688.10,7,N,5,11131.52,0.00,278.29,278.29,0.00,042025,Y,,VEN050-0004
2B-000026,07ICOCO6437E3ZT,Evergreen Foods & Co,1,R,2025-04-01,37376.82,7,N,28,29200.64,0.00,4088.09,4088.09,0.00,042025,Y,,VEN004-0001
2B-000027,07ICOCO6437E3ZT,Evergreen Foods & Co,VEN004-0002,R,2025-04-11,152208.96,7,N,12,135900.86,0.00,8154.05,8154.05,0.00,042025,Y,,VEN004-0002
2B-000028,07IKVBH9820B5ZH,Pinnacle Consulting Ltd,VEN013-0001,R,2025-04-05,107957.06,7,N,28,84341.45,0.00,11807.81,11807.80,0.00,042025,Y,,VEN013-0001
2B-000029,07IKVBH9820B5ZH,Pinnacle Consulting Ltd,VEN013-0002,R,2025-04-06,46468.95,7,N,18,39380.47,0.00,3544.24,3544.24,0.00,042025,Y,,VEN013-0002
2B-000030,07IKVBH9820B5ZH,Pinnacle Consulting Ltd,INV-0003,R,2025-04-10,8504.60,7,N,5,8099.62,0.00,202.49,202.49,0.00,042025,Y,,VEN013-0003
2B-000031,07IKVBH9820B5ZH,Pinnacle Consulting Ltd,4,R,2025-04-12,24548.68,7,N,12,21918.46,0.00,1315.11,1315.11,0.00,042025,Y,,VEN013-0004
2B-000032,07IKVBH9820B5ZH,Pinnacle Consulting Ltd,VEN013-0005,R,2025-04-15,233800.62,7,N,18,198136.12,0.00,17832.25,17832.25,0.00,042025,Y,,VEN013-0005
2B-000033,07IKVBH9820B5ZH,Pinnacle Consulting Ltd,VEN013-0006,R,2025-04-25,676083.01,7,N,18,572951.70,0.00,51565.65,51565.66,0.00,042025,Y,,VEN013-0006
2B-000034,07JEJSC5168Z9ZT,Global Motors Pvt Ltd,VEN030-0001,R,2025-04-01,148035.92,7,N,18,125454.17,0.00,11290.88,11290.87,0.00,042025,Y,,VEN030-0001
2B-000035,07JEJSC5168Z9ZT,Global Motors Pvt Ltd,VEN/030/0002,R,2025-04-03,11604.14,7,N,18,9834.02,0.00,885.06,885.06,0.00,042025,Y,,VEN030-0002
2B-000036,07JEJSC5168Z9ZT,Global Motors Pvt Ltd,3,R,2025-04-18,36068.81,7,N,28,28178.76,0.00,3945.03,3945.02,0.00,042025,Y,,VEN030-0003
2B-000037,07JEJSC5168Z9ZT,Global Motors Pvt Ltd,VEN030-0004,R,2025-04-29,19205.33,7,N,18,16275.70,0.00,1464.82,1464.81,0.00,042025,Y,,VEN030-0004
2B-000038,07JEJSC5168Z9ZT,Global Motors Pvt Ltd,VEN/030/0005,R,2025-04-30,39920.27,7,N,28,31187.71,0.00,4366.28,4366.28,0.00,042025,Y,,VEN030-0005
2B-000039,07LMLPC0398Y5ZM,Jupiter Solutions & Co,VEN040-0001,R,2025-04-15,161018.68,7,N,18,136456.51,0.00,12281.08,12281.09,0.00,042025,Y,,VEN040-0001
2B-000040,07LMLPC0398Y5ZM,Jupiter Solutions & Co,VEN040-0002,R,2025-04-21,11730.03,7,N,5,11171.46,0.00,279.29,279.28,0.00,042025,Y,,VEN040-0002
2B-000041,07LMLPC0398Y5ZM,Jupiter Solutions & Co,VEN040-0003,R,2025-04-22,58636.85,7,N,28,45810.04,0.00,6413.40,6413.41,0.00,042025,Y,,VEN040-0003
2B-000042,07QIKWC6704V1ZS,Unity Infra Pvt Ltd,VEN009-0001,R,2025-04-02,108071.57,7,N,12,96492.47,0.00,5789.55,5789.55,0.00,042025,Y,,VEN009-0001
2B-000043,07QIKWC6704V1ZS,Unity Infra Pvt Ltd,VEN009-0002,R,2025-04-06,51247.14,7,N,18,43429.78,0.00,3908.68,3908.68,0.00,042025,Y,,VEN009-0002
2B-000044,07QIKWC6704V1ZS,Unity Infra Pvt Ltd,INV-0003,R,2025-04-23,44238.98,7,N,18,37490.66,0.00,3374.16,3374.16,0.00,042025,Y,,VEN009-0003
2B-000045,07QIKWC6704V1ZS,Unity Infra Pvt Ltd,VEN009-0004,R,2025-04-24,22661.55,7,N,18,19204.70,0.00,1728.42,1728.43,0.00,042025,Y,,VEN009-0004
2B-000046,07YMNMM4218B7ZL,Titan Retail LLP,VEN043-0001,R,2025-04-09,13775.15,7,N,18,11673.86,0.00,1050.64,1050.65,0.00,042025,Y,,VEN043-0001
2B-000047,07YMNMM4218B7ZL,Titan Retail LLP,VEN043-0002,R,2025-04-27,194607.87,7,N,28,152037.40,0.00,21285.24,21285.23,0.00,042025,Y,,VEN043-0002
2B-000048,07YMNMM4218B7ZL,Titan Retail LLP,VEN043-0003,R,2025-04-30,165472.70,7,N,18,140231.10,0.00,12620.80,12620.80,0.00,042025,Y,,VEN043-0003
2B-000049,07ZZKDV5987F1ZJ,Quantum Retail Private Limited,VEN023-0001,R,2025-04-11,38608.95,7,N,28,30163.24,0.00,4222.85,4222.86,0.00,042025,Y,,VEN023-0001
2B-000050,07ZZKDV5987F1ZJ,Quantum Retail Private Limited,VEN023-0002,R,2025-04-11,77256.76,7,N,18,65471.83,0.00,5892.47,5892.46,0.00,042025,Y,,VEN023-0002
2B-000051,07ZZKDV5987F1ZJ,Quantum Retail Private Limited,3,R,2025-04-29,135282.47,7,N,18,114646.16,0.00,10318.16,10318.15,0.00,042025,Y,,VEN023-0003
2B-000052,08MQFEU2813L7ZM,Crest Media Pvt Ltd,INV-0001,R,2025-04-05,217801.85,7,N,18,184577.84,33224.01,0.00,0.00,0.00,042025,Y,,VEN003-0001
2B-000053,08MQFEU2813L7ZM,Crest Media Pvt Ltd,2,R,2025-04-07,204420.33,7,N,28,159703.38,44716.95,0.00,0.00,0.00,042025,Y,,VEN003-0002
2B-000054,08MQFEU2813L7ZM,Crest Media Pvt Ltd,INV-0003,R,2025-04-11,222091.53,7,N,12,198296.01,23795.52,0.00,0.00,0.00,042025,Y,,VEN003-0003
2B-000055,08MQFEU2813L7ZM,Crest Media Pvt Ltd,VEN003-0004,R,2025-04-12,43767.54,7,N,5,41683.37,2084.17,0.00,0.00,0.00,042025,Y,,VEN003-0004
2B-000056,08MQFEU2813L7ZM,Crest Media Pvt Ltd,VEN003-0005,R,2025-04-21,183111.92,7,N,12,163492.79,19619.13,0.00,0.00,0.00,042025,Y,,VEN003-0005
2B-000057,08MQFEU2813L7ZM,Crest Media Pvt Ltd,VEN003-0006,R,2025-04-26,11880.40,7,N,5,11314.67,565.73,0.00,0.00,0.00,042025,Y,,VEN003-0006
2B-000058,08MQFEU2813L7ZM,Crest Media Pvt Ltd,VEN003-0034,R,2025-04-26,192035.92,7,N,12,171460.64,20575.28,0.00,0.00,0.00,042025,Y,,
2B-000059,09CQXKG3580H8ZB,Falcon Tech LLP,1,R,2025-04-30,252287.52,7,N,18,213802.98,38484.54,0.00,0.00,0.00,042025,Y,,VEN035-0001
2B-000060,09KITFJ6794N1ZB,Unity Systems LLP,VEN/008/0001,R,2025-04-09,46670.14,7,N,18,39550.97,7119.17,0.00,0.00,0.00,042025,Y,,VEN008-0001
2B-000061,09KITFJ6794N1ZB,Unity Systems LLP,VEN008-0002,R,2025-04-22,22319.24,7,N,5,21256.42,1062.82,0.00,0.00,0.00,042025,Y,,VEN008-0002
2B-000062,09KITFJ6794N1ZB,Unity Systems LLP,VEN/008/0003,R,2025-04-25,272988.22,7,N,28,213272.05,59716.17,0.00,0.00,0.00,042025,Y,,VEN008-0003
2B-000063,09KITFJ6794N1ZB,Unity Systems LLP,INV-0004,R,2025-04-30,24587.19,7,N,18,20836.60,3750.59,0.00,0.00,0.00,042025,Y,,VEN008-0004
2B-000064,09RATVE0496Z7ZC,Trident Logistics & Co,VEN038-0001,R,2025-04-03,117285.78,7,N,12,104719.45,12566.33,0.00,0.00,0.00,042025,Y,,VEN038-0001
2B-000065,09RATVE0496Z7ZC,Trident Logistics & Co,VEN038-0002,R,2025-04-16,48834.51,7,N,28,38151.96,10682.55,0.00,0.00,0.00,042025,Y,,VEN038-0002
2B-000066,09RATVE0496Z7ZC,Trident Logistics & Co,INV-0004,R,2025-04-20,91300.32,7,N,18,77373.15,13927.17,0.00,0.00,0.00,042025,Y,,VEN038-0004
2B-000067,09RATVE0496Z7ZC,Trident Logistics & Co,VEN038-0003,R,2025-04-20,381764.61,7,N,18,323529.33,58235.28,0.00,0.00,0.00,042025,Y,,VEN038-0003
2B-000068,09RATVE0496Z7ZC,Trident Logistics & Co,VEN038-0005,R,2025-04-29,128866.07,7,N,18,109208.53,19657.54,0.00,0.00,0.00,042025,Y,,VEN038-0005
2B-000069,19OHMLN7771Z5ZC,Meridian Traders & Co,VEN015-0001,R,2025-04-04,82356.50,7,N,18,69793.64,12562.86,0.00,0.00,0.00,042025,Y,,VEN015-0001
2B-000070,19OHMLN7771Z5ZC,Meridian Traders & Co,VEN015-0002,R,2025-04-08,14128.69,7,N,18,11973.47,2155.22,0.00,0.00,0.00,042025,Y,,VEN015-0002
2B-000071,19OHMLN7771Z5ZC,Meridian Traders & Co,INV-0003,R,2025-04-18,43192.80,7,N,18,36604.07,6588.73,0.00,0.00,0.00,042025,Y,,VEN015-0003
2B-000072,19OHMLN7771Z5ZC,Meridian Traders & Co,VEN015-0004,R,2025-04-25,31512.25,7,N,18,26705.30,4806.95,0.00,0.00,0.00,042025,Y,,VEN015-0004
2B-000073,19UMKHA3185K5ZL,Vertex Logistics LLP,VEN032-0001,R,2025-04-01,28197.19,7,N,12,25176.06,3021.13,0.00,0.00,0.00,042025,Y,,VEN032-0001
2B-000074,19UMKHA3185K5ZL,Vertex Logistics LLP,INV-0002,R,2025-04-03,59033.59,7,N,18,50028.47,9005.12,0.00,0.00,0.00,042025,Y,,VEN032-0002
2B-000075,19UMKHA3185K5ZL,Vertex Logistics LLP,VEN032-0003,R,2025-04-03,66360.24,7,N,18,56237.49,10122.75,0.00,0.00,0.00,042025,Y,,VEN032-0003
2B-000076,19UMKHA3185K5ZL,Vertex Logistics LLP,VEN032-0004,R,2025-04-18,340234.49,7,N,18,288334.31,51900.18,0.00,0.00,0.00,042025,Y,,VEN032-0004
2B-000077,19UMKHA3185K5ZL,Vertex Logistics LLP,VEN032-0005,R,2025-04-18,21205.43,7,N,18,17970.70,3234.73,0.00,0.00,0.00,042025,Y,,VEN032-0005
2B-000078,19UMKHA3185K5ZL,Vertex Logistics LLP,6,R,2025-04-21,116632.27,7,N,18,98840.91,17791.36,0.00,0.00,0.00,042025,Y,,VEN032-0006
2B-000079,19UMKHA3185K5ZL,Vertex Logistics LLP,VEN/032/0007,R,2025-04-23,153056.95,7,N,18,129709.28,23347.67,0.00,0.00,0.00,042025,Y,,VEN032-0007
2B-000080,19UMKHA3185K5ZL,Vertex Logistics LLP,VEN/032/0008,R,2025-04-24,14599.48,7,N,18,12372.44,2227.04,0.00,0.00,0.00,042025,Y,,VEN032-0008
2B-000081,19UMKHA3185K5ZL,Vertex Logistics LLP,VEN032-0009,R,2025-04-24,15051.03,7,N,18,12755.11,2295.92,0.00,0.00,0.00,042025,Y,,VEN032-0009
2B-000082,19YDFPE7285G2ZN,Meridian Industries LLP,VEN011-0001,R,2025-04-12,76996.08,7,N,5,73329.60,3666.48,0.00,0.00,0.00,042025,Y,,VEN011-0001
2B-000083,19YDFPE7285G2ZN,Meridian Industries LLP,VEN011-0002,R,2025-04-15,350352.77,7,N,18,296909.13,53443.64,0.00,0.00,0.00,042025,Y,,VEN011-0002
2B-000084,19YDFPE7285G2ZN,Meridian Industries LLP,VEN/011/0003,R,2025-04-17,43070.32,7,N,5,41019.35,2050.97,0.00,0.00,0.00,042025,Y,,VEN011-0003
2B-000085,24DKZXM3530X5ZC,Royal Tech Ltd,VEN036-0001,R,2025-04-02,768791.24,7,N,28,600618.16,168173.08,0.00,0.00,0.00,042025,Y,,VEN036-0001
2B-000086,24DKZXM3530X5ZC,Royal Tech Ltd,INV-0002,R,2025-04-08,64008.40,7,N,18,54244.41,9763.99,0.00,0.00,0.00,042025,Y,,VEN036-0002
2B-000087,24DKZXM3530X5ZC,Royal Tech Ltd,VEN036-0003,R,2025-04-30,142589.03,7,N,12,127311.63,15277.40,0.00,0.00,0.00,042025,Y,,VEN036-0003
2B-000088,24NTKDR1082K6ZL,Horizon Motors & Co,VEN014-0001,R,2025-04-22,640000.00,7,N,28,500000.00,140000.00,0.00,0.00,0.00,042025,Y,,VEN014-0001
2B-000089,24NTKDR1082K6ZL,Horizon Motors & Co,VEN014-0002,R,2025-04-24,200030.27,7,N,18,169517.18,30513.09,0.00,0.00,0.00,042025,Y,,VEN014-0002
2B-000090,24SALVT7843V8ZE,Global Consulting Pvt Ltd,VEN001-0001,R,2025-04-02,57759.55,7,N,18,48948.77,8810.78,0.00,0.00,0.00,042025,Y,,VEN001-0001
2B-000091,24SALVT7843V8ZE,Global Consulting Pvt Ltd,INV-0002,R,2025-04-05,55826.54,7,N,18,47310.63,8515.91,0.00,0.00,0.00,042025,Y,,VEN001-0002
2B-000092,24SALVT7843V8ZE,Global Consulting Pvt Ltd,VEN001-0003,R,2025-04-11,4540.56,7,N,18,3847.93,692.63,0.00,0.00,0.00,042025,Y,,VEN001-0003
2B-000093,27DVWPC2404K6Z7,Indus Enterprises LLP,VEN/021/0001,R,2025-04-30,6801.02,7,N,0,6801.02,0.00,0.00,0.00,0.00,042025,Y,,VEN021-0001
2B-000094,27METYM9562Z9ZM,Bharat Enterprises LLP,VEN005-0001,R,2025-04-02,169888.38,7,N,18,143973.20,25915.18,0.00,0.00,0.00,042025,Y,,VEN005-0001
2B-000095,27METYM9562Z9ZM,Bharat Enterprises LLP,VEN/005/0002,R,2025-04-03,54695.81,7,N,18,46352.38,8343.43,0.00,0.00,0.00,042025,Y,,VEN005-0002
2B-000096,27MZBLF3946W2ZF,Titan Industries Ltd,VEN017-0001,R,2025-04-19,7989.81,7,N,5,7609.34,380.47,0.00,0.00,0.00,042025,Y,,VEN017-0001
2B-000097,27MZBLF3946W2ZF,Titan Industries Ltd,INV-0002,R,2025-04-22,10405.70,7,N,5,9910.19,495.51,0.00,0.00,0.00,042025,Y,,VEN017-0002
2B-000098,27MZBLF3946W2ZF,Titan Industries Ltd,INV-0003,R,2025-04-23,61007.17,7,N,12,54470.69,6536.48,0.00,0.00,0.00,042025,Y,,VEN017-0003
2B-000099,27MZBLF3946W2ZF,Titan Industries Ltd,VEN017-0004,R,2025-04-29,55508.26,7,N,18,47040.90,8467.36,0.00,0.00,0.00,042025,Y,,VEN017-0004
2B-000100,27SMUZG8775G5Z4,Falcon Traders Ltd,INV-0001,R,2025-04-11,177860.79,7,N,18,150729.48,27131.31,0.00,0.00,0.00,042025,Y,,VEN012-0001
2B-000101,27XOEEP5452W8ZP,Crest Traders Pvt Ltd,VEN037-0001,R,2025-04-22,45913.33,7,N,28,35869.79,10043.54,0.00,0.00,0.00,042025,Y,,VEN037-0001
2B-000102,27XOEEP5452W8ZP,Crest Traders Pvt Ltd,VEN037-0002,R,2025-04-26,29845.37,7,N,5,28424.16,1421.21,0.00,0.00,0.00,042025,Y,,VEN037-0002
2B-000103,27XOEEP5452W8ZP,Crest Traders Pvt Ltd,INV-0003,R,2025-04-28,28969.98,7,N,18,24550.83,4419.15,0.00,0.00,0.00,042025,Y,,VEN037-0003
2B-000104,27ZEKBL5846Z1Z7,Jupiter Components Pvt Ltd,VEN002-0001,R,2025-04-03,127902.21,7,N,18,108391.70,19510.51,0.00,0.00,0.00,042025,Y,,VEN002-0001
2B-000105,27ZEKBL5846Z1Z7,Jupiter Components Pvt Ltd,VEN002-0002,R,2025-04-10,11622.61,7,N,12,10377.33,1245.28,0.00,0.00,0.00,042025,Y,,VEN002-0002
2B-000106,27ZEKBL5846Z1Z7,Jupiter Components Pvt Ltd,INV-0003,R,2025-04-12,42266.78,7,N,28,33020.92,9245.86,0.00,0.00,0.00,042025,Y,,VEN002-0003
2B-000107,27ZEKBL5846Z1Z7,Jupiter Components Pvt Ltd,VEN/002/0004,R,2025-04-14,8466.37,7,N,5,8063.21,403.16,0.00,0.00,0.00,042025,Y,,VEN002-0004
2B-000108,27ZEKBL5846Z1Z7,Jupiter Components Pvt Ltd,VEN002-0005,R,2025-04-21,68276.59,7,N,18,57861.52,10415.07,0.00,0.00,0.00,042025,Y,,VEN002-0005
2B-000109,27ZEKBL5846Z1Z7,Jupiter Components Pvt Ltd,INV-0006,R,2025-04-25,31749.56,7,N,28,24804.34,6945.22,0.00,0.00,0.00,042025,Y,,VEN002-0006
2B-000110,27ZEKBL5846Z1Z7,Jupiter Components Pvt Ltd,VEN002-0007,R,2025-04-26,13585.48,7,N,18,11513.12,2072.36,0.00,0.00,0.00,042025,Y,,VEN002-0007
2B-000111,29TABAS6604Y1ZX,Sigma Traders Ltd,VEN016-0001,R,2025-04-03,78520.69,7,N,18,66542.96,11977.73,0.00,0.00,0.00,042025,Y,,VEN016-0001
2B-000112,29TABAS6604Y1ZX,Sigma Traders Ltd,VEN016-0002,R,2025-04-04,19138.05,7,N,0,19138.05,0.00,0.00,0.00,0.00,042025,Y,,VEN016-0002
2B-000113,29TABAS6604Y1ZX,Sigma Traders Ltd,INV-0003,R,2025-04-10,96324.16,7,N,18,81630.64,14693.52,0.00,0.00,0.00,042025,Y,,VEN016-0003
2B-000114,29TABAS6604Y1ZX,Sigma Traders Ltd,VEN016-0004,R,2025-04-11,120754.77,7,N,18,102334.55,18420.22,0.00,0.00,0.00,042025,Y,,VEN016-0004
2B-000115,29TABAS6604Y1ZX,Sigma Traders Ltd,VEN/016/0005,R,2025-04-15,84287.28,7,N,28,65849.19,18438.09,0.00,0.00,0.00,042025,Y,,VEN016-0005
2B-000116,29TABAS6604Y1ZX,Sigma Traders Ltd,VEN016-0006,R,2025-04-17,19693.16,7,N,18,16689.12,3004.04,0.00,0.00,0.00,042025,Y,,VEN016-0006
2B-000117,29TABAS6604Y1ZX,Sigma Traders Ltd,INV-0008,R,2025-04-18,75379.11,7,N,18,63880.60,11498.51,0.00,0.00,0.00,042025,Y,,VEN016-0008
2B-000118,29TABAS6604Y1ZX,Sigma Traders Ltd,VEN016-0007,R,2025-04-18,92224.21,7,N,18,78723.73,13500.48,0.00,0.00,0.00,042025,Y,,VEN016-0007
2B-000119,29TABAS6604Y1ZX,Sigma Traders Ltd,VEN016-0009,R,2025-04-19,73207.92,7,N,18,62040.61,11167.31,0.00,0.00,0.00,042025,Y,,VEN016-0009
2B-000120,29ULWSZ7970U2Z8,Falcon Components LLP,INV-0001,R,2025-04-03,201727.42,7,N,18,170955.44,30771.98,0.00,0.00,0.00,042025,Y,,VEN028-0001
2B-000121,29ULWSZ7970U2Z8,Falcon Components LLP,VEN028-0002,R,2025-04-04,431574.84,7,N,5,411023.66,20551.18,0.00,0.00,0.00,042025,Y,,VEN028-0002
2B-000122,29ULWSZ7970U2Z8,Falcon Components LLP,VEN/028/0003,R,2025-04-07,23857.83,7,N,28,18638.93,5218.90,0.00,0.00,0.00,042025,Y,,VEN028-0003
2B-000123,29ULWSZ7970U2Z8,Falcon Components LLP,VEN028-0004,R,2025-04-25,244570.68,7,N,28,191070.84,53499.84,0.00,0.00,0.00,042025,Y,,VEN028-0004
2B-000124,29ULWSZ7970U2Z8,Falcon Components LLP,VEN028-0005,R,2025-04-29,15055.95,7,N,5,14339.00,716.95,0.00,0.00,0.00,042025,Y,,VEN028-0005
2B-000125,29VYHLW6909G1ZE,Unity Media LLP,VEN007-0001,R,2025-04-09,17385.87,7,N,28,13582.71,3803.16,0.00,0.00,0.00,042025,Y,,VEN007-0001
2B-000126,33DMSQD6561G9ZL,Lotus Industries Pvt Ltd,VEN026-0001,R,2025-04-11,10083.97,7,N,18,8545.74,1538.23,0.00,0.00,0.00,042025,Y,,VEN026-0001
2B-000127,33DMSQD6561G9ZL,Lotus Industries Pvt Ltd,VEN026-0002,R,2025-04-15,460028.43,7,N,18,389854.60,70173.83,0.00,0.00,0.00,042025,Y,,VEN026-0002
2B-000128,33DMSQD6561G9ZL,Lotus Industries Pvt Ltd,VEN026-0003,R,2025-04-19,48484.56,7,N,12,43289.79,5194.77,0.00,0.00,0.00,042025,Y,,VEN026-0003
2B-000129,33YKXAB5987J5ZJ,Jupiter Industries Pvt Ltd,VEN046-0001,R,2025-04-10,117382.11,7,N,28,91704.77,25677.34,0.00,0.00,0.00,042025,Y,,VEN046-0001
2B-000130,33YKXAB5987J5ZJ,Jupiter Industries Pvt Ltd,2,R,2025-04-11,231655.51,7,N,18,196318.23,35337.28,0.00,0.00,0.00,042025,Y,,VEN046-0002
2B-000131,33YKXAB5987J5ZJ,Jupiter Industries Pvt Ltd,INV-0003,R,2025-04-24,442773.04,7,N,18,375231.39,67541.65,0.00,0.00,0.00,042025,Y,,VEN046-0003
2B-000132,33YKXAB5987J5ZJ,Jupiter Industries Pvt Ltd,VEN046-0004,R,2025-04-29,33222.59,7,N,5,31640.56,1582.03,0.00,0.00,0.00,042025,Y,,VEN046-0004
2B-000133,07CAANY0360A5Z4,Falcon Industries Private Limited,5,R,2025-05-13,143697.04,7,N,12,128301.22,0.00,7697.74,7698.08,0.00,052025,Y,,VEN018-0005
2B-000134,07CAANY0360A5Z4,Falcon Industries Private Limited,INV-0006,R,2025-05-13,6827.59,7,N,18,5786.10,0.00,520.74,520.75,0.00,052025,Y,,VEN018-0006
2B-000135,07CAANY0360A5Z4,Falcon Industries Private Limited,VEN018-0007,R,2025-05-14,48297.76,7,N,12,43123.00,0.00,2587.38,2587.38,0.00,052025,Y,,VEN018-0007
2B-000136,07CAANY0360A5Z4,Falcon Industries Private Limited,VEN/018/0008,R,2025-05-16,14381.36,7,N,18,12187.59,0.00,1096.88,1096.89,0.00,052025,Y,,VEN018-0008
2B-000137,07CAANY0360A5Z4,Falcon Industries Private Limited,VEN018-0009,R,2025-05-28,20289.60,7,N,18,17194.58,0.00,1547.51,1547.51,0.00,052025,Y,,VEN018-0009
2B-000138,07DAFGU3070W4Z4,Titan Solutions & Co,6,R,2025-05-02,14380.84,7,N,0,14380.84,0.00,0.00,0.00,0.00,052025,Y,,VEN045-0006
2B-000139,07DAFGU3070W4Z4,Titan Solutions & Co,VEN045-0007,R,2025-05-07,20796.76,7,N,18,17624.37,0.00,1586.19,1586.20,0.00,052025,Y,,VEN045-0007
2B-000140,07DAFGU3070W4Z4,Titan Solutions & Co,INV-0008,R,2025-05-09,32900.65,7,N,28,25703.63,0.00,3598.51,3598.51,0.00,052025,Y,,VEN045-0008
2B-000141,07DAFGU3070W4Z4,Titan Solutions & Co,INV-0009,R,2025-05-11,41979.85,7,N,18,35576.14,0.00,3201.86,3201.85,0.00,052025,Y,,VEN045-0009
2B-000142,07DAFGU3070W4Z4,Titan Solutions & Co,VEN045-0010,R,2025-05-15,457279.18,7,N,28,357249.36,0.00,50014.91,50014.91,0.00,052025,Y,,VEN045-0010
2B-000143,07DAFGU3070W4Z4,Titan Solutions & Co,11,R,2025-05-20,47467.91,7,N,28,37084.60,0.00,5191.47,5191.84,0.00,052025,Y,,VEN045-0011
2B-000144,07DAFGU3070W4Z4,Titan Solutions & Co,VEN045-0012,R,2025-05-20,5179.73,7,N,18,4389.60,0.00,395.06,395.07,0.00,052025,Y,,VEN045-0012
2B-000145,07FNTBF7791F4Z1,Zenith Components & Co,INV-0004,R,2025-05-01,3840.99,7,N,5,3658.09,0.00,91.45,91.45,0.00,052025,Y,,VEN031-0004
2B-000146,07FNTBF7791F4Z1,Zenith Components & Co,VEN031-0005,R,2025-05-05,5166.67,7,N,18,4378.53,0.00,394.07,394.07,0.00,052025,Y,,VEN031-0005
2B-000147,07FNTBF7791F4Z1,Zenith Components & Co,VEN031-0006,R,2025-05-26,49781.37,7,N,18,42187.60,0.00,3796.89,3796.88,0.00,052025,Y,,VEN031-0006
2B-000148,07HKNYR0876L1ZQ,Meridian Tech Pvt Ltd,VEN024-0007,R,2025-05-01,39819.65,7,N,18,33745.47,0.00,3037.09,3037.09,0.00,052025,Y,,VEN024-0007
2B-000149,07HKNYR0876L1ZQ,Meridian Tech Pvt Ltd,VEN/024/0008,R,2025-05-02,31501.72,7,N,18,26696.37,0.00,2402.68,2402.67,0.00,052025,Y,,VEN024-0008
2B-000150,07HKNYR0876L1ZQ,Meridian Tech Pvt Ltd,VEN024-0009,R,2025-05-27,10092.91,7,N,18,8553.31,0.00,769.80,769.80,0.00,052025,Y,,VEN024-0009
2B-000151,07HKNYR0876L1ZQ,Meridian Tech Pvt Ltd,VEN/024/0010,R,2025-05-28,3492.32,7,N,18,2959.59,0.00,266.37,266.36,0.00,052025,Y,,VEN024-0010
2B-000152,07HPTKV5985K1ZO,Apex Solutions LLP,VEN044-0003,R,2025-05-02,78934.32,7,N,18,66893.49,0.00,6020.41,6020.42,0.00,052025,Y,,VEN044-0003
2B-000153,07HPTKV5985K1ZO,Apex Solutions LLP,VEN044-0004,R,2025-05-02,15082.30,7,N,18,12781.61,0.00,1150.35,1150.34,0.00,052025,Y,,VEN044-0004
2B-000154,07HPTKV5985K1ZO,Apex Solutions LLP,INV-0005,R,2025-05-10,177203.92,7,N,18,150172.81,0.00,13515.56,13515.55,0.00,052025,Y,,VEN044-0005
2B-000155,07HPTKV5985K1ZO,Apex Solutions LLP,VEN044-0006,R,2025-05-20,9648.82,7,N,5,9189.35,0.00,229.74,229.73,0.00,052025,Y,,VEN044-0006
2B-000156,07HZLZU4203C4ZO,Lotus Solutions LLP,VEN050-0005,R,2025-05-14,169962.12,7,N,12,151751.89,0.00,9105.11,9105.12,0.00,052025,Y,,VEN050-0005
2B-000157,07HZLZU4203C4ZO,Lotus Solutions LLP,VEN050-0006,R,2025-05-14,42786.29,7,N,18,36259.57,0.00,3263.36,3263.36,0.00,052025,Y,,VEN050-0006
2B-000158,07HZLZU4203C4ZO,Lotus Solutions LLP,VEN050-0007,R,2025-05-19,199839.51,7,N,18,169355.52,0.00,15242.00,15241.99,0.00,052025,Y,,VEN050-0007
2B-000159,07HZLZU4203C4ZO,Lotus Solutions LLP,VEN/050/0008,R,2025-05-25,14973.43,7,N,18,12689.35,0.00,1142.04,1142.04,0.00,052025,Y,,VEN050-0008
2B-000160,07ICOCO6437E3ZT,Evergreen Foods & Co,VEN004-0003,R,2025-05-10,20093.82,7,N,5,19136.97,0.00,478.43,478.42,0.00,052025,Y,,VEN004-0003
2B-000161,07ICOCO6437E3ZT,Evergreen Foods & Co,4,R,2025-05-22,70297.98,7,N,18,59574.56,0.00,5361.71,5361.71,0.00,052025,Y,,VEN004-0004
2B-000162,07ICOCO6437E3ZT,Evergreen Foods & Co,VEN004-0005,R,2025-05-29,57553.50,7,N,18,48774.15,0.00,4389.68,4389.67,0.00,052025,Y,,VEN004-0005
2B-000163,07IJPOK5732M2ZG,Bharat Foods Pvt Ltd,VEN029-0001,R,2025-04-09,266937.44,7,N,18,226218.17,0.00,20359.63,20359.64,0.00,052025,Y,,VEN029-0001
2B-000164,07IJPOK5732M2ZG,Bharat Foods Pvt Ltd,VEN029-0002,R,2025-04-14,2972.05,7,N,5,2830.52,0.00,70.77,70.76,0.00,052025,Y,,VEN029-0002
2B-000165,07IJPOK5732M2ZG,Bharat Foods Pvt Ltd,VEN029-0003,R,2025-04-26,12807.07,7,N,18,10853.45,0.00,976.81,976.81,0.00,052025,Y,,VEN029-0003
2B-000166,07IKVBH9820B5ZH,Pinnacle Consulting Ltd,VEN/013/0007,R,2025-05-18,11217.49,7,N,0,11217.49,0.00,0.00,0.00,0.00,052025,Y,,VEN013-0007
2B-000167,07IKVBH9820B5ZH,Pinnacle Consulting Ltd,8,R,2025-05-21,50800.33,7,N,18,43051.13,0.00,3874.60,3874.60,0.00,052025,Y,,VEN013-0008
2B-000168,07IKVBH9820B5ZH,Pinnacle Consulting Ltd,VEN013-0009,R,2025-05-26,66254.88,7,N,12,59156.14,0.00,3549.37,3549.37,0.00,052025,Y,,VEN013-0009
2B-000169,07IKVBH9820B5ZH,Pinnacle Consulting Ltd,10,R,2025-05-27,243808.89,7,N,18,206617.70,0.00,18595.60,18595.59,0.00,052025,Y,,VEN013-0010
2B-000170,07IKVBH9820B5ZH,Pinnacle Consulting Ltd,VEN/013/0011,R,2025-05-27,57677.17,7,N,18,48878.96,0.00,4399.10,4399.11,0.00,052025,Y,,VEN013-0011
2B-000171,07JEJSC5168Z9ZT,Global Motors Pvt Ltd,VEN/030/0006,R,2025-05-13,51040.95,7,N,18,43255.04,0.00,3892.95,3892.96,0.00,052025,Y,,VEN030-0006
2B-000172,07JEJSC5168Z9ZT,Global Motors Pvt Ltd,VEN030-0007,R,2025-05-24,38618.06,7,N,18,32727.17,0.00,2945.45,2945.44,0.00,052025,Y,,VEN030-0007
2B-000173,07LMLPC0398Y5ZM,Jupiter Solutions & Co,VEN/040/0004,R,2025-05-11,70209.52,7,N,18,59499.59,0.00,5354.97,5354.96,0.00,052025,Y,,VEN040-0004
2B-000174,07LMLPC0398Y5ZM,Jupiter Solutions & Co,VEN040-0005,R,2025-05-17,677491.29,7,N,18,574145.16,0.00,51673.07,51673.06,0.00,052025,Y,,VEN040-0005
2B-000175,07QIKWC6704V1ZS,Unity Infra Pvt Ltd,VEN009-0005,R,2025-05-05,893034.20,7,N,18,756808.64,0.00,68112.78,68112.78,0.00,052025,Y,,VEN009-0005
2B-000176,07QIKWC6704V1ZS,Unity Infra Pvt Ltd,6,R,2025-05-15,335263.75,7,N,18,284121.82,0.00,25570.97,25570.96,0.00,052025,Y,,VEN009-0006
2B-000177,07QIKWC6704V1ZS,Unity Infra Pvt Ltd,VEN009-0007,R,2025-05-15,21352.96,7,N,5,20336.15,0.00,508.40,508.41,0.00,052025,Y,,VEN009-0007
2B-000178,07QIKWC6704V1ZS,Unity Infra Pvt Ltd,VEN009-0008,R,2025-05-28,232014.93,7,N,18,196622.82,0.00,17696.06,17696.05,0.00,052025,Y,,VEN009-0008
2B-000179,07YMNMM4218B7ZL,Titan Retail LLP,VEN/043/0004,R,2025-05-02,44805.00,7,N,18,37970.34,0.00,3417.33,3417.33,0.00,052025,Y,,VEN043-0004
2B-000180,07YMNMM4218B7ZL,Titan Retail LLP,VEN043-0005,R,2025-05-06,142539.48,7,N,28,111358.97,0.00,15590.25,15590.26,0.00,052025,Y,,VEN043-0005
2B-000181,07YMNMM4218B7ZL,Titan Retail LLP,VEN043-0006,R,2025-05-24,5515.96,7,N,18,4674.54,0.00,420.71,420.71,0.00,052025,Y,,VEN043-0006
2B-000182,07ZZKDV5987F1ZJ,Quantum Retail Private Limited,VEN023-0004,R,2025-05-07,22984.12,7,N,0,22984.12,0.00,0.00,0.00,0.00,052025,Y,,VEN023-0004
2B-000183,07ZZKDV5987F1ZJ,Quantum Retail Private Limited,VEN023-0005,R,2025-05-07,54852.87,7,N,18,46485.66,0.00,4183.50,4183.71,0.00,052025,Y,,VEN023-0005
2B-000184,07ZZKDV5987F1ZJ,Quantum Retail Private Limited,VEN023-0006,R,2025-05-08,180612.16,7,N,28,141103.25,0.00,19754.46,19754.45,0.00,052025,Y,,VEN023-0006
2B-000185,07ZZKDV5987F1ZJ,Quantum Retail Private Limited,VEN023-0007,R,2025-05-14,27976.88,7,N,28,21856.94,6119.94,0.00,0.00,0.00,052025,Y,,VEN023-0007
2B-000186,07ZZKDV5987F1ZJ,Quantum Retail Private Limited,VEN023-0008,R,2025-05-23,15235.33,7,N,18,12911.30,2324.03,0.00,0.00,0.00,052025,Y,,VEN023-0008
2B-000187,07ZZKDV5987F1ZJ,Quantum Retail Private Limited,VEN023-0009,R,2025-05-24,86969.34,7,N,18,73702.83,0.00,6633.26,6633.25,0.00,052025,Y,,VEN023-0009
2B-000188,07ZZKDV5987F1ZJ,Quantum Retail Private Limited,VEN/023/0010,R,2025-05-29,186299.97,7,N,18,157881.33,0.00,14209.32,14209.32,0.00,052025,Y,,VEN023-0010
2B-000189,07ZZKDV5987F1ZJ,Quantum Retail Private Limited,VEN023-0011,R,2025-05-30,187363.88,7,N,18,158782.95,0.00,14290.47,14290.46,0.00,052025,Y,,VEN023-0011
2B-000190,08DWHYC6866Y6ZK,Evergreen Infra Private Limited,VEN042-0001,R,2025-04-05,20314.31,7,N,12,18137.78,2176.53,0.00,0.00,0.00,052025,Y,,VEN042-0001
2B-000191,08DWHYC6866Y6ZK,Evergreen Infra Private Limited,VEN/042/0002,R,2025-04-08,3893.07,7,N,5,3707.69,185.38,0.00,0.00,0.00,052025,Y,,VEN042-0002
2B-000192,08DWHYC6866Y6ZK,Evergreen Infra Private Limited,VEN042-0003,R,2025-04-16,6349.96,7,N,28,4960.91,1389.05,0.00,0.00,0.00,052025,Y,,VEN042-0003
2B-000193,08DWHYC6866Y6ZK,Evergreen Infra Private Limited,VEN042-0004,R,2025-04-24,4328.10,7,N,18,3667.88,660.22,0.00,0.00,0.00,052025,Y,,VEN042-0004
2B-000194,08DWHYC6866Y6ZK,Evergreen Infra Private Limited,VEN042-0005,R,2025-04-25,102247.77,7,N,18,86650.65,15597.12,0.00,0.00,0.00,052025,Y,,VEN042-0005
2B-000195,08JRQQT0128B3ZH,Unity Media Pvt Ltd,VEN/047/0001,R,2025-04-17,45455.29,7,N,12,40585.08,4870.21,0.00,0.00,0.00,052025,Y,,VEN047-0001
2B-000196,08MQFEU2813L7ZM,Crest Media Pvt Ltd,INV-0007,R,2025-05-09,511941.45,7,N,28,399954.06,111987.39,0.00,0.00,0.00,052025,Y,,VEN003-0007
2B-000197,08MQFEU2813L7ZM,Crest Media Pvt Ltd,VEN003-0008,R,2025-05-13,30725.28,7,N,5,29262.17,1463.11,0.00,0.00,0.00,052025,Y,,VEN003-0008
2B-000198,09CQXKG3580H8ZB,Falcon Tech LLP,VEN035-0002,R,2025-05-05,28355.57,7,N,18,24030.14,4325.43,0.00,0.00,0.00,052025,Y,,VEN035-0002
2B-000199,09CQXKG3580H8ZB,Falcon Tech LLP,VEN035-0003,R,2025-05-12,68782.76,7,N,5,65507.39,3275.37,0.00,0.00,0.00,052025,Y,,VEN035-0003
2B-000200,09CQXKG3580H8ZB,Falcon Tech LLP,VEN035-0004,R,2025-05-21,109741.45,7,N,18,93001.23,16740.22,0.00,0.00,0.00,052025,Y,,VEN035-0004
2B-000201,09CQXKG3580H8ZB,Falcon Tech LLP,VEN035-0005,R,2025-05-27,148892.27,7,N,18,126179.89,22712.38,0.00,0.00,0.00,052025,Y,,VEN035-0005
2B-000202,09IJVGB8145C3ZB,Shree Infra Ltd,VEN019-0001,R,2025-04-09,19253.59,7,N,18,16316.60,2936.99,0.00,0.00,0.00,052025,Y,,VEN019-0001
2B-000203,09IJVGB8145C3ZB,Shree Infra Ltd,VEN019-0002,R,2025-04-18,44505.87,7,N,18,37716.84,6789.03,0.00,0.00,0.00,052025,Y,,VEN019-0002
2B-000204,09IJVGB8145C3ZB,Shree Infra Ltd,VEN019-0003,R,2025-04-20,261031.81,7,N,18,221213.40,39818.41,0.00,0.00,0.00,052025,Y,,VEN019-0003
2B-000205,09IJVGB8145C3ZB,Shree Infra Ltd,INV-0004,R,2025-04-28,1575000.00,7,N,5,1500000.00,75000.00,0.00,0.00,0.00,052025,Y,,VEN019-0004
2B-000206,09KITFJ6794N1ZB,Unity Systems LLP,INV-0005,R,2025-05-16,8958.86,7,N,18,7592.25,1366.61,0.00,0.00,0.00,052025,Y,,VEN008-0005
2B-000207,09KITFJ6794N1ZB,Unity Systems LLP,VEN/008/0006,R,2025-05-23,139947.26,7,N,18,118599.37,21347.89,0.00,0.00,0.00,052025,Y,,VEN008-0006
2B-000208,09KITFJ6794N1ZB,Unity Systems LLP,VEN/008/0007,R,2025-05-26,53343.65,7,N,18,45206.48,8137.17,0.00,0.00,0.00,052025,Y,,VEN008-0007
2B-000209,09RATVE0496Z7ZC,Trident Logistics & Co,VEN038-0006,R,2025-05-20,32721.29,7,N,18,27729.81,4991.48,0.00,0.00,0.00,052025,Y,,VEN038-0006
2B-000210,09RATVE0496Z7ZC,Trident Logistics & Co,VEN038-0007,R,2025-05-22,8329.97,7,N,5,7933.30,396.67,0.00,0.00,0.00,052025,Y,,VEN038-0007
2B-000211,09RATVE0496Z7ZC,Trident Logistics & Co,VEN038-0008,R,2025-05-22,218968.97,7,N,18,185566.92,33402.05,0.00,0.00,0.00,052025,Y,,VEN038-0008
2B-000212,09RATVE0496Z7ZC,Trident Logistics & Co,VEN038-0009,R,2025-05-24,633104.97,7,N,28,494613.26,138491.71,0.00,0.00,0.00,052025,Y,,VEN038-0009
2B-000213,09RATVE0496Z7ZC,Trident Logistics & Co,VEN/038/0010,R,2025-05-31,103282.59,7,N,18,87527.62,15754.97,0.00,0.00,0.00,052025,Y,,VEN038-0010
2B-000214,19BPIWU1426U8ZA,Sigma Electronics Pvt Ltd,VEN048-0001,R,2025-04-09,24227.07,7,N,28,18927.40,5299.67,0.00,0.00,0.00,052025,Y,,VEN048-0001
2B-000215,19BPIWU1426U8ZA,Sigma Electronics Pvt Ltd,VEN048-0002,R,2025-04-23,320512.01,7,N,28,250400.01,70112.00,0.00,0.00,0.00,052025,Y,,VEN048-0002
2B-000216,19BPIWU1426U8ZA,Sigma Electronics Pvt Ltd,VEN048-0003,R,2025-04-30,18523.39,7,N,5,17641.32,882.07,0.00,0.00,0.00,052025,Y,,VEN048-0003
2B-000217,19OHMLN7771Z5ZC,Meridian Traders & Co,VEN015-0005,R,2025-05-02,36896.88,7,N,5,35139.89,1756.99,0.00,0.00,0.00,052025,Y,,VEN015-0005
2B-000218,19OHMLN7771Z5ZC,Meridian Traders & Co,VEN015-0006,R,2025-05-05,51094.62,7,N,12,45620.20,5474.42,0.00,0.00,0.00,052025,Y,,VEN015-0006
2B-000219,19OHMLN7771Z5ZC,Meridian Traders & Co,7,R,2025-05-17,41530.63,7,N,5,39552.98,1977.65,0.00,0.00,0.00,052025,Y,,VEN015-0007
2B-000220,19OHMLN7771Z5ZC,Meridian Traders & Co,VEN/015/0008,R,2025-05-22,16316.53,7,N,18,13827.57,2488.96,0.00,0.00,0.00,052025,Y,,VEN015-0008
2B-000221,19OHMLN7771Z5ZC,Meridian Traders & Co,INV-0009,R,2025-05-25,26733.78,7,N,18,22655.75,4078.03,0.00,0.00,0.00,052025,Y,,VEN015-0009
2B-000222,19UMKHA3185K5ZL,Vertex Logistics LLP,VEN/032/0010,R,2025-05-08,16748.81,7,N,18,14193.91,2554.90,0.00,0.00,0.00,052025,Y,,VEN032-0010
2B-000223,19UMKHA3185K5ZL,Vertex Logistics LLP,VEN032-0011,R,2025-05-26,43333.59,7,N,28,33854.37,9479.22,0.00,0.00,0.00,052025,Y,,VEN032-0011
2B-000224,19YDFPE7285G2ZN,Meridian Industries LLP,VEN011-0004,R,2025-05-07,254850.44,7,N,28,199101.91,55748.53,0.00,0.00,0.00,052025,Y,,VEN011-0004
2B-000225,19YDFPE7285G2ZN,Meridian Industries LLP,5,R,2025-05-13,154465.04,7,N,28,120675.81,33789.23,0.00,0.00,0.00,052025,Y,,VEN011-0005
2B-000226,19YDFPE7285G2ZN,Meridian Industries LLP,INV-0007,R,2025-05-14,20890.75,7,N,5,19895.95,994.80,0.00,0.00,0.00,052025,Y,,VEN011-0007
2B-000227,19YDFPE7285G2ZN,Meridian Industries LLP,VEN011-0006,R,2025-05-14,23757.01,7,N,5,22625.72,1131.29,0.00,0.00,0.00,052025,Y,,VEN011-0006
2B-000228,19YDFPE7285G2ZN,Meridian Industries LLP,VEN011-0039,R,2025-05-14,194815.16,7,N,28,152199.34,42615.82,0.00,0.00,0.00,052025,Y,,
2B-000229,19YDFPE7285G2ZN,Meridian Industries LLP,VEN011-0008,R,2025-05-26,65903.00,7,N,18,55850.00,10053.00,0.00,0.00,0.00,052025,Y,,VEN011-0008
2B-000230,19YDFPE7285G2ZN,Meridian Industries LLP,VEN011-0009,R,2025-05-27,268789.86,7,N,18,227788.02,41001.84,0.00,0.00,0.00,052025,Y,,VEN011-0009
2B-000231,19YDFPE7285G2ZN,Meridian Industries LLP,VEN011-0010,R,2025-05-31,170254.61,7,N,18,144283.57,25971.04,0.00,0.00,0.00,052025,Y,,VEN011-0010
2B-000232,24BSPXQ4264B5Z4,Crest Foods & Co,VEN033-0001,R,2025-04-17,223724.02,7,N,18,189596.63,34127.39,0.00,0.00,0.00,052025,Y,,VEN033-0001
2B-000233,24BSPXQ4264B5Z4,Crest Foods & Co,VEN033-0002,R,2025-04-19,23665.08,7,N,18,20055.15,3609.93,0.00,0.00,0.00,052025,Y,,VEN033-0002
2B-000234,24BSPXQ4264B5Z4,Crest Foods & Co,VEN033-0003,R,2025-04-23,90169.47,7,N,28,70444.90,19724.57,0.00,0.00,0.00,052025,Y,,VEN033-0003
2B-000235,24BSPXQ4264B5Z4,Crest Foods & Co,4,R,2025-04-24,62522.16,7,N,12,55823.36,6698.80,0.00,0.00,0.00,052025,Y,,VEN033-0004
2B-000236,24BSPXQ4264B5Z4,Crest Foods & Co,VEN/033/0005,R,2025-04-26,1223561.06,7,N,18,1036916.15,186644.91,0.00,0.00,0.00,052025,Y,,VEN033-0005
2B-000237,24DKZXM3530X5ZC,Royal Tech Ltd,VEN/036/0004,R,2025-05-08,137220.95,7,N,18,116288.94,20932.01,0.00,0.00,0.00,052025,Y,,VEN036-0004
2B-000238,24DKZXM3530X5ZC,Royal Tech Ltd,VEN036-0005,R,2025-05-20,34993.99,7,N,18,29655.92,5338.07,0.00,0.00,0.00,052025,Y,,VEN036-0005
2B-000239,24DKZXM3530X5ZC,Royal Tech Ltd,VEN036-0006,R,2025-05-27,233271.01,7,N,28,182242.98,51028.03,0.00,0.00,0.00,052025,Y,,VEN036-0006
2B-000240,24DKZXM3530X5ZC,Royal Tech Ltd,7,R,2025-05-30,25376.94,7,N,0,25376.94,0.00,0.00,0.00,0.00,052025,Y,,VEN036-0007
2B-000241,24DKZXM3530X5ZC,Royal Tech Ltd,VEN036-0008,R,2025-05-30,61473.73,7,N,28,48026.35,13447.38,0.00,0.00,0.00,052025,Y,,VEN036-0008
2B-000242,24NTKDR1082K6ZL,Horizon Motors & Co,3,R,2025-05-23,192416.75,7,N,18,163065.04,29351.71,0.00,0.00,0.00,052025,Y,,VEN014-0003
2B-000243,24NTKDR1082K6ZL,Horizon Motors & Co,VEN014-0004,R,2025-05-27,59654.04,7,N,28,46604.72,13049.32,0.00,0.00,0.00,052025,Y,,VEN014-0004
2B-000244,24SALVT7843V8ZE,Global Consulting Pvt Ltd,VEN001-0004,R,2025-05-28,21149.26,7,N,18,17923.10,3226.16,0.00,0.00,0.00,052025,Y,,VEN001-0004
2B-000245,27ADDXB1263F7ZI,Sigma Electronics Ltd,1,R,2025-04-22,6648.39,7,N,18,5634.23,1014.16,0.00,0.00,0.00,052025,Y,,VEN025-0001
2B-000246,27ADDXB1263F7ZI,Sigma Electronics Ltd,VEN025-0037,R,2025-05-06,8334.23,7,N,18,7062.91,1271.32,0.00,0.00,0.00,052025,Y,,
2B-000247,27DVWPC2404K6Z7,Indus Enterprises LLP,VEN021-0002,R,2025-05-02,17725.77,7,N,18,15021.84,2703.93,0.00,0.00,0.00,052025,Y,,VEN021-0002
2B-000248,27DVWPC2404K6Z7,Indus Enterprises LLP,VEN021-0003,R,2025-05-12,13983.26,7,N,5,13317.39,665.87,0.00,0.00,0.00,052025,Y,,VEN021-0003
2B-000249,27DVWPC2404K6Z7,Indus Enterprises LLP,VEN021-0004,R,2025-05-23,61016.63,7,N,28,47669.24,13347.39,0.00,0.00,0.00,052025,Y,,VEN021-0004
2B-000250,27IHKYA4322G9ZS,Orion Consulting & Co,VEN034-0001,R,2025-05-01,44744.80,7,N,18,37919.32,6825.48,0.00,0.00,0.00,052025,Y,,VEN034-0001
2B-000251,27IHKYA4322G9ZS,Orion Consulting & Co,INV-0002,R,2025-05-06,22987.45,7,N,5,21892.81,1094.64,0.00,0.00,0.00,052025,Y,,VEN034-0002
2B-000252,27IHKYA4322G9ZS,Orion Consulting & Co,VEN034-0003,R,2025-05-12,28415.73,7,N,0,28415.73,0.00,0.00,0.00,0.00,052025,Y,,VEN034-0003
2B-000253,27IHKYA4322G9ZS,Orion Consulting & Co,VEN034-0004,R,2025-05-13,4442.22,7,N,18,3764.59,677.63,0.00,0.00,0.00,052025,Y,,VEN034-0004
2B-000254,27METYM9562Z9ZM,Bharat Enterprises LLP,VEN005-0003,R,2025-05-01,49164.63,7,N,18,41664.94,7499.69,0.00,0.00,0.00,052025,Y,,VEN005-0003
2B-000255,27METYM9562Z9ZM,Bharat Enterprises LLP,VEN005-0004,R,2025-05-27,219677.93,7,N,28,171623.38,48054.55,0.00,0.00,0.00,052025,Y,,VEN005-0004
2B-000256,27MZBLF3946W2ZF,Titan Industries Ltd,INV-0005,R,2025-05-06,11827.10,7,N,18,10022.97,1804.13,0.00,0.00,0.00,052025,Y,,VEN017-0005
2B-000257,27MZBLF3946W2ZF,Titan Industries Ltd,VEN017-0006,R,2025-05-12,5072.69,7,N,18,4298.89,773.80,0.00,0.00,0.00,052025,Y,,VEN017-0006
2B-000258,27MZBLF3946W2ZF,Titan Industries Ltd,VEN017-0007,R,2025-05-22,32969.06,7,N,0,32969.06,0.00,0.00,0.00,0.00,052025,Y,,VEN017-0007
2B-000259,27SMUZG8775G5Z4,Falcon Traders Ltd,VEN012-0002,R,2025-05-07,108614.61,7,N,18,92046.28,16568.33,0.00,0.00,0.00,052025,Y,,VEN012-0002
2B-000260,27SMUZG8775G5Z4,Falcon Traders Ltd,VEN012-0003,R,2025-05-09,143935.94,7,N,28,112449.95,31485.99,0.00,0.00,0.00,052025,Y,,VEN012-0003
2B-000261,27SMUZG8775G5Z4,Falcon Traders Ltd,INV-0004,R,2025-05-12,62153.94,7,N,28,48557.77,13596.17,0.00,0.00,0.00,052025,Y,,VEN012-0004
2B-000262,27SMUZG8775G5Z4,Falcon Traders Ltd,VEN012-0048,R,2025-05-13,113557.58,7,N,28,88716.86,24840.72,0.00,0.00,0.00,052025,Y,,
2B-000263,27SMUZG8775G5Z4,Falcon Traders Ltd,VEN012-0005,R,2025-05-15,127549.47,7,N,18,108092.77,19456.70,0.00,0.00,0.00,052025,Y,,VEN012-0005
2B-000264,27SMUZG8775G5Z4,Falcon Traders Ltd,VEN012-0006,R,2025-05-22,37469.99,7,N,18,31754.23,5715.76,0.00,0.00,0.00,052025,Y,,VEN012-0006
2B-000265,27SMUZG8775G5Z4,Falcon Traders Ltd,VEN012-0007,R,2025-05-23,62068.25,7,N,18,52600.21,9468.04,0.00,0.00,0.00,052025,Y,,VEN012-0007
2B-000266,27SMUZG8775G5Z4,Falcon Traders Ltd,VEN012-0008,R,2025-05-25,39932.77,7,N,18,33841.33,6091.44,0.00,0.00,0.00,052025,Y,,VEN012-0008
2B-000267,27SMUZG8775G5Z4,Falcon Traders Ltd,VEN012-0009,R,2025-05-31,27506.39,7,N,28,21489.37,6017.02,0.00,0.00,0.00,052025,Y,,VEN012-0009
2B-000268,27ZEKBL5846Z1Z7,Jupiter Components Pvt Ltd,VEN/002/0008,R,2025-05-05,20317.67,7,N,28,15873.18,4444.49,0.00,0.00,0.00,052025,Y,,VEN002-0008
2B-000269,29TABAS6604Y1ZX,Sigma Traders Ltd,VEN016-0010,R,2025-05-08,80598.69,7,N,28,62967.73,17630.96,0.00,0.00,0.00,052025,Y,,VEN016-0010
2B-000270,29TABAS6604Y1ZX,Sigma Traders Ltd,VEN016-0011,R,2025-05-15,138381.17,7,N,18,117272.18,21108.99,0.00,0.00,0.00,052025,Y,,VEN016-0011
2B-000271,29TABAS6604Y1ZX,Sigma Traders Ltd,VEN016-0012,R,2025-05-19,73466.54,7,N,18,62259.78,11206.76,0.00,0.00,0.00,052025,Y,,VEN016-0012
2B-000272,29TABAS6604Y1ZX,Sigma Traders Ltd,VEN016-0013,R,2025-05-20,20829.15,7,N,18,17651.82,3177.33,0.00,0.00,0.00,052025,Y,,VEN016-0013
2B-000273,29TABAS6604Y1ZX,Sigma Traders Ltd,VEN016-0014,R,2025-05-31,6946.55,7,N,5,6615.76,330.79,0.00,0.00,0.00,052025,Y,,VEN016-0014
2B-000274,29ULWSZ7970U2Z8,Falcon Components LLP,VEN028-0059,R,2025-05-04,14418.35,7,N,5,13731.76,686.59,0.00,0.00,0.00,052025,Y,,
2B-000275,29ULWSZ7970U2Z8,Falcon Components LLP,VEN028-0006,R,2025-05-13,95117.63,7,N,18,80608.16,14509.47,0.00,0.00,0.00,052025,Y,,VEN028-0006
2B-000276,29ULWSZ7970U2Z8,Falcon Components LLP,VEN028-0007,R,2025-05-26,47550.77,7,N,18,40297.26,7253.51,0.00,0.00,0.00,052025,Y,,VEN028-0007
2B-000277,29ULWSZ7970U2Z8,Falcon Components LLP,VEN028-0008,R,2025-05-27,12573.88,7,N,28,9823.34,2750.54,0.00,0.00,0.00,052025,Y,,VEN028-0008
2B-000278,29VYHLW6909G1ZE,Unity Media LLP,2,R,2025-05-07,58560.57,7,N,5,55771.97,2788.60,0.00,0.00,0.00,052025,Y,,VEN007-0002
2B-000279,29VYHLW6909G1ZE,Unity Media LLP,VEN007-0003,R,2025-05-15,26002.59,7,N,5,24764.37,1238.22,0.00,0.00,0.00,052025,Y,,VEN007-0003
2B-000280,29VYHLW6909G1ZE,Unity Media LLP,VEN/007/0005,R,2025-05-22,17737.80,7,N,28,13857.66,3880.14,0.00,0.00,0.00,052025,Y,,VEN007-0005
2B-000281,29VYHLW6909G1ZE,Unity Media LLP,VEN007-0004,R,2025-05-22,6071.65,7,N,5,5782.52,289.13,0.00,0.00,0.00,052025,Y,,VEN007-0004
2B-000282,29VYHLW6909G1ZE,Unity Media LLP,INV-0006,R,2025-05-23,165421.16,7,N,18,140187.42,25233.74,0.00,0.00,0.00,052025,Y,,VEN007-0006
2B-000283,29VYHLW6909G1ZE,Unity Media LLP,VEN007-0007,R,2025-05-23,232305.09,7,N,28,181488.35,50816.74,0.00,0.00,0.00,052025,Y,,VEN007-0007
2B-000284,33DMSQD6561G9ZL,Lotus Industries Pvt Ltd,VEN026-0004,R,2025-05-15,32990.11,7,N,18,27957.72,5032.39,0.00,0.00,0.00,052025,Y,,VEN026-0004
2B-000285,33DMSQD6561G9ZL,Lotus Industries Pvt Ltd,VEN026-0005,R,2025-05-20,200951.83,7,N,18,170298.16,30653.67,0.00,0.00,0.00,052025,Y,,VEN026-0005
2B-000286,33DMSQD6561G9ZL,Lotus Industries Pvt Ltd,VEN026-0006,R,2025-05-26,244564.36,7,N,18,207257.93,37306.43,0.00,0.00,0.00,052025,Y,,VEN026-0006
2B-000287,33DMSQD6561G9ZL,Lotus Industries Pvt Ltd,VEN026-0007,R,2025-05-27,424818.64,7,N,18,360015.80,64802.84,0.00,0.00,0.00,052025,Y,,VEN026-0007
2B-000288,33PESEP5781B3ZF,Prime Systems Pvt Ltd,VEN020-0001,R,2025-04-01,120746.36,7,N,18,102327.42,18418.94,0.00,0.00,0.00,052025,Y,,VEN020-0001
2B-000289,33PESEP5781B3ZF,Prime Systems Pvt Ltd,VEN020-0002,R,2025-04-06,11817.63,7,N,5,11254.89,562.74,0.00,0.00,0.00,052025,Y,,VEN020-0002
2B-000290,33PESEP5781B3ZF,Prime Systems Pvt Ltd,VEN020-0003,R,2025-04-12,126773.06,7,N,12,113190.23,13582.83,0.00,0.00,0.00,052025,Y,,VEN020-0003
2B-000291,33PESEP5781B3ZF,Prime Systems Pvt Ltd,VEN020-0004,R,2025-04-12,330913.15,7,N,18,280434.87,50478.28,0.00,0.00,0.00,052025,Y,,VEN020-0004
2B-000292,33PESEP5781B3ZF,Prime Systems Pvt Ltd,VEN/020/0005,R,2025-04-14,166531.44,7,N,18,141128.34,25403.10,0.00,0.00,0.00,052025,Y,,VEN020-0005
2B-000293,33PESEP5781B3ZF,Prime Systems Pvt Ltd,VEN020-0006,R,2025-04-28,22156.19,7,N,5,21101.13,1055.06,0.00,0.00,0.00,052025,Y,,VEN020-0006
2B-000294,33PESEP5781B3ZF,Prime Systems Pvt Ltd,VEN020-0053,R,2025-05-03,187567.64,7,N,18,158955.63,28612.01,0.00,0.00,0.00,052025,Y,,
2B-000295,36NBJZD8287I7Z5,Vikram Components Ltd,VEN039-0001,R,2025-04-02,42484.81,7,N,18,36004.08,6480.73,0.00,0.00,0.00,052025,Y,,VEN039-0001
2B-000296,36NBJZD8287I7Z5,Vikram Components Ltd,2,R,2025-04-30,16990.28,7,N,5,16181.22,809.06,0.00,0.00,0.00,052025,Y,,VEN039-0002
2B-000297,07CAANY0360A5Z4,Falcon Industries Private Limited,VEN018-0010,R,2025-06-30,62807.55,7,N,28,49068.40,0.00,6869.57,6869.58,0.00,062025,Y,,VEN018-0010
2B-000298,07DAFGU3070W4Z4,Titan Solutions & Co,VEN045-0013,R,2025-06-05,53917.48,7,N,28,42123.03,0.00,5897.23,5897.22,0.00,062025,Y,,VEN045-0013
2B-000299,07DAFGU3070W4Z4,Titan Solutions & Co,VEN045-0014,R,2025-06-24,182711.46,7,N,18,154840.22,0.00,13935.62,13935.62,0.00,062025,Y,,VEN045-0014
2B-000300,07DAFGU3070W4Z4,Titan Solutions & Co,VEN045-0015,R,2025-06-28,5279.80,7,N,18,4474.41,0.00,402.69,402.70,0.00,062025,Y,,VEN045-0015
2B-000301,07DAFGU3070W4Z4,Titan Solutions & Co,VEN045-0016,R,2025-06-30,79138.59,7,N,18,67066.60,0.00,6035.99,6036.00,0.00,062025,Y,,VEN045-0016
2B-000302,07FNTBF7791F4Z1,Zenith Components & Co,7,R,2025-06-02,3951.81,7,N,18,3348.99,0.00,301.41,301.41,0.00,062025,Y,,VEN031-0007
2B-000303,07HKNYR0876L1ZQ,Meridian Tech Pvt Ltd,11,R,2025-06-17,42494.20,7,N,18,36012.03,0.00,3241.09,3241.08,0.00,062025,Y,,VEN024-0011
2B-000304,07HKNYR0876L1ZQ,Meridian Tech Pvt Ltd,VEN024-0012,R,2025-06-17,33704.06,7,N,18,28562.76,0.00,2570.65,2570.65,0.00,062025,Y,,VEN024-0012
2B-000305,07HKNYR0876L1ZQ,Meridian Tech Pvt Ltd,VEN024-0013,R,2025-06-18,11483.89,7,N,18,9732.11,0.00,875.89,875.89,0.00,062025,Y,,VEN024-0013
2B-000306,07HKNYR0876L1ZQ,Meridian Tech Pvt Ltd,VEN024-0014,R,2025-06-19,101825.95,7,N,28,79551.52,0.00,11137.22,11137.21,0.00,062025,Y,,VEN024-0014
2B-000307,07HKNYR0876L1ZQ,Meridian Tech Pvt Ltd,VEN024-0015,R,2025-06-21,32564.41,7,N,18,27596.96,0.00,2483.72,2483.73,0.00,062025,Y,,VEN024-0015
2B-000308,07HKNYR0876L1ZQ,Meridian Tech Pvt Ltd,VEN/024/0016,R,2025-06-27,46186.80,7,N,18,39141.36,0.00,3522.72,3522.72,0.00,062025,Y,,VEN024-0016
2B-000309,07HKNYR0876L1ZQ,Meridian Tech Pvt Ltd,VEN024-0017,R,2025-06-28,4074.69,7,N,0,4074.69,0.00,0.00,0.00,0.00,062025,Y,,VEN024-0017
2B-000310,07HPTKV5985K1ZO,Apex Solutions LLP,VEN/044/0007,R,2025-06-10,52765.35,7,N,18,44716.40,0.00,4024.47,4024.48,0.00,062025,Y,,VEN044-0007
2B-000311,07HPTKV5985K1ZO,Apex Solutions LLP,VEN044-0008,R,2025-06-16,104758.97,7,N,18,88778.79,0.00,7990.09,7990.09,0.00,062025,Y,,VEN044-0008
2B-000312,07HPTKV5985K1ZO,Apex Solutions LLP,VEN044-0009,R,2025-06-18,8127.96,7,N,18,6888.15,0.00,619.87,619.94,0.00,062025,Y,,VEN044-0009
2B-000313,07HPTKV5985K1ZO,Apex Solutions LLP,VEN044-0010,R,2025-06-27,26645.55,7,N,5,25376.71,0.00,634.42,634.42,0.00,062025,Y,,VEN044-0010
2B-000314,07HZLZU4203C4ZO,Lotus Solutions LLP,VEN050-0009,R,2025-06-09,155966.67,7,N,18,132175.14,0.00,11895.76,11895.77,0.00,062025,Y,,VEN050-0009
2B-000315,07HZLZU4203C4ZO,Lotus Solutions LLP,VEN050-0010,R,2025-06-12,25425.67,7,N,5,24214.92,0.00,605.38,605.37,0.00,062025,Y,,VEN050-0010
2B-000316,07HZLZU4203C4ZO,Lotus Solutions LLP,11,R,2025-06-13,43050.18,7,N,5,41000.17,0.00,1025.01,1025.00,0.00,062025,Y,,VEN050-0011
2B-000317,07HZLZU4203C4ZO,Lotus Solutions LLP,VEN050-0012,R,2025-06-16,20270.00,7,N,5,19304.76,0.00,482.62,482.62,0.00,062025,Y,,VEN050-0012
2B-000318,07HZLZU4203C4ZO,Lotus Solutions LLP,VEN050-0013,R,2025-06-29,64023.88,7,N,0,64023.88,0.00,0.00,0.00,0.00,062025,Y,,VEN050-0013
2B-000319,07ICOCO6437E3ZT,Evergreen Foods & Co,VEN004-0006,R,2025-06-03,158918.79,7,N,18,134676.94,0.00,12120.92,12120.93,0.00,062025,Y,,VEN004-0006
2B-000320,07ICOCO6437E3ZT,Evergreen Foods & Co,VEN004-0007,R,2025-06-16,7382.33,7,N,5,7030.79,0.00,175.77,175.77,0.00,062025,Y,,VEN004-0007
2B-000321,07ICOCO6437E3ZT,Evergreen Foods & Co,VEN004-0008,R,2025-06-27,32342.27,7,N,18,27408.70,0.00,2466.78,2466.79,0.00,062025,Y,,VEN004-0008
2B-000322,07IJPOK5732M2ZG,Bharat Foods Pvt Ltd,VEN029-0004,R,2025-05-07,64371.30,7,N,18,54551.95,0.00,4909.68,4909.67,0.00,062025,Y,,VEN029-0004
2B-000323,07IJPOK5732M2ZG,Bharat Foods Pvt Ltd,VEN029-0005,R,2025-05-14,12167.74,7,N,18,10311.64,0.00,928.05,928.05,0.00,062025,Y,,VEN029-0005
2B-000324,07IJPOK5732M2ZG,Bharat Foods Pvt Ltd,VEN/029/0006,R,2025-05-21,86173.80,7,N,28,67323.28,0.00,9425.26,9425.26,0.00,062025,Y,,VEN029-0006
2B-000325,07IKVBH9820B5ZH,Pinnacle Consulting Ltd,VEN013-0012,R,2025-06-11,10556.27,7,N,5,10053.59,0.00,251.34,251.34,0.00,062025,Y,,VEN013-0012
2B-000326,07IKVBH9820B5ZH,Pinnacle Consulting Ltd,VEN013-0013,R,2025-06-13,19740.05,7,N,18,16728.86,0.00,1505.60,1505.59,0.00,062025,Y,,VEN013-0013
2B-000327,07IKVBH9820B5ZH,Pinnacle Consulting Ltd,14,R,2025-06-20,27877.19,7,N,18,23624.74,0.00,2126.22,2126.23,0.00,062025,Y,,VEN013-0014
2B-000328,07IKVBH9820B5ZH,Pinnacle Consulting Ltd,VEN013-0016,R,2025-06-25,179572.87,7,N,18,152180.40,0.00,13696.24,13696.23,0.00,062025,Y,,VEN013-0016
2B-000329,07IKVBH9820B5ZH,Pinnacle Consulting Ltd,17,R,2025-06-28,177919.75,7,N,18,150779.45,0.00,13570.15,13570.15,0.00,062025,Y,,VEN013-0017
2B-000330,07IKVBH9820B5ZH,Pinnacle Consulting Ltd,VEN013-0018,R,2025-06-30,260586.00,7,N,18,220835.59,0.00,19875.21,19875.20,0.00,062025,Y,,VEN013-0018
2B-000331,07JEJSC5168Z9ZT,Global Motors Pvt Ltd,VEN030-0008,R,2025-06-10,8516.15,7,N,0,8516.15,0.00,0.00,0.00,0.00,062025,Y,,VEN030-0008
2B-000332,07JEJSC5168Z9ZT,Global Motors Pvt Ltd,VEN/030/0009,R,2025-06-14,68166.53,7,N,18,57768.25,0.00,5199.14,5199.14,0.00,062025,Y,,VEN030-0009
2B-000333,07JEJSC5168Z9ZT,Global Motors Pvt Ltd,VEN030-0010,R,2025-06-17,40982.86,7,N,12,36591.84,0.00,2195.51,2195.51,0.00,062025,Y,,VEN030-0010
2B-000334,07JEJSC5168Z9ZT,Global Motors Pvt Ltd,VEN030-0011,R,2025-06-26,32607.42,7,N,18,27633.41,0.00,2487.01,2487.00,0.00,062025,Y,,VEN030-0011
2B-000335,07LMLPC0398Y5ZM,Jupiter Solutions & Co,VEN040-0006,R,2025-06-02,256275.70,7,N,28,200215.39,0.00,28030.15,28030.16,0.00,062025,Y,,VEN040-0006
2B-000336,07LMLPC0398Y5ZM,Jupiter Solutions & Co,7,R,2025-06-09,27701.22,7,N,18,23475.61,0.00,2112.80,2112.81,0.00,062025,Y,,VEN040-0007
2B-000337,07LMLPC0398Y5ZM,Jupiter Solutions & Co,VEN040-0008,R,2025-06-17,35291.98,7,N,5,33611.41,0.00,840.28,840.29,0.00,062025,Y,,VEN040-0008
2B-000338,07LMLPC0398Y5ZM,Jupiter Solutions & Co,VEN040-0009,R,2025-06-20,35083.28,7,N,18,29731.59,0.00,2675.84,2675.85,0.00,062025,Y,,VEN040-0009
2B-000339,07YMNMM4218B7ZL,Titan Retail LLP,VEN043-0007,R,2025-06-03,17394.59,7,N,18,14741.18,0.00,1326.70,1326.71,0.00,062025,Y,,VEN043-0007
2B-000340,07YMNMM4218B7ZL,Titan Retail LLP,VEN043-0008,R,2025-06-07,10282.93,7,N,18,8714.35,0.00,784.29,784.29,0.00,062025,Y,,VEN043-0008
2B-000341,07YMNMM4218B7ZL,Titan Retail LLP,9,R,2025-06-10,12501.38,7,N,18,10594.39,0.00,953.50,953.49,0.00,062025,Y,,VEN043-0009
2B-000342,07YMNMM4218B7ZL,Titan Retail LLP,VEN043-0010,R,2025-06-18,15048.20,7,N,18,12752.71,0.00,1147.74,1147.75,0.00,062025,Y,,VEN043-0010
2B-000343,07YMNMM4218B7ZL,Titan Retail LLP,VEN/043/0011,R,2025-06-19,32374.10,7,N,0,32374.10,0.00,0.00,0.00,0.00,062025,Y,,VEN043-0011
2B-000344,07ZZKDV5987F1ZJ,Quantum Retail Private Limited,12,R,2025-06-02,188439.24,7,N,18,159694.27,0.00,14372.49,14372.48,0.00,062025,Y,,VEN023-0012
2B-000345,07ZZKDV5987F1ZJ,Quantum Retail Private Limited,INV-0013,R,2025-06-05,38893.40,7,N,18,32960.51,0.00,2966.45,2966.44,0.00,062025,Y,,VEN023-0013
2B-000346,07ZZKDV5987F1ZJ,Quantum Retail Private Limited,VEN023-0014,R,2025-06-19,29866.64,7,N,18,25310.71,0.00,2277.97,2277.96,0.00,062025,Y,,VEN023-0014
2B-000347,07ZZKDV5987F1ZJ,Quantum Retail Private Limited,VEN023-0015,R,2025-06-19,15389.93,7,N,5,14657.08,0.00,366.43,366.42,0.00,062025,Y,,VEN023-0015
2B-000348,08DLGSA5957L6ZD,Quantum Media LLP,VEN049-0001,R,2025-05-01,58867.45,7,N,18,49887.67,8979.78,0.00,0.00,0.00,062025,Y,,VEN049-0001
2B-000349,08DLGSA5957L6ZD,Quantum Media LLP,VEN/049/0002,R,2025-05-10,81839.54,7,N,18,69355.54,12484.00,0.00,0.00,0.00,062025,Y,,VEN049-0002
2B-000350,08DWHYC6866Y6ZK,Evergreen Infra Private Limited,VEN042-0006,R,2025-05-01,9577.76,7,N,0,9577.76,0.00,0.00,0.00,0.00,062025,Y,,VEN042-0006
2B-000351,08DWHYC6866Y6ZK,Evergreen Infra Private Limited,VEN/042/0007,R,2025-05-10,15565.66,7,N,18,13191.24,2374.42,0.00,0.00,0.00,062025,Y,,VEN042-0007
2B-000352,08DWHYC6866Y6ZK,Evergreen Infra Private Limited,VEN042-0008,R,2025-05-28,33335.13,7,N,18,28250.11,5085.02,0.00,0.00,0.00,062025,Y,,VEN042-0008
2B-000353,08JRQQT0128B3ZH,Unity Media Pvt Ltd,INV-0002,R,2025-05-08,7848.62,7,N,18,6651.37,1197.25,0.00,0.00,0.00,062025,Y,,VEN047-0002
2B-000354,08JRQQT0128B3ZH,Unity Media Pvt Ltd,VEN047-0003,R,2025-05-16,19426.07,7,N,5,18501.02,925.05,0.00,0.00,0.00,062025,Y,,VEN047-0003
2B-000355,08JRQQT0128B3ZH,Unity Media Pvt Ltd,INV-0004,R,2025-05-26,7964.03,7,N,18,6749.18,1214.85,0.00,0.00,0.00,062025,Y,,VEN047-0004
2B-000356,08MQFEU2813L7ZM,Crest Media Pvt Ltd,VEN003-0009,R,2025-06-19,558751.22,7,N,18,473517.98,85233.24,0.00,0.00,0.00,062025,Y,,VEN003-0009
2B-000357,08MQFEU2813L7ZM,Crest Media Pvt Ltd,VEN003-0010,R,2025-06-20,141464.68,7,N,18,119885.32,21579.36,0.00,0.00,0.00,062025,Y,,VEN003-0010
2B-000358,09CQXKG3580H8ZB,Falcon Tech LLP,VEN035-0006,R,2025-06-09,28078.62,7,N,5,26741.54,1337.08,0.00,0.00,0.00,062025,Y,,VEN035-0006
2B-000359,09CQXKG3580H8ZB,Falcon Tech LLP,VEN035-0007,R,2025-06-19,39076.25,7,N,5,37215.48,1860.77,0.00,0.00,0.00,062025,Y,,VEN035-0007
2B-000360,09CQXKG3580H8ZB,Falcon Tech LLP,8,R,2025-06-20,137880.04,7,N,28,107718.78,30161.26,0.00,0.00,0.00,062025,Y,,VEN035-0008
2B-000361,09CQXKG3580H8ZB,Falcon Tech LLP,VEN035-0009,R,2025-06-25,476590.11,7,N,28,372336.02,104254.09,0.00,0.00,0.00,062025,Y,,VEN035-0009
2B-000362,09CQXKG3580H8ZB,Falcon Tech LLP,10,R,2025-06-26,257409.68,7,N,18,218143.80,39265.88,0.00,0.00,0.00,062025,Y,,VEN035-0010
2B-000363,09KITFJ6794N1ZB,Unity Systems LLP,8,R,2025-06-03,31443.55,7,N,12,28074.60,3368.95,0.00,0.00,0.00,062025,Y,,VEN008-0008
2B-000364,09KITFJ6794N1ZB,Unity Systems LLP,VEN008-0009,R,2025-06-07,98250.01,7,N,18,83262.72,14987.29,0.00,0.00,0.00,062025,Y,,VEN008-0009
2B-000365,09KITFJ6794N1ZB,Unity Systems LLP,10,R,2025-06-30,27418.04,7,N,12,24480.39,2937.65,0.00,0.00,0.00,062025,Y,,VEN008-0010
2B-000366,09RATVE0496Z7ZC,Trident Logistics & Co,INV-0011,R,2025-06-03,84827.27,7,N,18,71887.52,12939.75,0.00,0.00,0.00,062025,Y,,VEN038-0011
2B-000367,09RATVE0496Z7ZC,Trident Logistics & Co,VEN038-0012,R,2025-06-03,82548.71,7,N,28,64491.18,18057.53,0.00,0.00,0.00,062025,Y,,VEN038-0012
2B-000368,09RATVE0496Z7ZC,Trident Logistics & Co,VEN038-0013,R,2025-06-14,217076.07,7,N,28,169590.68,47485.39,0.00,0.00,0.00,062025,Y,,VEN038-0013
2B-000369,19BPIWU1426U8ZA,Sigma Electronics Pvt Ltd,VEN048-0004,R,2025-05-22,30089.58,7,N,5,28656.74,1432.84,0.00,0.00,0.00,062025,Y,,VEN048-0004
2B-000370,19BPIWU1426U8ZA,Sigma Electronics Pvt Ltd,VEN048-0005,R,2025-05-30,193067.34,7,N,18,163616.39,29450.95,0.00,0.00,0.00,062025,Y,,VEN048-0005
2B-000371,19OHMLN7771Z5ZC,Meridian Traders & Co,VEN/015/0010,R,2025-06-09,10221.00,7,N,5,9734.29,486.71,0.00,0.00,0.00,062025,Y,,VEN015-0010
2B-000372,19UMKHA3185K5ZL,Vertex Logistics LLP,VEN032-0012,R,2025-06-03,193286.16,7,N,18,163801.83,29484.33,0.00,0.00,0.00,062025,Y,,VEN032-0012
2B-000373,19UMKHA3185K5ZL,Vertex Logistics LLP,13,R,2025-06-04,190151.61,7,N,18,161145.43,29006.18,0.00,0.00,0.00,062025,Y,,VEN032-0013
2B-000374,19UMKHA3185K5ZL,Vertex Logistics LLP,VEN032-0014,R,2025-06-05,189779.58,7,N,18,160830.15,28949.43,0.00,0.00,0.00,062025,Y,,VEN032-0014
2B-000375,19UMKHA3185K5ZL,Vertex Logistics LLP,15,R,2025-06-06,69340.23,7,N,5,66038.31,3301.92,0.00,0.00,0.00,062025,Y,,VEN032-0015
2B-000376,19UMKHA3185K5ZL,Vertex Logistics LLP,INV-0016,R,2025-06-06,197745.77,7,N,18,167581.16,30164.61,0.00,0.00,0.00,062025,Y,,VEN032-0016
2B-000377,19UMKHA3185K5ZL,Vertex Logistics LLP,VEN032-0017,R,2025-06-13,4421.92,7,N,5,4211.35,210.57,0.00,0.00,0.00,062025,Y,,VEN032-0017
2B-000378,19UMKHA3185K5ZL,Vertex Logistics LLP,VEN032-0018,R,2025-06-17,43886.38,7,N,5,41796.55,2089.83,0.00,0.00,0.00,062025,Y,,VEN032-0018
2B-000379,19UMKHA3185K5ZL,Vertex Logistics LLP,VEN032-0019,R,2025-06-21,159206.21,7,N,18,134920.52,24285.69,0.00,0.00,0.00,062025,Y,,VEN032-0019
2B-000380,19YDFPE7285G2ZN,Meridian Industries LLP,VEN/011/0011,R,2025-06-27,269072.70,7,N,28,210213.05,58859.65,0.00,0.00,0.00,062025,Y,,VEN011-0011
2B-000381,24DKZXM3530X5ZC,Royal Tech Ltd,9,R,2025-06-12,102794.63,7,N,18,87114.09,15680.54,0.00,0.00,0.00,062025,Y,,VEN036-0009
2B-000382,24DKZXM3530X5ZC,Royal Tech Ltd,VEN036-0010,R,2025-06-13,14653.35,7,N,5,13955.57,697.78,0.00,0.00,0.00,062025,Y,,VEN036-0010
2B-000383,24DKZXM3530X5ZC,Royal Tech Ltd,VEN036-0040,R,2025-06-16,10857.77,7,N,5,10340.73,517.04,0.00,0.00,0.00,062025,Y,,
2B-000384,24DKZXM3530X5ZC,Royal Tech Ltd,VEN036-0011,R,2025-06-20,24547.04,7,N,18,20802.58,3744.46,0.00,0.00,0.00,062025,Y,,VEN036-0011
2B-000385,24DKZXM3530X5ZC,Royal Tech Ltd,12,R,2025-06-27,19499.82,7,N,5,18571.26,928.56,0.00,0.00,0.00,062025,Y,,VEN036-0012
2B-000386,24DKZXM3530X5ZC,Royal Tech Ltd,VEN036-0013,R,2025-06-27,191304.43,7,N,18,162122.40,29182.03,0.00,0.00,0.00,062025,Y,,VEN036-0013
2B-000387,24NTKDR1082K6ZL,Horizon Motors & Co,VEN014-0005,R,2025-06-10,80058.01,7,N,18,67845.77,12212.24,0.00,0.00,0.00,062025,Y,,VEN014-0005
2B-000388,24NTKDR1082K6ZL,Horizon Motors & Co,6,R,2025-06-20,208258.75,7,N,18,176490.47,31768.28,0.00,0.00,0.00,062025,Y,,VEN014-0006
2B-000389,24NTKDR1082K6ZL,Horizon Motors & Co,7,R,2025-06-21,105983.85,7,N,18,89816.82,16167.03,0.00,0.00,0.00,062025,Y,,VEN014-0007
2B-000390,24NTKDR1082K6ZL,Horizon Motors & Co,VEN014-0008,R,2025-06-23,24361.53,7,N,5,23201.46,1160.07,0.00,0.00,0.00,062025,Y,,VEN014-0008
2B-000391,24NTKDR1082K6ZL,Horizon Motors & Co,VEN014-0009,R,2025-06-24,59225.98,7,N,18,50191.51,9034.47,0.00,0.00,0.00,062025,Y,,VEN014-0009
2B-000392,24NTKDR1082K6ZL,Horizon Motors & Co,VEN014-0010,R,2025-06-30,19540.15,7,N,12,17446.56,2093.59,0.00,0.00,0.00,062025,Y,,VEN014-0010
2B-000393,27ADDXB1263F7ZI,Sigma Electronics Ltd,VEN025-0002,R,2025-05-08,11445.58,7,N,18,9524.32,1921.26,0.00,0.00,0.00,062025,Y,,VEN025-0002
2B-000394,27ADDXB1263F7ZI,Sigma Electronics Ltd,VEN025-0003,R,2025-05-08,97778.33,7,N,18,82862.99,14915.34,0.00,0.00,0.00,062025,Y,,VEN025-0003
2B-000395,27ADDXB1263F7ZI,Sigma Electronics Ltd,VEN025-0004,R,2025-05-14,50983.20,7,N,18,43206.10,7777.10,0.00,0.00,0.00,062025,Y,,VEN025-0004
2B-000396,27ADDXB1263F7ZI,Sigma Electronics Ltd,VEN025-0005,R,2025-05-14,319223.67,7,N,18,270528.53,48695.14,0.00,0.00,0.00,062025,Y,,VEN025-0005
2B-000397,27ADDXB1263F7ZI,Sigma Electronics Ltd,INV-0006,R,2025-05-19,70131.58,7,N,18,59433.54,10698.04,0.00,0.00,0.00,062025,Y,,VEN025-0006
2B-000398,27ADDXB1263F7ZI,Sigma Electronics Ltd,VEN025-0007,R,2025-05-21,19635.41,7,N,18,16640.18,2995.23,0.00,0.00,0.00,062025,Y,,VEN025-0007
2B-000399,27ADDXB1263F7ZI,Sigma Electronics Ltd,VEN025-0008,R,2025-05-23,17568.88,7,N,18,14888.88,2680.00,0.00,0.00,0.00,062025,Y,,VEN025-0008
2B-000400,27ADDXB1263F7ZI,Sigma Electronics Ltd,VEN025-0009,R,2025-05-26,40874.98,7,N,12,36495.52,4379.46,0.00,0.00,0.00,062025,Y,,VEN025-0009
2B-000401,27DVWPC2404K6Z7,Indus Enterprises LLP,VEN021-0005,R,2025-06-12,150260.07,7,N,28,117390.84,32869.23,0.00,0.00,0.00,062025,Y,,VEN021-0005
2B-000402,27DVWPC2404K6Z7,Indus Enterprises LLP,VEN021-0006,R,2025-06-13,144886.75,7,N,18,122785.38,22101.37,0.00,0.00,0.00,062025,Y,,VEN021-0006
2B-000403,27DVWPC2404K6Z7,Indus Enterprises LLP,VEN021-0007,R,2025-06-18,10759.38,7,N,0,10759.38,0.00,0.00,0.00,0.00,062025,Y,,VEN021-0007
2B-000404,27DVWPC2404K6Z7,Indus Enterprises LLP,VEN021-0008,R,2025-06-23,8949.82,7,N,18,7584.59,1365.23,0.00,0.00,0.00,062025,Y,,VEN021-0008
2B-000405,27DVWPC2404K6Z7,Indus Enterprises LLP,VEN021-0009,R,2025-06-26,1135155.94,7,N,18,961996.56,173159.38,0.00,0.00,0.00,062025,Y,,VEN021-0009
2B-000406,27METYM9562Z9ZM,Bharat Enterprises LLP,5,R,2025-06-04,100733.44,7,N,12,89940.57,10792.87,0.00,0.00,0.00,062025,Y,,VEN005-0005
2B-000407,27METYM9562Z9ZM,Bharat Enterprises LLP,VEN/005/0006,R,2025-06-16,384460.28,7,N,18,325813.80,58646.48,0.00,0.00,0.00,062025,Y,,VEN005-0006
2B-000408,27METYM9562Z9ZM,Bharat Enterprises LLP,VEN005-0007,R,2025-06-25,189429.90,7,N,12,169133.84,20296.06,0.00,0.00,0.00,062025,Y,,VEN005-0007
2B-000409,27MZBLF3946W2ZF,Titan Industries Ltd,VEN017-0008,R,2025-06-01,75735.37,7,N,28,59168.26,16567.11,0.00,0.00,0.00,062025,Y,,VEN017-0008
2B-000410,27MZBLF3946W2ZF,Titan Industries Ltd,9,R,2025-06-09,14470.12,7,N,5,13781.07,689.05,0.00,0.00,0.00,062025,Y,,VEN017-0009
2B-000411,27MZBLF3946W2ZF,Titan Industries Ltd,INV-0010,R,2025-06-11,136220.00,7,N,18,115440.68,20779.32,0.00,0.00,0.00,062025,Y,,VEN017-0010
2B-000412,27MZBLF3946W2ZF,Titan Industries Ltd,VEN017-0011,R,2025-06-12,30067.97,7,N,18,25481.33,4586.64,0.00,0.00,0.00,062025,Y,,VEN017-0011
2B-000413,27MZBLF3946W2ZF,Titan Industries Ltd,VEN017-0012,R,2025-06-13,8759.78,7,N,28,6843.58,1916.20,0.00,0.00,0.00,062025,Y,,VEN017-0012
2B-000414,27MZBLF3946W2ZF,Titan Industries Ltd,VEN017-0013,R,2025-06-25,39759.01,7,N,18,33694.08,6064.93,0.00,0.00,0.00,062025,Y,,VEN017-0013
2B-000415,27SMUZG8775G5Z4,Falcon Traders Ltd,VEN012-0010,R,2025-06-05,47248.39,7,N,0,47248.39,0.00,0.00,0.00,0.00,062025,Y,,VEN012-0010
2B-000416,27SMUZG8775G5Z4,Falcon Traders Ltd,VEN012-0011,R,2025-06-13,12662.85,7,N,18,10731.23,1931.62,0.00,0.00,0.00,062025,Y,,VEN012-0011
2B-000417,27SMUZG8775G5Z4,Falcon Traders Ltd,VEN012-0012,R,2025-06-24,75384.71,7,N,18,63885.74,11498.97,0.00,0.00,0.00,062025,Y,,VEN012-0012
2B-000418,27XOEEP5452W8ZP,Crest Traders Pvt Ltd,VEN037-0004,R,2025-06-02,20657.14,7,N,18,17506.05,3151.09,0.00,0.00,0.00,062025,Y,,VEN037-0004
2B-000419,27XOEEP5452W8ZP,Crest Traders Pvt Ltd,VEN037-0005,R,2025-06-09,4839.02,7,N,5,4608.59,230.43,0.00,0.00,0.00,062025,Y,,VEN037-0005
2B-000420,27XOEEP5452W8ZP,Crest Traders Pvt Ltd,VEN037-0006,R,2025-06-16,9945.77,7,N,5,9472.16,473.61,0.00,0.00,0.00,062025,Y,,VEN037-0006
2B-000421,27XOEEP5452W8ZP,Crest Traders Pvt Ltd,VEN037-0007,R,2025-06-23,190897.57,7,N,28,149138.73,41758.84,0.00,0.00,0.00,062025,Y,,VEN037-0007
2B-000422,27XOEEP5452W8ZP,Crest Traders Pvt Ltd,VEN037-0008,R,2025-06-27,18551.92,7,N,5,17668.50,883.42,0.00,0.00,0.00,062025,Y,,VEN037-0008
2B-000423,27ZEKBL5846Z1Z7,Jupiter Components Pvt Ltd,9,R,2025-06-03,80808.43,7,N,18,68481.72,12326.71,0.00,0.00,0.00,062025,Y,,VEN002-0009
2B-000424,27ZEKBL5846Z1Z7,Jupiter Components Pvt Ltd,VEN002-0010,R,2025-06-05,15102.02,7,N,12,13483.95,1618.07,0.00,0.00,0.00,062025,Y,,VEN002-0010
2B-000425,27ZEKBL5846Z1Z7,Jupiter Components Pvt Ltd,VEN002-0011,R,2025-06-05,39541.62,7,N,28,30891.89,8649.73,0.00,0.00,0.00,062025,Y,,VEN002-0011
2B-000426,29TABAS6604Y1ZX,Sigma Traders Ltd,VEN016-0015,R,2025-06-17,23847.53,7,N,18,20209.77,3637.76,0.00,0.00,0.00,062025,Y,,VEN016-0015
2B-000427,29TABAS6604Y1ZX,Sigma Traders Ltd,VEN016-0016,R,2025-06-20,9219.12,7,N,18,7812.81,1406.31,0.00,0.00,0.00,062025,Y,,VEN016-0016
2B-000428,29ULWSZ7970U2Z8,Falcon Components LLP,VEN028-0009,R,2025-06-11,18453.59,7,N,5,17574.85,878.74,0.00,0.00,0.00,062025,Y,,VEN028-0009
2B-000429,29ULWSZ7970U2Z8,Falcon Components LLP,10,R,2025-06-13,11038.97,7,N,18,9355.06,1683.91,0.00,0.00,0.00,062025,Y,,VEN028-0010
2B-000430,29ULWSZ7970U2Z8,Falcon Components LLP,VEN028-0011,R,2025-06-25,16714.33,7,N,0,16714.33,0.00,0.00,0.00,0.00,062025,Y,,VEN028-0011
2B-000431,29VYHLW6909G1ZE,Unity Media LLP,INV-0009,R,2025-06-03,371101.37,7,N,18,314492.69,56608.68,0.00,0.00,0.00,062025,Y,,VEN007-0009
2B-000432,29VYHLW6909G1ZE,Unity Media LLP,VEN007-0008,R,2025-06-06,17160.55,7,N,18,14542.84,2617.71,0.00,0.00,0.00,062025,Y,,VEN007-0008
2B-000433,29VYHLW6909G1ZE,Unity Media LLP,VEN007-0010,R,2025-06-06,78570.19,7,N,18,66584.91,11985.28,0.00,0.00,0.00,062025,Y,,VEN007-0010
2B-000434,29VYHLW6909G1ZE,Unity Media LLP,VEN007-0011,R,2025-06-06,73266.75,7,N,12,65416.74,7850.01,0.00,0.00,0.00,062025,Y,,VEN007-0011
2B-000435,29VYHLW6909G1ZE,Unity Media LLP,VEN/007/0012,R,2025-06-10,36483.73,7,N,12,32574.76,3908.97,0.00,0.00,0.00,062025,Y,,VEN007-0012
2B-000436,29VYHLW6909G1ZE,Unity Media LLP,VEN007-0013,R,2025-06-19,147002.65,7,N,28,114845.82,32156.83,0.00,0.00,0.00,062025,Y,,VEN007-0013
2B-000437,29VYHLW6909G1ZE,Unity Media LLP,INV-0014,R,2025-06-26,3944.43,7,N,18,3342.74,601.69,0.00,0.00,0.00,062025,Y,,VEN007-0014
2B-000438,33DMSQD6561G9ZL,Lotus Industries Pvt Ltd,VEN026-0008,R,2025-06-02,141660.29,7,N,28,110672.10,30988.19,0.00,0.00,0.00,062025,Y,,VEN026-0008
2B-000439,33DMSQD6561G9ZL,Lotus Industries Pvt Ltd,9,R,2025-06-04,79782.30,7,N,18,67612.12,12170.18,0.00,0.00,0.00,062025,Y,,VEN026-0009
2B-000440,33DMSQD6561G9ZL,Lotus Industries Pvt Ltd,VEN026-0010,R,2025-06-24,24259.90,7,N,5,23104.67,1155.23,0.00,0.00,0.00,062025,Y,,VEN026-0010
2B-000441,33DMSQD6561G9ZL,Lotus Industries Pvt Ltd,VEN026-0011,R,2025-06-24,790828.92,7,N,28,617835.09,172993.83,0.00,0.00,0.00,062025,Y,,VEN026-0011
2B-000442,33PESEP5781B3ZF,Prime Systems Pvt Ltd,VEN020-0007,R,2025-05-01,190568.61,7,N,18,161498.82,29069.79,0.00,0.00,0.00,062025,Y,,VEN020-0007
2B-000443,33PESEP5781B3ZF,Prime Systems Pvt Ltd,VEN020-0008,R,2025-05-09,45043.01,7,N,28,35189.85,9853.16,0.00,0.00,0.00,062025,Y,,VEN020-0008
2B-000444,33PESEP5781B3ZF,Prime Systems Pvt Ltd,VEN020-0009,R,2025-05-09,98079.49,7,N,12,87570.97,10508.52,0.00,0.00,0.00,062025,Y,,VEN020-0009
2B-000445,33PESEP5781B3ZF,Prime Systems Pvt Ltd,VEN/020/0010,R,2025-05-10,385007.34,7,N,18,326277.41,58729.93,0.00,0.00,0.00,062025,Y,,VEN020-0010
2B-000446,33PESEP5781B3ZF,Prime Systems Pvt Ltd,11,R,2025-05-14,33630.87,7,N,0,33630.87,0.00,0.00,0.00,0.00,062025,Y,,VEN020-0011
2B-000447,33PESEP5781B3ZF,Prime Systems Pvt Ltd,VEN020-0012,R,2025-05-17,8937.69,7,N,5,8512.09,425.60,0.00,0.00,0.00,062025,Y,,VEN020-0012
2B-000448,33PESEP5781B3ZF,Prime Systems Pvt Ltd,VEN020-0013,R,2025-05-20,174389.66,7,N,18,147787.85,26601.81,0.00,0.00,0.00,062025,Y,,VEN020-0013
2B-000449,33YKXAB5987J5ZJ,Jupiter Industries Pvt Ltd,VEN046-0005,R,2025-06-01,91048.71,7,N,18,77159.92,13888.79,0.00,0.00,0.00,062025,Y,,VEN046-0005
2B-000450,33YKXAB5987J5ZJ,Jupiter Industries Pvt Ltd,VEN046-0006,R,2025-06-12,184311.27,7,N,18,156195.99,28115.28,0.00,0.00,0.00,062025,Y,,VEN046-0006
2B-000451,33YKXAB5987J5ZJ,Jupiter Industries Pvt Ltd,VEN046-0007,R,2025-06-14,61295.41,7,N,18,51945.26,9350.15,0.00,0.00,0.00,062025,Y,,VEN046-0007
2B-000452,33YKXAB5987J5ZJ,Jupiter Industries Pvt Ltd,VEN046-0008,R,2025-06-14,353686.37,7,N,18,299734.21,53952.16,0.00,0.00,0.00,062025,Y,,VEN046-0008
2B-000453,33YKXAB5987J5ZJ,Jupiter Industries Pvt Ltd,VEN/046/0009,R,2025-06-24,12129.59,7,N,18,10279.31,1850.28,0.00,0.00,0.00,062025,Y,,VEN046-0009
2B-000454,33YKXAB5987J5ZJ,Jupiter Industries Pvt Ltd,VEN/046/0010,R,2025-06-24,550704.73,7,N,18,466698.92,84005.81,0.00,0.00,0.00,062025,Y,,VEN046-0010
2B-000455,36NBJZD8287I7Z5,Vikram Components Ltd,VEN039-0003,R,2025-05-08,19403.79,7,N,28,15159.21,4244.58,0.00,0.00,0.00,062025,Y,,VEN039-0003
2B-000456,36NBJZD8287I7Z5,Vikram Components Ltd,VEN039-0004,R,2025-05-17,223913.04,7,N,18,189756.81,34156.23,0.00,0.00,0.00,062025,Y,,VEN039-0004
2B-000457,07CAANY0360A5Z4,Falcon Industries Private Limited,VEN018-0011,R,2025-07-01,148787.06,7,N,18,126090.73,0.00,11348.17,11348.16,0.00,072025,Y,,VEN018-0011
2B-000458,07CAANY0360A5Z4,Falcon Industries Private Limited,VEN018-0012,R,2025-07-02,5963.71,7,N,5,5679.72,0.00,142.00,141.99,0.00,072025,Y,,VEN018-0012
2B-000459,07CAANY0360A5Z4,Falcon Industries Private Limited,VEN018-0013,R,2025-07-17,71698.19,7,N,0,71698.19,0.00,0.00,0.00,0.00,072025,Y,,VEN018-0013
2B-000460,07CAANY0360A5Z4,Falcon Industries Private Limited,14,R,2025-07-24,68621.15,7,N,28,53610.27,0.00,7505.44,7505.44,0.00,072025,Y,,VEN018-0014
2B-000461,07DAFGU3070W4Z4,Titan Solutions & Co,VEN045-0017,R,2025-07-05,11049.67,7,N,18,9364.13,0.00,842.77,842.77,0.00,072025,Y,,VEN045-0017
2B-000462,07DAFGU3070W4Z4,Titan Solutions & Co,VEN045-0018,R,2025-07-08,9478.13,7,N,18,8032.31,0.00,722.91,722.91,0.00,072025,Y,,VEN045-0018
2B-000463,07DAFGU3070W4Z4,Titan Solutions & Co,VEN045-0019,R,2025-07-09,13716.18,7,N,18,11623.88,0.00,1046.15,1046.15,0.00,072025,Y,,VEN045-0019
2B-000464,07DAFGU3070W4Z4,Titan Solutions & Co,20,R,2025-07-14,53286.33,7,N,18,45157.91,0.00,4064.21,4064.21,0.00,072025,Y,,VEN045-0020
2B-000465,07DAFGU3070W4Z4,Titan Solutions & Co,VEN045-0021,R,2025-07-18,359011.48,7,N,28,280477.72,0.00,39266.88,39266.88,0.00,072025,Y,,VEN045-0021
2B-000466,07DAFGU3070W4Z4,Titan Solutions & Co,VEN/045/0022,R,2025-07-31,21720.44,7,N,0,21720.44,0.00,0.00,0.00,0.00,072025,Y,,VEN045-0022
2B-000467,07FNTBF7791F4Z1,Zenith Components & Co,INV-0008,R,2025-07-03,31063.68,7,N,18,26325.15,0.00,2369.26,2369.27,0.00,072025,Y,,VEN031-0008
2B-000468,07FNTBF7791F4Z1,Zenith Components & Co,10,R,2025-07-04,306807.39,7,N,18,260006.26,0.00,23400.56,23400.57,0.00,072025,Y,,VEN031-0010
2B-000469,07FNTBF7791F4Z1,Zenith Components & Co,INV-0009,R,2025-07-04,16583.22,7,N,28,12955.64,0.00,1813.79,1813.79,0.00,072025,Y,,VEN031-0009
2B-000470,07FNTBF7791F4Z1,Zenith Components & Co,VEN031-0011,R,2025-07-08,48861.78,7,N,18,41407.90,0.00,3727.17,3726.71,0.00,072025,Y,,VEN031-0011
2B-000471,07FNTBF7791F4Z1,Zenith Components & Co,VEN031-0012,R,2025-07-09,4631.85,7,N,5,4411.29,0.00,110.28,110.28,0.00,072025,Y,,VEN031-0012
2B-000472,07FNTBF7791F4Z1,Zenith Components & Co,VEN031-0013,R,2025-07-13,147145.96,7,N,18,124699.97,0.00,11223.00,11222.99,0.00,072025,Y,,VEN031-0013
2B-000473,07HKNYR0876L1ZQ,Meridian Tech Pvt Ltd,VEN024-0018,R,2025-07-04,30573.42,7,N,18,25909.68,0.00,2331.87,2331.87,0.00,072025,Y,,VEN024-0018
2B-000474,07HKNYR0876L1ZQ,Meridian Tech Pvt Ltd,VEN024-0019,R,2025-07-08,22998.71,7,N,5,21903.53,0.00,547.59,547.59,0.00,072025,Y,,VEN024-0019
2B-000475,07HKNYR0876L1ZQ,Meridian Tech Pvt Ltd,VEN024-0020,R,2025-07-08,10140.62,7,N,18,8593.75,0.00,773.44,773.43,0.00,072025,Y,,VEN024-0020
2B-000476,07HKNYR0876L1ZQ,Meridian Tech Pvt Ltd,VEN024-0021,R,2025-07-19,18600.59,7,N,18,15763.21,0.00,1418.69,1418.69,0.00,072025,Y,,VEN024-0021
2B-000477,07HPTKV5985K1ZO,Apex Solutions LLP,VEN044-0011,R,2025-07-03,13363.68,7,N,18,11325.15,0.00,1019.26,1019.27,0.00,072025,Y,,VEN044-0011
2B-000478,07HPTKV5985K1ZO,Apex Solutions LLP,VEN/044/0012,R,2025-07-11,166230.22,7,N,18,138535.49,0.00,13847.36,13847.37,0.00,072025,Y,,VEN044-0012
2B-000479,07HPTKV5985K1ZO,Apex Solutions LLP,VEN044-0013,R,2025-07-21,46044.99,7,N,18,39021.18,0.00,3511.91,3511.90,0.00,072025,Y,,VEN044-0013
2B-000480,07HPTKV5985K1ZO,Apex Solutions LLP,14,R,2025-07-29,409995.33,7,N,18,347453.67,0.00,31270.83,31270.83,0.00,072025,Y,,VEN044-0014
2B-000481,07HZLZU4203C4ZO,Lotus Solutions LLP,VEN/050/0014,R,2025-07-17,191130.48,7,N,18,161974.98,0.00,14577.75,14577.75,0.00,072025,Y,,VEN050-0014
2B-000482,07HZLZU4203C4ZO,Lotus Solutions LLP,VEN/050/0015,R,2025-07-18,14562.38,7,N,0,14562.38,0.00,0.00,0.00,0.00,072025,Y,,VEN050-0015
2B-000483,07HZLZU4203C4ZO,Lotus Solutions LLP,INV-0016,R,2025-07-19,307273.57,7,N,18,261667.02,0.00,22803.28,22803.27,0.00,072025,Y,,VEN050-0016
2B-000484,07ICOCO6437E3ZT,Evergreen Foods & Co,VEN004-0009,R,2025-07-18,26873.45,7,N,18,22774.11,0.00,2049.67,2049.67,0.00,072025,Y,,VEN004-0009
2B-000485,07ICOCO6437E3ZT,Evergreen Foods & Co,VEN004-0010,R,2025-07-22,40647.39,7,N,28,31755.77,0.00,4445.81,4445.81,0.00,072025,Y,,VEN004-0010
2B-000486,07IJPOK5732M2ZG,Bharat Foods Pvt Ltd,VEN029-0008,R,2025-06-17,34771.31,7,N,18,29467.21,0.00,2652.05,2652.05,0.00,072025,Y,,VEN029-0008
2B-000487,07IJPOK5732M2ZG,Bharat Foods Pvt Ltd,VEN029-0007,R,2025-06-18,23616.50,7,N,5,22491.90,0.00,562.30,562.30,0.00,072025,Y,,VEN029-0007
2B-000488,07IJPOK5732M2ZG,Bharat Foods Pvt Ltd,INV-0009,R,2025-06-24,48488.01,7,N,12,43292.87,0.00,2597.57,2597.57,0.00,072025,Y,,VEN029-0009
2B-000489,07IJPOK5732M2ZG,Bharat Foods Pvt Ltd,VEN029-0010,R,2025-06-26,25070.21,7,N,18,21245.94,0.00,1912.13,1912.14,0.00,072025,Y,,VEN029-0010
2B-000490,07IKVBH9820B5ZH,Pinnacle Consulting Ltd,VEN/013/0015,R,2025-07-01,8170.76,7,N,5,7781.68,0.00,194.54,194.54,0.00,072025,Y,,VEN013-0015
2B-000491,07IKVBH9820B5ZH,Pinnacle Consulting Ltd,VEN/013/0020,R,2025-07-24,251826.59,7,N,28,201058.53,0.00,25384.03,25384.03,0.00,072025,Y,,VEN013-0020
2B-000492,07IKVBH9820B5ZH,Pinnacle Consulting Ltd,VEN013-0019,R,2025-07-24,266050.36,7,N,18,225466.41,0.00,20291.97,20291.98,0.00,072025,Y,,VEN013-0019
2B-000493,07IKVBH9820B5ZH,Pinnacle Consulting Ltd,22,R,2025-07-26,165282.77,7,N,18,140070.14,0.00,12606.32,12606.31,0.00,072025,Y,,VEN013-0022
2B-000494,07IKVBH9820B5ZH,Pinnacle Consulting Ltd,VEN013-0021,R,2025-07-26,179262.44,7,N,28,140048.78,0.00,19606.83,19606.83,0.00,072025,Y,,VEN013-0021
2B-000495,07JEJSC5168Z9ZT,Global Motors Pvt Ltd,VEN030-0012,R,2025-07-14,302377.15,7,N,18,256251.82,0.00,23062.67,23062.66,0.00,072025,Y,,VEN030-0012
2B-000496,07JEJSC5168Z9ZT,Global Motors Pvt Ltd,VEN030-0013,R,2025-07-16,34377.18,7,N,28,26596.45,0.00,3890.36,3890.37,0.00,072025,Y,,VEN030-0013
2B-000497,07LMLPC0398Y5ZM,Jupiter Solutions & Co,VEN/040/0010,R,2025-07-08,75770.78,7,N,5,72162.65,0.00,1804.07,1804.06,0.00,072025,Y,,VEN040-0010
2B-000498,07LMLPC0398Y5ZM,Jupiter Solutions & Co,VEN040-0011,R,2025-07-18,38452.90,7,N,0,38452.90,0.00,0.00,0.00,0.00,072025,Y,,VEN040-0011
2B-000499,07LMLPC0398Y5ZM,Jupiter Solutions & Co,VEN040-0012,R,2025-07-27,248304.97,7,N,28,193988.26,0.00,27158.35,27158.36,0.00,072025,Y,,VEN040-0012
2B-000500,07QIKWC6704V1ZS,Unity Infra Pvt Ltd,VEN009-0009,R,2025-07-04,41165.64,7,N,5,39205.37,0.00,980.13,980.14,0.00,072025,Y,,VEN009-0009
2B-000501,07QIKWC6704V1ZS,Unity Infra Pvt Ltd,VEN009-0010,R,2025-07-18,60637.86,7,N,28,47770.94,0.00,6433.46,6433.46,0.00,072025,Y,,VEN009-0010
2B-000502,07QIKWC6704V1ZS,Unity Infra Pvt Ltd,VEN009-0011,R,2025-07-22,139700.86,7,N,18,118390.56,0.00,10655.15,10655.15,0.00,072025,Y,,VEN009-0011
2B-000503,07QIKWC6704V1ZS,Unity Infra Pvt Ltd,VEN009-0012,R,2025-07-29,42991.68,7,N,18,36433.63,0.00,3279.03,3279.02,0.00,072025,Y,,VEN009-0012
2B-000504,07YMNMM4218B7ZL,Titan Retail LLP,VEN043-0012,R,2025-07-01,10780.31,7,N,5,10266.96,0.00,256.68,256.67,0.00,072025,Y,,VEN043-0012
2B-000505,07YMNMM4218B7ZL,Titan Retail LLP,VEN043-0013,R,2025-07-01,125455.84,7,N,18,106318.51,0.00,9568.67,9568.66,0.00,072025,Y,,VEN043-0013
2B-000506,07YMNMM4218B7ZL,Titan Retail LLP,VEN043-0014,R,2025-07-14,20263.93,7,N,18,17172.82,0.00,1545.56,1545.55,0.00,072025,Y,,VEN043-0014
2B-000507,07YMNMM4218B7ZL,Titan Retail LLP,15,R,2025-07-17,164178.49,7,N,18,139134.31,0.00,12522.09,12522.09,0.00,072025,Y,,VEN043-0015
2B-000508,07ZZKDV5987F1ZJ,Quantum Retail Private Limited,VEN023-0016,R,2025-07-17,55055.35,7,N,18,46657.08,0.00,4199.14,4199.13,0.00,072025,Y,,VEN023-0016
2B-000509,07ZZKDV5987F1ZJ,Quantum Retail Private Limited,INV-0017,R,2025-07-23,72622.40,7,N,28,56736.25,0.00,7943.07,7943.08,0.00,072025,Y,,VEN023-0017
2B-000510,07ZZKDV5987F1ZJ,Quantum Retail Private Limited,INV-0018,R,2025-07-25,122138.48,7,N,18,103507.19,0.00,9315.65,9315.64,0.00,072025,Y,,VEN023-0018
2B-000511,07ZZKDV5987F1ZJ,Quantum Retail Private Limited,VEN023-0019,R,2025-07-30,6617.81,7,N,18,5608.31,0.00,504.75,504.75,0.00,072025,Y,,VEN023-0019
2B-000512,08DLGSA5957L6ZD,Quantum Media LLP,VEN049-0003,R,2025-06-07,132683.12,7,N,12,118467.07,14216.05,0.00,0.00,0.00,072025,Y,,VEN049-0003
2B-000513,08DLGSA5957L6ZD,Quantum Media LLP,INV-0004,R,2025-06-16,384434.78,7,N,12,343245.34,41189.44,0.00,0.00,0.00,072025,Y,,VEN049-0004
2B-000514,08DLGSA5957L6ZD,Quantum Media LLP,VEN049-0005,R,2025-06-28,216746.78,7,N,28,169333.42,47413.36,0.00,0.00,0.00,072025,Y,,VEN049-0005
2B-000515,08DWHYC6866Y6ZK,Evergreen Infra Private Limited,VEN042-0009,R,2025-06-11,11045.24,7,N,12,9861.82,1183.42,0.00,0.00,0.00,072025,Y,,VEN042-0009
2B-000516,08DWHYC6866Y6ZK,Evergreen Infra Private Limited,VEN042-0010,R,2025-06-17,59846.41,7,N,28,46755.31,13091.10,0.00,0.00,0.00,072025,Y,,VEN042-0010
2B-000517,08DWHYC6866Y6ZK,Evergreen Infra Private Limited,11,R,2025-06-21,26899.83,7,N,18,22796.47,4103.36,0.00,0.00,0.00,072025,Y,,VEN042-0011
2B-000518,08JRQQT0128B3ZH,Unity Media Pvt Ltd,VEN047-0005,R,2025-06-13,81224.54,7,N,18,68834.36,12390.18,0.00,0.00,0.00,072025,Y,,VEN047-0005
2B-000519,08JRQQT0128B3ZH,Unity Media Pvt Ltd,VEN047-0006,R,2025-06-21,12077.91,7,N,5,11502.77,575.14,0.00,0.00,0.00,072025,Y,,VEN047-0006
2B-000520,08JRQQT0128B3ZH,Unity Media Pvt Ltd,VEN/047/0007,R,2025-06-26,23479.98,7,N,18,19898.29,3581.69,0.00,0.00,0.00,072025,Y,,VEN047-0007
2B-000521,08JRQQT0128B3ZH,Unity Media Pvt Ltd,VEN/047/0008,R,2025-06-27,85276.06,7,N,18,72267.85,13008.21,0.00,0.00,0.00,072025,Y,,VEN047-0008
2B-000522,08MQFEU2813L7ZM,Crest Media Pvt Ltd,VEN003-0011,R,2025-07-02,26924.51,7,N,12,24039.74,2884.77,0.00,0.00,0.00,072025,Y,,VEN003-0011
2B-000523,08MQFEU2813L7ZM,Crest Media Pvt Ltd,VEN003-0012,R,2025-07-14,14261.13,7,N,18,12085.70,2175.43,0.00,0.00,0.00,072025,Y,,VEN003-0012
2B-000524,09CQXKG3580H8ZB,Falcon Tech LLP,INV-0011,R,2025-07-03,70369.19,7,N,18,59634.91,10734.28,0.00,0.00,0.00,072025,Y,,VEN035-0011
2B-000525,09CQXKG3580H8ZB,Falcon Tech LLP,VEN035-0012,R,2025-07-12,24269.47,7,N,28,18960.84,5308.63,0.00,0.00,0.00,072025,Y,,VEN035-0012
2B-000526,09CQXKG3580H8ZB,Falcon Tech LLP,VEN035-0013,R,2025-07-14,24831.50,7,N,18,21043.64,3787.86,0.00,0.00,0.00,072025,Y,,VEN035-0013
2B-000527,09CQXKG3580H8ZB,Falcon Tech LLP,VEN035-0014,R,2025-07-16,319078.40,7,N,18,270405.42,48672.98,0.00,0.00,0.00,072025,Y,,VEN035-0014
2B-000528,09CQXKG3580H8ZB,Falcon Tech LLP,15,R,2025-07-17,44019.10,7,N,18,37304.32,6714.78,0.00,0.00,0.00,072025,Y,,VEN035-0015
2B-000529,09CQXKG3580H8ZB,Falcon Tech LLP,VEN035-0016,R,2025-07-18,358993.13,7,N,18,304231.47,54761.66,0.00,0.00,0.00,072025,Y,,VEN035-0016
2B-000530,09CQXKG3580H8ZB,Falcon Tech LLP,VEN035-0055,R,2025-07-18,336336.50,7,N,18,285030.93,51305.57,0.00,0.00,0.00,072025,Y,,
2B-000531,09IJVGB8145C3ZB,Shree Infra Ltd,5,R,2025-06-03,45620.79,7,N,28,35641.24,9979.55,0.00,0.00,0.00,072025,Y,,VEN019-0005
2B-000532,09KITFJ6794N1ZB,Unity Systems LLP,VEN008-0011,R,2025-07-08,5622.66,7,N,18,4764.97,857.69,0.00,0.00,0.00,072025,Y,,VEN008-0011
2B-000533,09KITFJ6794N1ZB,Unity Systems LLP,VEN008-0012,R,2025-07-10,62579.59,7,N,18,53033.55,9546.04,0.00,0.00,0.00,072025,Y,,VEN008-0012
2B-000534,09KITFJ6794N1ZB,Unity Systems LLP,INV-0013,R,2025-07-24,14545.77,7,N,5,13853.11,692.66,0.00,0.00,0.00,072025,Y,,VEN008-0013
2B-000535,09RATVE0496Z7ZC,Trident Logistics & Co,VEN038-0014,R,2025-07-01,73066.84,7,N,28,57083.47,15983.37,0.00,0.00,0.00,072025,Y,,VEN038-0014
2B-000536,09RATVE0496Z7ZC,Trident Logistics & Co,VEN038-0015,R,2025-07-06,1400697.01,7,N,28,1094294.54,306402.47,0.00,0.00,0.00,072025,Y,,VEN038-0015
2B-000537,09RATVE0496Z7ZC,Trident Logistics & Co,VEN038-0016,R,2025-07-07,17202.85,7,N,18,14578.69,2624.16,0.00,0.00,0.00,072025,Y,,VEN038-0016
2B-000538,09RATVE0496Z7ZC,Trident Logistics & Co,18,R,2025-07-29,1885694.44,7,N,12,1683655.75,202038.69,0.00,0.00,0.00,072025,Y,,VEN038-0018
2B-000539,09RATVE0496Z7ZC,Trident Logistics & Co,VEN038-0017,R,2025-07-29,376095.90,7,N,18,318725.34,57370.56,0.00,0.00,0.00,072025,Y,,VEN038-0017
2B-000540,09RATVE0496Z7ZC,Trident Logistics & Co,INV-0020,R,2025-07-30,27368.72,7,N,0,27368.72,0.00,0.00,0.00,0.00,072025,Y,,VEN038-0020
2B-000541,09RATVE0496Z7ZC,Trident Logistics & Co,VEN/038/0019,R,2025-07-30,18095.80,7,N,18,15335.42,2760.38,0.00,0.00,0.00,072025,Y,,VEN038-0019
2B-000542,09RATVE0496Z7ZC,Trident Logistics & Co,VEN/038/0021,R,2025-07-31,5250000.00,7,N,5,5000000.00,250000.00,0.00,0.00,0.00,072025,Y,,VEN038-0021
2B-000543,19BPIWU1426U8ZA,Sigma Electronics Pvt Ltd,VEN048-0006,R,2025-06-15,255456.70,7,N,0,255456.70,0.00,0.00,0.00,0.00,072025,Y,,VEN048-0006
2B-000544,19BPIWU1426U8ZA,Sigma Electronics Pvt Ltd,VEN048-0007,R,2025-06-17,12586.29,7,N,5,11986.94,599.35,0.00,0.00,0.00,072025,Y,,VEN048-0007
2B-000545,19OHMLN7771Z5ZC,Meridian Traders & Co,11,R,2025-07-14,3605.73,7,N,5,3434.03,171.70,0.00,0.00,0.00,072025,Y,,VEN015-0011
2B-000546,19OHMLN7771Z5ZC,Meridian Traders & Co,INV-0012,R,2025-07-14,4954.82,7,N,18,4199.00,755.82,0.00,0.00,0.00,072025,Y,,VEN015-0012
2B-000547,19OHMLN7771Z5ZC,Meridian Traders & Co,INV-0015,R,2025-07-14,8783.88,7,N,5,8365.60,418.28,0.00,0.00,0.00,072025,Y,,VEN015-0015
2B-000548,19OHMLN7771Z5ZC,Meridian Traders & Co,VEN015-0013,R,2025-07-14,6525.47,7,N,18,5530.06,995.41,0.00,0.00,0.00,072025,Y,,VEN015-0013
2B-000549,19OHMLN7771Z5ZC,Meridian Traders & Co,VEN015-0014,R,2025-07-14,9366.29,7,N,5,8920.28,446.01,0.00,0.00,0.00,072025,Y,,VEN015-0014
2B-000550,19OHMLN7771Z5ZC,Meridian Traders & Co,VEN015-0016,R,2025-07-14,16634.20,7,N,18,14096.78,2537.42,0.00,0.00,0.00,072025,Y,,VEN015-0016
2B-000551,19OHMLN7771Z5ZC,Meridian Traders & Co,VEN015-0017,R,2025-07-16,20297.46,7,N,18,17201.24,3096.22,0.00,0.00,0.00,072025,Y,,VEN015-0017
2B-000552,19OHMLN7771Z5ZC,Meridian Traders & Co,VEN015-0018,R,2025-07-19,30262.62,7,N,18,25646.29,4616.33,0.00,0.00,0.00,072025,Y,,VEN015-0018
2B-000553,19OHMLN7771Z5ZC,Meridian Traders & Co,VEN015-0019,R,2025-07-25,15738.33,7,N,18,13337.57,2400.76,0.00,0.00,0.00,072025,Y,,VEN015-0019
2B-000554,19UMKHA3185K5ZL,Vertex Logistics LLP,VEN032-0020,R,2025-07-12,34477.16,7,N,18,29217.93,5259.23,0.00,0.00,0.00,072025,Y,,VEN032-0020
2B-000555,19UMKHA3185K5ZL,Vertex Logistics LLP,INV-0021,R,2025-07-15,21898.09,7,N,0,21898.09,0.00,0.00,0.00,0.00,072025,Y,,VEN032-0021
2B-000556,19UMKHA3185K5ZL,Vertex Logistics LLP,VEN032-0022,R,2025-07-16,13087.36,7,N,5,12464.15,623.21,0.00,0.00,0.00,072025,Y,,VEN032-0022
2B-000557,19YDFPE7285G2ZN,Meridian Industries LLP,VEN011-0012,R,2025-07-22,74228.12,7,N,28,57990.72,16237.40,0.00,0.00,0.00,072025,Y,,VEN011-0012
2B-000558,24BSPXQ4264B5Z4,Crest Foods & Co,VEN033-0006,R,2025-06-02,125132.85,7,N,28,97760.04,27372.81,0.00,0.00,0.00,072025,Y,,VEN033-0006
2B-000559,24BSPXQ4264B5Z4,Crest Foods & Co,VEN033-0007,R,2025-06-17,73476.26,7,N,18,62268.02,11208.24,0.00,0.00,0.00,072025,Y,,VEN033-0007
2B-000560,24DKZXM3530X5ZC,Royal Tech Ltd,VEN/036/0014,R,2025-07-02,75325.26,7,N,18,63834.97,11490.29,0.00,0.00,0.00,072025,Y,,VEN036-0014
2B-000561,24DKZXM3530X5ZC,Royal Tech Ltd,INV-0015,R,2025-07-16,22496.03,7,N,5,21424.79,1071.24,0.00,0.00,0.00,072025,Y,,VEN036-0015
2B-000562,24DKZXM3530X5ZC,Royal Tech Ltd,VEN036-0016,R,2025-07-16,58227.10,7,N,18,49345.00,8882.10,0.00,0.00,0.00,072025,Y,,VEN036-0016
2B-000563,24DKZXM3530X5ZC,Royal Tech Ltd,INV-0017,R,2025-07-20,87322.71,7,N,28,68220.87,19101.84,0.00,0.00,0.00,072025,Y,,VEN036-0017
2B-000564,24NTKDR1082K6ZL,Horizon Motors & Co,VEN014-0011,R,2025-07-05,26457.85,7,N,18,22421.91,4035.94,0.00,0.00,0.00,072025,Y,,VEN014-0011
2B-000565,24NTKDR1082K6ZL,Horizon Motors & Co,VEN014-0012,R,2025-07-25,119234.70,7,N,18,101046.36,18188.34,0.00,0.00,0.00,072025,Y,,VEN014-0012
2B-000566,24NTKDR1082K6ZL,Horizon Motors & Co,VEN014-0013,R,2025-07-26,41676.76,7,N,12,37211.39,4465.37,0.00,0.00,0.00,072025,Y,,VEN014-0013
2B-000567,24NTKDR1082K6ZL,Horizon Motors & Co,VEN014-0014,R,2025-07-29,19007.94,7,N,0,19007.94,0.00,0.00,0.00,0.00,072025,Y,,VEN014-0014
2B-000568,24NTKDR1082K6ZL,Horizon Motors & Co,VEN014-0015,R,2025-07-29,46874.50,7,N,5,44642.38,2232.12,0.00,0.00,0.00,072025,Y,,VEN014-0015
2B-000569,24SALVT7843V8ZE,Global Consulting Pvt Ltd,VEN/001/0005,R,2025-07-08,7737.24,7,N,5,7368.80,368.44,0.00,0.00,0.00,072025,Y,,VEN001-0005
2B-000570,24SALVT7843V8ZE,Global Consulting Pvt Ltd,VEN001-0006,R,2025-07-21,21109.81,7,N,18,17889.67,3220.14,0.00,0.00,0.00,072025,Y,,VEN001-0006
2B-000571,24SALVT7843V8ZE,Global Consulting Pvt Ltd,VEN001-0007,R,2025-07-24,7380.24,7,N,5,7028.80,351.44,0.00,0.00,0.00,072025,Y,,VEN001-0007
2B-000572,24SALVT7843V8ZE,Global Consulting Pvt Ltd,INV-0008,R,2025-07-28,50754.47,7,N,18,43012.26,7742.21,0.00,0.00,0.00,072025,Y,,VEN001-0008
2B-000573,27ADDXB1263F7ZI,Sigma Electronics Ltd,VEN025-0010,R,2025-06-21,46433.77,7,N,28,36276.38,10157.39,0.00,0.00,0.00,072025,Y,,VEN025-0010
2B-000574,27ADDXB1263F7ZI,Sigma Electronics Ltd,VEN025-0011,R,2025-06-25,93161.64,7,N,28,72782.53,20379.11,0.00,0.00,0.00,072025,Y,,VEN025-0011
2B-000575,27DVWPC2404K6Z7,Indus Enterprises LLP,VEN021-0010,R,2025-07-07,88737.63,7,N,28,69326.27,19411.36,0.00,0.00,0.00,072025,Y,,VEN021-0010
2B-000576,27DVWPC2404K6Z7,Indus Enterprises LLP,VEN/021/0011,R,2025-07-09,505902.92,7,N,18,428731.29,77171.63,0.00,0.00,0.00,072025,Y,,VEN021-0011
2B-000577,27DVWPC2404K6Z7,Indus Enterprises LLP,VEN021-0012,R,2025-07-16,13019.05,7,N,18,11033.09,1985.96,0.00,0.00,0.00,072025,Y,,VEN021-0012
2B-000578,27DVWPC2404K6Z7,Indus Enterprises LLP,VEN021-0013,R,2025-07-19,283433.25,7,N,18,240197.67,43235.58,0.00,0.00,0.00,072025,Y,,VEN021-0013
2B-000579,27DVWPC2404K6Z7,Indus Enterprises LLP,VEN021-0014,R,2025-07-23,39455.57,7,N,18,33436.92,6018.65,0.00,0.00,0.00,072025,Y,,VEN021-0014
2B-000580,27IHKYA4322G9ZS,Orion Consulting & Co,VEN034-0005,R,2025-07-10,6333.36,7,N,18,5367.48,965.88,0.00,0.00,0.00,072025,Y,,VEN034-0005
2B-000581,27IHKYA4322G9ZS,Orion Consulting & Co,VEN034-0006,R,2025-07-23,6618.95,7,N,18,5609.28,1009.67,0.00,0.00,0.00,072025,Y,,VEN034-0006
2B-000582,27METYM9562Z9ZM,Bharat Enterprises LLP,VEN005-0008,R,2025-07-30,60175.70,7,N,12,53728.30,6447.40,0.00,0.00,0.00,072025,Y,,VEN005-0008
2B-000583,27MZBLF3946W2ZF,Titan Industries Ltd,VEN017-0014,R,2025-07-08,13970.85,7,N,5,13305.57,665.28,0.00,0.00,0.00,072025,Y,,VEN017-0014
2B-000584,27MZBLF3946W2ZF,Titan Industries Ltd,VEN017-0015,R,2025-07-14,198797.75,7,N,18,168472.67,30325.08,0.00,0.00,0.00,072025,Y,,VEN017-0015
2B-000585,27MZBLF3946W2ZF,Titan Industries Ltd,VEN017-0016,R,2025-07-15,188729.67,7,N,18,159940.40,28789.27,0.00,0.00,0.00,072025,Y,,VEN017-0016
2B-000586,27MZBLF3946W2ZF,Titan Industries Ltd,VEN/017/0017,R,2025-07-16,193627.21,7,N,18,164090.86,29536.35,0.00,0.00,0.00,072025,Y,,VEN017-0017
2B-000587,27MZBLF3946W2ZF,Titan Industries Ltd,VEN017-0018,R,2025-07-17,226239.08,7,N,18,191728.03,34511.05,0.00,0.00,0.00,072025,Y,,VEN017-0018
2B-000588,27MZBLF3946W2ZF,Titan Industries Ltd,VEN017-0019,R,2025-07-17,7775.14,7,N,0,7775.14,0.00,0.00,0.00,0.00,072025,Y,,VEN017-0019
2B-000589,27MZBLF3946W2ZF,Titan Industries Ltd,VEN017-0020,R,2025-07-17,196389.03,7,N,18,166431.38,29957.65,0.00,0.00,0.00,072025,Y,,VEN017-0020
2B-000590,27MZBLF3946W2ZF,Titan Industries Ltd,INV-0021,R,2025-07-28,8414.55,7,N,5,8013.86,400.69,0.00,0.00,0.00,072025,Y,,VEN017-0021
2B-000591,27SMUZG8775G5Z4,Falcon Traders Ltd,VEN012-0013,R,2025-07-17,47055.97,7,N,18,39877.94,7178.03,0.00,0.00,0.00,072025,Y,,VEN012-0013
2B-000592,27SMUZG8775G5Z4,Falcon Traders Ltd,VEN012-0014,R,2025-07-18,56845.74,7,N,18,48174.36,8671.38,0.00,0.00,0.00,072025,Y,,VEN012-0014
2B-000593,27SMUZG8775G5Z4,Falcon Traders Ltd,15,R,2025-07-28,87281.44,7,N,18,73967.32,13314.12,0.00,0.00,0.00,072025,Y,,VEN012-0015
2B-000594,27XOEEP5452W8ZP,Crest Traders Pvt Ltd,VEN037-0009,R,2025-07-02,112072.75,7,N,18,94976.91,17095.84,0.00,0.00,0.00,072025,Y,,VEN037-0009
2B-000595,27XOEEP5452W8ZP,Crest Traders Pvt Ltd,VEN/037/0010,R,2025-07-21,34850.55,7,N,28,27226.99,7623.56,0.00,0.00,0.00,072025,Y,,VEN037-0010
2B-000596,27ZEKBL5846Z1Z7,Jupiter Components Pvt Ltd,VEN002-0012,R,2025-07-04,91766.29,7,N,18,77768.04,13998.25,0.00,0.00,0.00,072025,Y,,VEN002-0012
2B-000597,27ZEKBL5846Z1Z7,Jupiter Components Pvt Ltd,VEN002-0013,R,2025-07-11,19353.51,7,N,18,16401.28,2952.23,0.00,0.00,0.00,072025,Y,,VEN002-0013
2B-000598,29TABAS6604Y1ZX,Sigma Traders Ltd,INV-0017,R,2025-07-03,136779.30,7,N,18,115914.66,20864.64,0.00,0.00,0.00,072025,Y,,VEN016-0017
2B-000599,29TABAS6604Y1ZX,Sigma Traders Ltd,VEN016-0018,R,2025-07-28,3617.15,7,N,5,3444.90,172.25,0.00,0.00,0.00,072025,Y,,VEN016-0018
2B-000600,29ULWSZ7970U2Z8,Falcon Components LLP,VEN028-0012,R,2025-07-07,4638.40,7,N,0,4638.40,0.00,0.00,0.00,0.00,072025,Y,,VEN028-0012
2B-000601,29ULWSZ7970U2Z8,Falcon Components LLP,13,R,2025-07-16,116653.88,7,N,18,98859.22,17794.66,0.00,0.00,0.00,072025,Y,,VEN028-0013
2B-000602,29ULWSZ7970U2Z8,Falcon Components LLP,VEN028-0014,R,2025-07-18,25630.83,7,N,18,21721.04,3909.79,0.00,0.00,0.00,072025,Y,,VEN028-0014
2B-000603,29ULWSZ7970U2Z8,Falcon Components LLP,VEN028-0015,R,2025-07-19,18797.35,7,N,18,15929.96,2867.39,0.00,0.00,0.00,072025,Y,,VEN028-0015
2B-000604,29ULWSZ7970U2Z8,Falcon Components LLP,VEN028-0016,R,2025-07-28,92607.88,7,N,28,72349.91,20257.97,0.00,0.00,0.00,072025,Y,,VEN028-0016
2B-000605,29VYHLW6909G1ZE,Unity Media LLP,VEN007-0015,R,2025-07-01,35877.22,7,N,18,30404.42,5472.80,0.00,0.00,0.00,072025,Y,,VEN007-0015
2B-000606,29VYHLW6909G1ZE,Unity Media LLP,16,R,2025-07-09,77081.25,7,N,18,65323.09,11758.16,0.00,0.00,0.00,072025,Y,,VEN007-0016
2B-000607,29VYHLW6909G1ZE,Unity Media LLP,VEN007-0017,R,2025-07-17,228959.65,7,N,18,194033.60,34926.05,0.00,0.00,0.00,072025,Y,,VEN007-0017
2B-000608,29VYHLW6909G1ZE,Unity Media LLP,18,R,2025-07-30,133950.79,7,N,18,113517.62,20433.17,0.00,0.00,0.00,072025,Y,,VEN007-0018
2B-000609,29VYHLW6909G1ZE,Unity Media LLP,VEN/007/0019,R,2025-07-31,49490.34,7,N,18,41940.97,7549.37,0.00,0.00,0.00,072025,Y,,VEN007-0019
2B-000610,33DMSQD6561G9ZL,Lotus Industries Pvt Ltd,VEN026-0012,R,2025-07-01,213640.23,7,N,18,181051.04,32589.19,0.00,0.00,0.00,072025,Y,,VEN026-0012
2B-000611,33DMSQD6561G9ZL,Lotus Industries Pvt Ltd,VEN026-0013,R,2025-07-06,260186.93,7,N,18,220497.40,39689.53,0.00,0.00,0.00,072025,Y,,VEN026-0013
2B-000612,33DMSQD6561G9ZL,Lotus Industries Pvt Ltd,INV-0014,R,2025-07-12,411407.96,7,N,18,348650.81,62757.15,0.00,0.00,0.00,072025,Y,,VEN026-0014
2B-000613,33DMSQD6561G9ZL,Lotus Industries Pvt Ltd,15,R,2025-07-29,54372.17,7,N,0,54372.17,0.00,0.00,0.00,0.00,072025,Y,,VEN026-0015
2B-000614,33DMSQD6561G9ZL,Lotus Industries Pvt Ltd,VEN/026/0016,R,2025-07-31,461867.42,7,N,18,391413.07,70454.35,0.00,0.00,0.00,072025,Y,,VEN026-0016
2B-000615,33PESEP5781B3ZF,Prime Systems Pvt Ltd,VEN020-0014,R,2025-06-24,148630.33,7,N,18,125957.91,22672.42,0.00,0.00,0.00,072025,Y,,VEN020-0014
2B-000616,33PESEP5781B3ZF,Prime Systems Pvt Ltd,VEN020-0015,R,2025-06-24,40477.06,7,N,28,31622.70,8854.36,0.00,0.00,0.00,072025,Y,,VEN020-0015
2B-000617,33YKXAB5987J5ZJ,Jupiter Industries Pvt Ltd,VEN046-0011,R,2025-07-08,13378.58,7,N,0,13378.58,0.00,0.00,0.00,0.00,072025,Y,,VEN046-0011
2B-000618,33YKXAB5987J5ZJ,Jupiter Industries Pvt Ltd,VEN046-0012,R,2025-07-14,578164.35,7,N,18,489969.79,88194.56,0.00,0.00,0.00,072025,Y,,VEN046-0012
2B-000619,33YKXAB5987J5ZJ,Jupiter Industries Pvt Ltd,VEN046-0013,R,2025-07-21,121162.56,7,N,28,94658.25,26504.31,0.00,0.00,0.00,072025,Y,,VEN046-0013
2B-000620,33YKXAB5987J5ZJ,Jupiter Industries Pvt Ltd,VEN046-0014,R,2025-07-23,28966.14,7,N,18,24547.58,4418.56,0.00,0.00,0.00,072025,Y,,VEN046-0014
2B-000621,33YKXAB5987J5ZJ,Jupiter Industries Pvt Ltd,VEN046-0015,R,2025-07-25,203553.95,7,N,18,172503.35,31050.60,0.00,0.00,0.00,072025,Y,,VEN046-0015
2B-000622,33YKXAB5987J5ZJ,Jupiter Industries Pvt Ltd,VEN046-0016,R,2025-07-28,138389.45,7,N,28,108116.76,30272.69,0.00,0.00,0.00,072025,Y,,VEN046-0016
2B-000623,36NBJZD8287I7Z5,Vikram Components Ltd,VEN039-0005,R,2025-06-09,320462.78,7,N,28,250361.55,70101.23,0.00,0.00,0.00,072025,Y,,VEN039-0005
2B-000624,36NBJZD8287I7Z5,Vikram Components Ltd,INV-0006,R,2025-06-19,281640.91,7,N,18,238678.74,0.00,21481.08,21481.09,0.00,072025,Y,,VEN039-0006
2B-000625,36NBJZD8287I7Z5,Vikram Components Ltd,7,R,2025-06-24,590752.84,7,N,18,500638.00,90114.84,0.00,0.00,0.00,072025,Y,,VEN039-0007
2B-000626,07CAANY0360A5Z4,Falcon Industries Private Limited,VEN018-0015,R,2025-08-01,98562.68,7,N,12,88002.39,0.00,5280.15,5280.14,0.00,082025,Y,,VEN018-0015
2B-000627,07CAANY0360A5Z4,Falcon Industries Private Limited,VEN018-0045,R,2025-08-04,113617.64,7,N,12,101444.32,0.00,6086.66,6086.66,0.00,082025,Y,,
2B-000628,07CAANY0360A5Z4,Falcon Industries Private Limited,VEN018-0016,R,2025-08-19,7222.79,7,N,0,7222.79,0.00,0.00,0.00,0.00,082025,Y,,VEN018-0016
2B-000629,07DAFGU3070W4Z4,Titan Solutions & Co,VEN/045/0023,R,2025-08-18,38354.91,7,N,0,38354.91,0.00,0.00,0.00,0.00,082025,Y,,VEN045-0023
2B-000630,07DAFGU3070W4Z4,Titan Solutions & Co,VEN045-0024,R,2025-08-19,133864.16,7,N,18,113444.20,0.00,10209.98,10209.98,0.00,082025,Y,,VEN045-0024
2B-000631,07DAFGU3070W4Z4,Titan Solutions & Co,VEN045-0025,R,2025-08-27,24733.70,7,N,28,19323.20,0.00,2705.25,2705.25,0.00,082025,Y,,VEN045-0025
2B-000632,07FNTBF7791F4Z1,Zenith Components & Co,INV-0014,R,2025-08-05,76400.42,7,N,18,65796.21,0.00,5302.10,5302.11,0.00,082025,Y,,VEN031-0014
2B-000633,07FNTBF7791F4Z1,Zenith Components & Co,VEN031-0015,R,2025-08-06,9703.00,7,N,18,8222.88,0.00,740.06,740.06,0.00,082025,Y,,VEN031-0015
2B-000634,07FNTBF7791F4Z1,Zenith Components & Co,VEN031-0016,R,2025-08-22,89028.10,7,N,18,75447.54,0.00,6790.28,6790.28,0.00,082025,Y,,VEN031-0016
2B-000635,07HKNYR0876L1ZQ,Meridian Tech Pvt Ltd,VEN024-0022,R,2025-08-19,22886.25,7,N,0,22886.25,0.00,0.00,0.00,0.00,082025,Y,,VEN024-0022
2B-000636,07HKNYR0876L1ZQ,Meridian Tech Pvt Ltd,VEN/024/0023,R,2025-08-21,53768.69,7,N,18,45566.69,0.00,4101.00,4101.00,0.00,082025,Y,,VEN024-0023
2B-000637,07HPTKV5985K1ZO,Apex Solutions LLP,VEN044-0015,R,2025-08-29,81332.80,7,N,18,68926.10,0.00,6203.35,6203.35,0.00,082025,Y,,VEN044-0015
2B-000638,07HZLZU4203C4ZO,Lotus Solutions LLP,17,R,2025-08-02,42275.43,7,N,0,42275.43,0.00,0.00,0.00,0.00,082025,Y,,VEN050-0017
2B-000639,07HZLZU4203C4ZO,Lotus Solutions LLP,VEN050-0018,R,2025-08-11,141731.85,7,N,18,120111.56,0.00,10810.25,10810.04,0.00,082025,Y,,VEN050-0018
2B-000640,07HZLZU4203C4ZO,Lotus Solutions LLP,VEN050-0019,R,2025-08-13,19889.59,7,N,5,18942.47,0.00,473.56,473.56,0.00,082025,Y,,VEN050-0019
2B-000641,07IJPOK5732M2ZG,Bharat Foods Pvt Ltd,VEN/029/0011,R,2025-07-10,5693.89,7,N,18,4825.33,0.00,434.28,434.28,0.00,082025,Y,,VEN029-0011
2B-000642,07IJPOK5732M2ZG,Bharat Foods Pvt Ltd,12,R,2025-07-14,5143.10,7,N,5,4898.19,0.00,122.45,122.46,0.00,082025,Y,,VEN029-0012
2B-000643,07IJPOK5732M2ZG,Bharat Foods Pvt Ltd,VEN029-0013,R,2025-07-26,120130.47,7,N,18,101805.48,0.00,9162.50,9162.49,0.00,082025,Y,,VEN029-0013
2B-000644,07IKVBH9820B5ZH,Pinnacle Consulting Ltd,VEN013-0023,R,2025-08-11,16709.25,7,N,18,14160.38,0.00,1274.43,1274.44,0.00,082025,Y,,VEN013-0023
2B-000645,07IKVBH9820B5ZH,Pinnacle Consulting Ltd,VEN013-0024,R,2025-08-24,154068.19,7,N,18,130566.26,0.00,11750.97,11750.96,0.00,082025,Y,,VEN013-0024
2B-000646,07IKVBH9820B5ZH,Pinnacle Consulting Ltd,VEN013-0025,R,2025-08-25,177216.11,7,N,18,150183.14,0.00,13516.49,13516.48,0.00,082025,Y,,VEN013-0025
2B-000647,07IKVBH9820B5ZH,Pinnacle Consulting Ltd,26,R,2025-08-27,46811.56,7,N,18,39670.81,0.00,3570.38,3570.37,0.00,082025,Y,,VEN013-0026
2B-000648,07IKVBH9820B5ZH,Pinnacle Consulting Ltd,INV-0027,R,2025-08-30,47364.98,7,N,18,40139.81,7225.17,0.00,0.00,0.00,082025,Y,,VEN013-0027
2B-000649,07JEJSC5168Z9ZT,Global Motors Pvt Ltd,VEN030-0014,R,2025-08-01,128189.45,7,N,18,108635.13,0.00,9777.16,9777.16,0.00,082025,Y,,VEN030-0014
2B-000650,07JEJSC5168Z9ZT,Global Motors Pvt Ltd,VEN030-0015,R,2025-08-07,21323.08,7,N,0,21323.08,0.00,0.00,0.00,0.00,082025,Y,,VEN030-0015
2B-000651,07JEJSC5168Z9ZT,Global Motors Pvt Ltd,VEN030-0016,R,2025-08-09,69002.01,7,N,12,61608.94,0.00,3696.53,3696.54,0.00,082025,Y,,VEN030-0016
2B-000652,07JEJSC5168Z9ZT,Global Motors Pvt Ltd,VEN030-0017,R,2025-08-20,106775.36,7,N,28,83418.25,0.00,11678.56,11678.55,0.00,082025,Y,,VEN030-0017
2B-000653,07JEJSC5168Z9ZT,Global Motors Pvt Ltd,VEN030-0018,R,2025-08-23,13859.00,7,N,5,13199.05,0.00,329.98,329.97,0.00,082025,Y,,VEN030-0018
2B-000654,07JEJSC5168Z9ZT,Global Motors Pvt Ltd,VEN030-0019,R,2025-08-25,30293.91,7,N,28,23667.12,0.00,3313.39,3313.40,0.00,082025,Y,,VEN030-0019
2B-000655,07LMLPC0398Y5ZM,Jupiter Solutions & Co,VEN040-0013,R,2025-08-18,98658.24,7,N,18,83608.68,0.00,7524.78,7524.78,0.00,082025,Y,,VEN040-0013
2B-000656,07QIKWC6704V1ZS,Unity Infra Pvt Ltd,VEN009-0013,R,2025-08-04,75937.00,7,N,28,59325.78,0.00,8305.61,8305.61,0.00,082025,Y,,VEN009-0013
2B-000657,07QIKWC6704V1ZS,Unity Infra Pvt Ltd,14,R,2025-08-05,231685.24,7,N,18,196343.42,0.00,17670.91,17670.91,0.00,082025,Y,,VEN009-0014
2B-000658,07QIKWC6704V1ZS,Unity Infra Pvt Ltd,VEN/009/0015,R,2025-08-09,253241.50,7,N,18,214611.44,0.00,19315.03,19315.03,0.00,082025,Y,,VEN009-0015
2B-000659,07QIKWC6704V1ZS,Unity Infra Pvt Ltd,VEN009-0016,R,2025-08-14,128877.63,7,N,0,128877.51,0.00,0.12,0.00,0.00,082025,Y,,VEN009-0016
2B-000660,07YMNMM4218B7ZL,Titan Retail LLP,VEN043-0016,R,2025-08-10,53192.49,7,N,18,45078.38,0.00,4057.05,4057.06,0.00,082025,Y,,VEN043-0016
2B-000661,07YMNMM4218B7ZL,Titan Retail LLP,VEN043-0017,R,2025-08-14,165230.84,7,N,28,129086.59,0.00,18072.12,18072.13,0.00,082025,Y,,VEN043-0017
2B-000662,07YMNMM4218B7ZL,Titan Retail LLP,VEN043-0018,R,2025-08-16,62830.11,7,N,18,53245.86,0.00,4792.12,4792.13,0.00,082025,Y,,VEN043-0018
2B-000663,07ZZKDV5987F1ZJ,Quantum Retail Private Limited,VEN/023/0020,R,2025-08-11,16575.88,7,N,18,14047.36,0.00,1264.26,1264.26,0.00,082025,Y,,VEN023-0020
2B-000664,07ZZKDV5987F1ZJ,Quantum Retail Private Limited,21,R,2025-08-16,134875.52,7,N,18,114301.29,0.00,10287.11,10287.12,0.00,082025,Y,,VEN023-0021
2B-000665,07ZZKDV5987F1ZJ,Quantum Retail Private Limited,INV-0022,R,2025-08-24,12447.37,7,N,5,11854.64,0.00,296.37,296.36,0.00,082025,Y,,VEN023-0022
2B-000666,07ZZKDV5987F1ZJ,Quantum Retail Private Limited,VEN/023/0023,R,2025-08-25,23276.42,7,N,28,18184.70,0.00,2545.86,2545.86,0.00,082025,Y,,VEN023-0023
2B-000667,08DLGSA5957L6ZD,Quantum Media LLP,VEN049-0006,R,2025-07-05,19213.99,7,N,5,18299.04,914.95,0.00,0.00,0.00,082025,Y,,VEN049-0006
2B-000668,08DLGSA5957L6ZD,Quantum Media LLP,VEN049-0007,R,2025-07-15,40184.27,7,N,5,38270.73,1913.54,0.00,0.00,0.00,082025,Y,,VEN049-0007
2B-000669,08DLGSA5957L6ZD,Quantum Media LLP,VEN049-0008,R,2025-07-29,274924.03,7,N,18,232986.47,41937.56,0.00,0.00,0.00,082025,Y,,VEN049-0008
2B-000670,08DLGSA5957L6ZD,Quantum Media LLP,VEN049-0009,R,2025-07-31,101510.02,7,N,18,86025.44,15484.58,0.00,0.00,0.00,082025,Y,,VEN049-0009
2B-000671,08DLGSA5957L6ZD,Quantum Media LLP,VEN049-0010,R,2025-07-31,11335.47,7,N,5,10795.69,539.78,0.00,0.00,0.00,082025,Y,,VEN049-0010
2B-000672,08DWHYC6866Y6ZK,Evergreen Infra Private Limited,VEN042-0012,R,2025-07-10,16746.56,7,N,18,14192.00,2554.56,0.00,0.00,0.00,082025,Y,,VEN042-0012
2B-000673,08DWHYC6866Y6ZK,Evergreen Infra Private Limited,VEN042-0013,R,2025-07-12,5216.19,7,N,0,5216.19,0.00,0.00,0.00,0.00,082025,Y,,VEN042-0013
2B-000674,08DWHYC6866Y6ZK,Evergreen Infra Private Limited,VEN042-0014,R,2025-07-21,6640.07,7,N,5,6323.88,316.19,0.00,0.00,0.00,082025,Y,,VEN042-0014
2B-000675,08JRQQT0128B3ZH,Unity Media Pvt Ltd,VEN047-0009,R,2025-07-10,5900000.00,7,N,18,5000000.00,900000.00,0.00,0.00,0.00,082025,Y,,VEN047-0009
2B-000676,08JRQQT0128B3ZH,Unity Media Pvt Ltd,10,R,2025-07-18,108356.72,7,N,18,91827.73,16528.99,0.00,0.00,0.00,082025,Y,,VEN047-0010
2B-000677,08JRQQT0128B3ZH,Unity Media Pvt Ltd,VEN/047/0011,R,2025-07-24,20176.08,7,N,28,15762.56,4413.52,0.00,0.00,0.00,082025,Y,,VEN047-0011
2B-000678,08MQFEU2813L7ZM,Crest Media Pvt Ltd,13,R,2025-08-25,63603.90,7,N,18,53901.61,9702.29,0.00,0.00,0.00,082025,Y,,VEN003-0013
2B-000679,08MQFEU2813L7ZM,Crest Media Pvt Ltd,VEN003-0014,R,2025-08-27,96603.70,7,N,5,92003.52,4600.18,0.00,0.00,0.00,082025,Y,,VEN003-0014
2B-000680,09CQXKG3580H8ZB,Falcon Tech LLP,VEN/035/0017,R,2025-08-05,401498.01,7,N,18,340252.55,61245.46,0.00,0.00,0.00,082025,Y,,VEN035-0017
2B-000681,09CQXKG3580H8ZB,Falcon Tech LLP,VEN035-0018,R,2025-08-13,153028.41,7,N,18,129685.09,23343.32,0.00,0.00,0.00,082025,Y,,VEN035-0018
2B-000682,09CQXKG3580H8ZB,Falcon Tech LLP,VEN035-0019,R,2025-08-21,56576.49,7,N,18,47946.18,8630.31,0.00,0.00,0.00,082025,Y,,VEN035-0019
2B-000683,09CQXKG3580H8ZB,Falcon Tech LLP,INV-0020,R,2025-08-26,24779.23,7,N,18,20999.35,3779.88,0.00,0.00,0.00,082025,Y,,VEN035-0020
2B-000684,09KITFJ6794N1ZB,Unity Systems LLP,VEN008-0014,R,2025-08-01,31031.09,7,N,28,24243.04,6788.05,0.00,0.00,0.00,082025,Y,,VEN008-0014
2B-000685,09KITFJ6794N1ZB,Unity Systems LLP,VEN008-0015,R,2025-08-05,343893.06,7,N,28,268666.45,75226.61,0.00,0.00,0.00,082025,Y,,VEN008-0015
2B-000686,09KITFJ6794N1ZB,Unity Systems LLP,VEN008-0016,R,2025-08-05,202244.21,7,N,18,171393.40,30850.81,0.00,0.00,0.00,082025,Y,,VEN008-0016
2B-000687,09KITFJ6794N1ZB,Unity Systems LLP,VEN/008/0017,R,2025-08-07,23880.83,7,N,18,20237.99,3642.84,0.00,0.00,0.00,082025,Y,,VEN008-0017
2B-000688,09KITFJ6794N1ZB,Unity Systems LLP,18,R,2025-08-13,6887.61,7,N,0,6887.61,0.00,0.00,0.00,0.00,082025,Y,,VEN008-0018
2B-000689,09KITFJ6794N1ZB,Unity Systems LLP,VEN008-0019,R,2025-08-14,33526.58,7,N,18,28412.36,5114.22,0.00,0.00,0.00,082025,Y,,VEN008-0019
2B-000690,09KITFJ6794N1ZB,Unity Systems LLP,INV-0020,R,2025-08-25,64056.70,7,N,28,50044.30,14012.40,0.00,0.00,0.00,082025,Y,,VEN008-0020
2B-000691,09RATVE0496Z7ZC,Trident Logistics & Co,VEN/038/0022,R,2025-08-09,28888.37,7,N,28,22569.04,6319.33,0.00,0.00,0.00,082025,Y,,VEN038-0022
2B-000692,09RATVE0496Z7ZC,Trident Logistics & Co,VEN038-0023,R,2025-08-13,19094.89,7,N,0,19094.89,0.00,0.00,0.00,0.00,082025,Y,,VEN038-0023
2B-000693,09RATVE0496Z7ZC,Trident Logistics & Co,VEN038-0024,R,2025-08-14,135304.78,7,N,18,114665.07,20639.71,0.00,0.00,0.00,082025,Y,,VEN038-0024
2B-000694,09RATVE0496Z7ZC,Trident Logistics & Co,VEN/038/0025,R,2025-08-20,153626.28,7,N,18,130191.76,23434.52,0.00,0.00,0.00,082025,Y,,VEN038-0025
2B-000695,09RATVE0496Z7ZC,Trident Logistics & Co,VEN/038/0026,R,2025-08-21,28152.93,7,N,5,26812.31,1340.62,0.00,0.00,0.00,082025,Y,,VEN038-0026
2B-000696,09RATVE0496Z7ZC,Trident Logistics & Co,VEN038-0027,R,2025-08-31,38574.28,7,N,28,30136.16,8438.12,0.00,0.00,0.00,082025,Y,,VEN038-0027
2B-000697,19BPIWU1426U8ZA,Sigma Electronics Pvt Ltd,VEN048-0008,R,2025-07-09,32083.15,7,N,5,30555.38,1527.77,0.00,0.00,0.00,082025,Y,,VEN048-0008
2B-000698,19BPIWU1426U8ZA,Sigma Electronics Pvt Ltd,VEN048-0009,R,2025-07-18,166001.30,7,N,18,140679.07,25322.23,0.00,0.00,0.00,082025,Y,,VEN048-0009
2B-000699,19BPIWU1426U8ZA,Sigma Electronics Pvt Ltd,VEN048-0010,R,2025-07-24,24855.12,7,N,5,23671.54,1183.58,0.00,0.00,0.00,082025,Y,,VEN048-0010
2B-000700,19OHMLN7771Z5ZC,Meridian Traders & Co,VEN015-0020,R,2025-08-04,70187.54,7,N,18,59480.97,10706.57,0.00,0.00,0.00,082025,Y,,VEN015-0020
2B-000701,19OHMLN7771Z5ZC,Meridian Traders & Co,VEN015-0021,R,2025-08-15,40783.48,7,N,28,31862.09,8921.39,0.00,0.00,0.00,082025,Y,,VEN015-0021
2B-000702,19OHMLN7771Z5ZC,Meridian Traders & Co,VEN015-0022,R,2025-08-19,23325.49,7,N,5,22214.75,1110.74,0.00,0.00,0.00,082025,Y,,VEN015-0022
2B-000703,19OHMLN7771Z5ZC,Meridian Traders & Co,VEN015-0023,R,2025-08-25,27918.69,7,N,18,23659.91,4258.78,0.00,0.00,0.00,082025,Y,,VEN015-0023
2B-000704,19OHMLN7771Z5ZC,Meridian Traders & Co,VEN/015/0024,R,2025-08-27,183075.55,7,N,28,143027.93,40047.62,0.00,0.00,0.00,082025,Y,,VEN015-0024
2B-000705,19OHMLN7771Z5ZC,Meridian Traders & Co,VEN015-0047,R,2025-08-28,25859.50,7,N,18,21914.83,3944.67,0.00,0.00,0.00,082025,Y,,
2B-000706,19OHMLN7771Z5ZC,Meridian Traders & Co,VEN015-0025,R,2025-08-30,87219.24,7,N,18,73914.61,13304.63,0.00,0.00,0.00,082025,Y,,VEN015-0025
2B-000707,19UMKHA3185K5ZL,Vertex Logistics LLP,VEN032-0023,R,2025-08-02,38370.59,7,N,28,29977.02,8393.57,0.00,0.00,0.00,082025,Y,,VEN032-0023
2B-000708,19UMKHA3185K5ZL,Vertex Logistics LLP,VEN032-0024,R,2025-08-09,16934.31,7,N,18,14351.11,2583.20,0.00,0.00,0.00,082025,Y,,VEN032-0024
2B-000709,19UMKHA3185K5ZL,Vertex Logistics LLP,VEN032-0025,R,2025-08-14,30855.59,7,N,5,29386.28,1469.31,0.00,0.00,0.00,082025,Y,,VEN032-0025
2B-000710,19YDFPE7285G2ZN,Meridian Industries LLP,VEN011-0013,R,2025-08-30,48700.61,7,N,18,41271.70,7428.91,0.00,0.00,0.00,082025,Y,,VEN011-0013
2B-000711,24BSPXQ4264B5Z4,Crest Foods & Co,INV-0008,R,2025-07-11,213668.63,7,N,18,181075.11,32593.52,0.00,0.00,0.00,082025,Y,,VEN033-0008
2B-000712,24BSPXQ4264B5Z4,Crest Foods & Co,VEN033-0009,R,2025-07-11,6290.91,7,N,18,5331.28,959.63,0.00,0.00,0.00,082025,Y,,VEN033-0009
2B-000713,24BSPXQ4264B5Z4,Crest Foods & Co,VEN033-0010,R,2025-07-16,48779.59,7,N,0,48779.59,0.00,0.00,0.00,0.00,082025,Y,,VEN033-0010
2B-000714,24BSPXQ4264B5Z4,Crest Foods & Co,VEN033-0011,R,2025-07-22,36635.61,7,N,5,34890.97,1744.64,0.00,0.00,0.00,082025,Y,,VEN033-0011
2B-000715,24DKZXM3530X5ZC,Royal Tech Ltd,18,R,2025-08-05,13279.31,7,N,18,11253.65,2025.66,0.00,0.00,0.00,082025,Y,,VEN036-0018
2B-000716,24DKZXM3530X5ZC,Royal Tech Ltd,VEN036-0019,R,2025-08-13,44387.10,7,N,18,37616.15,6770.95,0.00,0.00,0.00,082025,Y,,VEN036-0019
2B-000717,24DKZXM3530X5ZC,Royal Tech Ltd,INV-0020,R,2025-08-30,143023.53,7,N,28,111737.13,31286.40,0.00,0.00,0.00,082025,Y,,VEN036-0020
2B-000718,24DKZXM3530X5ZC,Royal Tech Ltd,VEN036-0021,R,2025-08-30,311891.90,7,N,18,264315.17,47576.73,0.00,0.00,0.00,082025,Y,,VEN036-0021
2B-000719,24NTKDR1082K6ZL,Horizon Motors & Co,VEN014-0016,R,2025-08-16,106346.46,7,N,18,90124.12,16222.34,0.00,0.00,0.00,082025,Y,,VEN014-0016
2B-000720,24NTKDR1082K6ZL,Horizon Motors & Co,VEN014-0017,R,2025-08-19,197757.53,7,N,18,167591.13,30166.40,0.00,0.00,0.00,082025,Y,,VEN014-0017
2B-000721,24NTKDR1082K6ZL,Horizon Motors & Co,VEN014-0018,R,2025-08-22,48681.98,7,N,28,38032.80,10649.18,0.00,0.00,0.00,082025,Y,,VEN014-0018
2B-000722,24NTKDR1082K6ZL,Horizon Motors & Co,VEN014-0048,R,2025-08-24,164860.35,7,N,18,139712.16,25148.19,0.00,0.00,0.00,082025,Y,,
2B-000723,24NTKDR1082K6ZL,Horizon Motors & Co,VEN/014/0019,R,2025-08-30,31421.02,7,N,18,26627.98,4793.04,0.00,0.00,0.00,082025,Y,,VEN014-0019
2B-000724,24SALVT7843V8ZE,Global Consulting Pvt Ltd,VEN/001/0009,R,2025-08-28,58011.89,7,N,18,49162.62,8849.27,0.00,0.00,0.00,082025,Y,,VEN001-0009
2B-000725,24SALVT7843V8ZE,Global Consulting Pvt Ltd,VEN001-0010,R,2025-08-30,76702.14,7,N,18,65001.81,11700.33,0.00,0.00,0.00,082025,Y,,VEN001-0010
2B-000726,27ADDXB1263F7ZI,Sigma Electronics Ltd,VEN025-0012,R,2025-07-19,180924.23,7,N,18,153325.62,27598.61,0.00,0.00,0.00,082025,Y,,VEN025-0012
2B-000727,27ADDXB1263F7ZI,Sigma Electronics Ltd,VEN025-0013,R,2025-07-22,141559.89,7,N,18,119966.01,21593.88,0.00,0.00,0.00,082025,Y,,VEN025-0013
2B-000728,27ADDXB1263F7ZI,Sigma Electronics Ltd,VEN025-0014,R,2025-07-30,186171.20,7,N,18,157772.20,28399.00,0.00,0.00,0.00,082025,Y,,VEN025-0014
2B-000729,27ADDXB1263F7ZI,Sigma Electronics Ltd,15,R,2025-07-31,191120.20,7,N,18,161966.27,29153.93,0.00,0.00,0.00,082025,Y,,VEN025-0015
2B-000730,27DVWPC2404K6Z7,Indus Enterprises LLP,15,R,2025-08-25,99383.99,7,N,18,84223.72,15160.27,0.00,0.00,0.00,082025,Y,,VEN021-0015
2B-000731,27IHKYA4322G9ZS,Orion Consulting & Co,VEN034-0007,R,2025-08-05,82645.78,7,N,18,70038.80,12606.98,0.00,0.00,0.00,082025,Y,,VEN034-0007
2B-000732,27IHKYA4322G9ZS,Orion Consulting & Co,VEN034-0008,R,2025-08-10,15961.38,7,N,18,13526.60,2434.78,0.00,0.00,0.00,082025,Y,,VEN034-0008
2B-000733,27IHKYA4322G9ZS,Orion Consulting & Co,VEN034-0009,R,2025-08-18,50517.94,7,N,18,42811.81,7706.13,0.00,0.00,0.00,082025,Y,,VEN034-0009
2B-000734,27METYM9562Z9ZM,Bharat Enterprises LLP,VEN005-0009,R,2025-08-20,8779.08,7,N,5,8361.03,418.05,0.00,0.00,0.00,082025,Y,,VEN005-0009
2B-000735,27METYM9562Z9ZM,Bharat Enterprises LLP,VEN005-0010,R,2025-08-22,176451.83,7,N,18,149535.45,26916.38,0.00,0.00,0.00,082025,Y,,VEN005-0010
2B-000736,27MZBLF3946W2ZF,Titan Industries Ltd,VEN017-0022,R,2025-08-01,68144.84,7,N,0,68144.84,0.00,0.00,0.00,0.00,082025,Y,,VEN017-0022
2B-000737,27MZBLF3946W2ZF,Titan Industries Ltd,VEN017-0023,R,2025-08-11,99642.39,7,N,18,84442.70,15199.69,0.00,0.00,0.00,082025,Y,,VEN017-0023
2B-000738,27MZBLF3946W2ZF,Titan Industries Ltd,VEN017-0024,R,2025-08-23,226929.66,7,N,28,177288.80,49640.86,0.00,0.00,0.00,082025,Y,,VEN017-0024
2B-000739,27SMUZG8775G5Z4,Falcon Traders Ltd,INV-0016,R,2025-08-01,97470.29,7,N,18,82601.94,14868.35,0.00,0.00,0.00,082025,Y,,VEN012-0016
2B-000740,27SMUZG8775G5Z4,Falcon Traders Ltd,VEN/012/0017,R,2025-08-12,202985.69,7,N,18,172021.77,30963.92,0.00,0.00,0.00,082025,Y,,VEN012-0017
2B-000741,27SMUZG8775G5Z4,Falcon Traders Ltd,18,R,2025-08-15,24589.91,7,N,18,20838.91,3751.00,0.00,0.00,0.00,082025,Y,,VEN012-0018
2B-000742,27XOEEP5452W8ZP,Crest Traders Pvt Ltd,VEN037-0011,R,2025-08-20,191694.27,7,N,18,162452.77,29241.50,0.00,0.00,0.00,082025,Y,,VEN037-0011
2B-000743,27XOEEP5452W8ZP,Crest Traders Pvt Ltd,VEN037-0012,R,2025-08-29,14299.11,7,N,18,12117.89,2181.22,0.00,0.00,0.00,082025,Y,,VEN037-0012
2B-000744,27ZEKBL5846Z1Z7,Jupiter Components Pvt Ltd,VEN002-0014,R,2025-08-23,89846.26,7,N,18,76140.90,13705.36,0.00,0.00,0.00,082025,Y,,VEN002-0014
2B-000745,27ZEKBL5846Z1Z7,Jupiter Components Pvt Ltd,VEN002-0015,R,2025-08-25,41001.84,7,N,18,34747.32,6254.52,0.00,0.00,0.00,082025,Y,,VEN002-0015
2B-000746,29TABAS6604Y1ZX,Sigma Traders Ltd,VEN016-0019,R,2025-08-18,24295.63,7,N,28,18980.96,5314.67,0.00,0.00,0.00,082025,Y,,VEN016-0019
2B-000747,29TABAS6604Y1ZX,Sigma Traders Ltd,VEN016-0020,R,2025-08-22,13635.55,7,N,5,12986.24,649.31,0.00,0.00,0.00,082025,Y,,VEN016-0020
2B-000748,29TABAS6604Y1ZX,Sigma Traders Ltd,INV-0021,R,2025-08-28,21098.14,7,N,18,17879.78,3218.36,0.00,0.00,0.00,082025,Y,,VEN016-0021
2B-000749,29ULWSZ7970U2Z8,Falcon Components LLP,VEN028-0017,R,2025-08-02,99223.34,7,N,18,84087.58,15135.76,0.00,0.00,0.00,082025,Y,,VEN028-0017
2B-000750,29ULWSZ7970U2Z8,Falcon Components LLP,INV-0018,R,2025-08-09,155287.47,7,N,18,131599.55,23687.92,0.00,0.00,0.00,082025,Y,,VEN028-0018
2B-000751,29ULWSZ7970U2Z8,Falcon Components LLP,VEN028-0019,R,2025-08-12,61404.01,7,N,5,58480.01,2924.00,0.00,0.00,0.00,082025,Y,,VEN028-0019
2B-000752,29ULWSZ7970U2Z8,Falcon Components LLP,20,R,2025-08-18,217187.93,7,N,18,184057.57,33130.36,0.00,0.00,0.00,082025,Y,,VEN028-0020
2B-000753,29VYHLW6909G1ZE,Unity Media LLP,VEN007-0021,R,2025-08-17,38738.79,7,N,28,30264.68,8474.11,0.00,0.00,0.00,082025,Y,,VEN007-0021
2B-000754,29VYHLW6909G1ZE,Unity Media LLP,VEN007-0020,R,2025-08-22,48287.88,7,N,5,45988.46,2299.42,0.00,0.00,0.00,082025,Y,,VEN007-0020
2B-000755,33DMSQD6561G9ZL,Lotus Industries Pvt Ltd,VEN026-0017,R,2025-08-01,190720.14,7,N,18,161627.24,29092.90,0.00,0.00,0.00,082025,Y,,VEN026-0017
2B-000756,33DMSQD6561G9ZL,Lotus Industries Pvt Ltd,VEN026-0018,R,2025-08-04,50015.88,7,N,18,42386.34,7629.54,0.00,0.00,0.00,082025,Y,,VEN026-0018
2B-000757,33DMSQD6561G9ZL,Lotus Industries Pvt Ltd,VEN026-0019,R,2025-08-24,310135.44,7,N,18,262826.56,47308.88,0.00,0.00,0.00,082025,Y,,VEN026-0019
2B-000758,33DMSQD6561G9ZL,Lotus Industries Pvt Ltd,VEN026-0020,R,2025-08-25,265075.09,7,N,28,207089.91,57985.18,0.00,0.00,0.00,082025,Y,,VEN026-0020
2B-000759,33PESEP5781B3ZF,Prime Systems Pvt Ltd,VEN020-0016,R,2025-07-08,438295.64,7,N,18,371436.98,66858.66,0.00,0.00,0.00,082025,Y,,VEN020-0016
2B-000760,33PESEP5781B3ZF,Prime Systems Pvt Ltd,VEN020-0017,R,2025-07-10,22101.49,7,N,0,22101.49,0.00,0.00,0.00,0.00,082025,Y,,VEN020-0017
2B-000761,33PESEP5781B3ZF,Prime Systems Pvt Ltd,VEN020-0018,R,2025-07-17,66903.42,7,N,28,52268.30,14635.12,0.00,0.00,0.00,082025,Y,,VEN020-0018
2B-000762,33PESEP5781B3ZF,Prime Systems Pvt Ltd,VEN020-0019,R,2025-07-21,34655.24,7,N,5,33004.99,1650.25,0.00,0.00,0.00,082025,Y,,VEN020-0019
2B-000763,33PESEP5781B3ZF,Prime Systems Pvt Ltd,VEN/020/0020,R,2025-07-23,366935.49,7,N,18,310962.28,55973.21,0.00,0.00,0.00,082025,Y,,VEN020-0020
2B-000764,33YKXAB5987J5ZJ,Jupiter Industries Pvt Ltd,VEN046-0017,R,2025-08-02,153049.41,7,N,28,119569.85,33479.56,0.00,0.00,0.00,082025,Y,,VEN046-0017
2B-000765,33YKXAB5987J5ZJ,Jupiter Industries Pvt Ltd,18,R,2025-08-07,48422.63,7,N,5,46116.79,2305.84,0.00,0.00,0.00,082025,Y,,VEN046-0018
2B-000766,33YKXAB5987J5ZJ,Jupiter Industries Pvt Ltd,VEN046-0040,R,2025-08-07,108224.01,7,N,28,84550.01,23674.00,0.00,0.00,0.00,082025,Y,,
2B-000767,33YKXAB5987J5ZJ,Jupiter Industries Pvt Ltd,VEN046-0019,R,2025-08-16,27800.14,7,N,18,23559.14,4241.00,0.00,0.00,0.00,082025,Y,,VEN046-0019
2B-000768,33YKXAB5987J5ZJ,Jupiter Industries Pvt Ltd,VEN046-0020,R,2025-08-21,111840.12,7,N,5,106514.40,5325.72,0.00,0.00,0.00,082025,Y,,VEN046-0020
2B-000769,33YKXAB5987J5ZJ,Jupiter Industries Pvt Ltd,VEN046-0021,R,2025-08-27,37605.02,7,N,28,29378.92,8226.10,0.00,0.00,0.00,082025,Y,,VEN046-0021
2B-000770,36NBJZD8287I7Z5,Vikram Components Ltd,VEN039-0008,R,2025-07-01,224776.83,7,N,18,190488.84,34287.99,0.00,0.00,0.00,082025,Y,,VEN039-0008
2B-000771,36NBJZD8287I7Z5,Vikram Components Ltd,VEN039-0009,R,2025-07-29,124770.32,7,N,18,105737.56,19032.76,0.00,0.00,0.00,082025,Y,,VEN039-0009
2B-000772,07CAANY0360A5Z4,Falcon Industries Private Limited,VEN018-0017,R,2025-09-01,9925.47,7,N,5,9452.83,0.00,236.32,236.32,0.00,092025,Y,,VEN018-0017
2B-000773,07DAFGU3070W4Z4,Titan Solutions & Co,VEN045-0026,R,2025-09-02,15480.47,7,N,18,13119.04,0.00,1180.71,1180.72,0.00,092025,Y,,VEN045-0026
2B-000774,07DAFGU3070W4Z4,Titan Solutions & Co,VEN045-0052,R,2025-09-04,15543.79,7,N,18,13172.70,0.00,1185.55,1185.54,0.00,092025,Y,,
2B-000775,07DAFGU3070W4Z4,Titan Solutions & Co,VEN045-0027,R,2025-09-12,48153.24,7,N,12,42993.96,0.00,2579.64,2579.64,0.00,092025,Y,,VEN045-0027
2B-000776,07DAFGU3070W4Z4,Titan Solutions & Co,VEN045-0028,R,2025-09-18,216653.70,7,N,18,183604.83,0.00,16524.44,16524.43,0.00,092025,Y,,VEN045-0028
2B-000777,07FNTBF7791F4Z1,Zenith Components & Co,VEN031-0017,R,2025-09-02,67192.77,7,N,28,52494.35,0.00,7349.21,7349.21,0.00,092025,Y,,VEN031-0017
2B-000778,07FNTBF7791F4Z1,Zenith Components & Co,INV-0018,R,2025-09-17,28320.87,7,N,18,24000.74,0.00,2160.07,2160.06,0.00,092025,Y,,VEN031-0018
2B-000779,07FNTBF7791F4Z1,Zenith Components & Co,VEN031-0019,R,2025-09-18,125335.71,7,N,18,106216.70,0.00,9559.50,9559.51,0.00,092025,Y,,VEN031-0019
2B-000780,07FNTBF7791F4Z1,Zenith Components & Co,VEN031-0020,R,2025-09-18,12598.91,7,N,18,10677.04,0.00,960.93,960.94,0.00,092025,Y,,VEN031-0020
2B-000781,07FNTBF7791F4Z1,Zenith Components & Co,21,R,2025-09-21,2346.57,7,N,18,1988.62,0.00,178.97,178.98,0.00,092025,Y,,VEN031-0021
2B-000782,07HKNYR0876L1ZQ,Meridian Tech Pvt Ltd,INV-0024,R,2025-09-09,129507.11,7,N,18,109751.79,0.00,9877.66,9877.66,0.00,092025,Y,,VEN024-0024
2B-000783,07HKNYR0876L1ZQ,Meridian Tech Pvt Ltd,VEN024-0025,R,2025-09-18,5208.41,7,N,18,4413.91,0.00,397.25,397.25,0.00,092025,Y,,VEN024-0025
2B-000784,07HKNYR0876L1ZQ,Meridian Tech Pvt Ltd,VEN024-0026,R,2025-09-18,16563.03,7,N,5,15774.31,0.00,394.36,394.36,0.00,092025,Y,,VEN024-0026
2B-000785,07HPTKV5985K1ZO,Apex Solutions LLP,VEN044-0016,R,2025-09-16,8180.59,7,N,0,8180.59,0.00,0.00,0.00,0.00,092025,Y,,VEN044-0016
2B-000786,07HPTKV5985K1ZO,Apex Solutions LLP,VEN044-0017,R,2025-09-17,12405.89,7,N,5,11815.13,0.00,295.38,295.38,0.00,092025,Y,,VEN044-0017
2B-000787,07HPTKV5985K1ZO,Apex Solutions LLP,18,R,2025-09-29,114736.23,7,N,18,96453.59,0.00,9141.32,9141.32,0.00,092025,Y,,VEN044-0018
2B-000788,07HZLZU4203C4ZO,Lotus Solutions LLP,VEN050-0020,R,2025-09-06,120482.93,7,N,18,102104.18,0.00,9189.38,9189.37,0.00,092025,Y,,VEN050-0020
2B-000789,07HZLZU4203C4ZO,Lotus Solutions LLP,VEN050-0021,R,2025-09-22,308752.46,7,N,18,261654.63,0.00,23548.92,23548.91,0.00,092025,Y,,VEN050-0021
2B-000790,07ICOCO6437E3ZT,Evergreen Foods & Co,11,R,2025-09-15,3918.08,7,N,5,3731.78,0.00,93.01,93.29,0.00,092025,Y,,VEN004-0011
2B-000791,07ICOCO6437E3ZT,Evergreen Foods & Co,INV-0012,R,2025-09-16,30190.49,7,N,5,28752.85,0.00,718.82,718.82,0.00,092025,Y,,VEN004-0012
2B-000792,07ICOCO6437E3ZT,Evergreen Foods & Co,VEN004-0013,R,2025-09-19,24151.40,7,N,28,18868.28,0.00,2641.56,2641.56,0.00,092025,Y,,VEN004-0013
2B-000793,07IKVBH9820B5ZH,Pinnacle Consulting Ltd,VEN013-0028,R,2025-09-01,113967.35,7,N,18,96582.50,0.00,8692.42,8692.43,0.00,092025,Y,,VEN013-0028
2B-000794,07IKVBH9820B5ZH,Pinnacle Consulting Ltd,VEN013-0029,R,2025-09-12,59202.19,7,N,18,50171.35,0.00,4515.42,4515.42,0.00,092025,Y,,VEN013-0029
2B-000795,07JEJSC5168Z9ZT,Global Motors Pvt Ltd,VEN030-0020,R,2025-09-15,28572.05,7,N,18,24213.60,0.00,2179.22,2179.23,0.00,092025,Y,,VEN030-0020
2B-000796,07JEJSC5168Z9ZT,Global Motors Pvt Ltd,VEN030-0021,R,2025-09-24,2950000.00,7,N,18,2500000.00,0.00,225000.00,225000.00,0.00,092025,Y,,VEN030-0021
2B-000797,07LMLPC0398Y5ZM,Jupiter Solutions & Co,VEN040-0014,R,2025-09-23,189654.01,7,N,18,160723.74,0.00,14465.14,14465.13,0.00,092025,Y,,VEN040-0014
2B-000798,07LMLPC0398Y5ZM,Jupiter Solutions & Co,VEN040-0015,R,2025-09-27,308450.45,7,N,18,261398.69,0.00,23525.88,23525.88,0.00,092025,Y,,VEN040-0015
2B-000799,07LMLPC0398Y5ZM,Jupiter Solutions & Co,INV-0016,R,2025-09-30,512144.11,7,N,18,434020.43,0.00,39061.84,39061.84,0.00,092025,Y,,VEN040-0016
2B-000800,07QIKWC6704V1ZS,Unity Infra Pvt Ltd,VEN/009/0017,R,2025-09-01,22714.33,7,N,18,19249.43,0.00,1732.45,1732.45,0.00,092025,Y,,VEN009-0017
2B-000801,07QIKWC6704V1ZS,Unity Infra Pvt Ltd,INV-0018,R,2025-09-03,223552.39,7,N,18,189451.18,0.00,17050.60,17050.61,0.00,092025,Y,,VEN009-0018
2B-000802,07QIKWC6704V1ZS,Unity Infra Pvt Ltd,VEN/009/0019,R,2025-09-09,18976.21,7,N,18,16081.53,0.00,1447.34,1447.34,0.00,092025,Y,,VEN009-0019
2B-000803,07QIKWC6704V1ZS,Unity Infra Pvt Ltd,VEN009-0020,R,2025-09-10,22528.11,7,N,18,19091.62,0.00,1718.24,1718.25,0.00,092025,Y,,VEN009-0020
2B-000804,07QIKWC6704V1ZS,Unity Infra Pvt Ltd,VEN009-0021,R,2025-09-20,90716.39,7,N,12,80996.78,0.00,4859.81,4859.80,0.00,092025,Y,,VEN009-0021
2B-000805,07ZZKDV5987F1ZJ,Quantum Retail Private Limited,VEN023-0024,R,2025-09-25,4181.16,7,N,5,3982.06,0.00,99.55,99.55,0.00,092025,Y,,VEN023-0024
2B-000806,08DLGSA5957L6ZD,Quantum Media LLP,VEN049-0011,R,2025-08-06,29962.08,7,N,5,28535.31,1426.77,0.00,0.00,0.00,092025,Y,,VEN049-0011
2B-000807,08DLGSA5957L6ZD,Quantum Media LLP,VEN049-0012,R,2025-08-08,36827.87,7,N,18,31210.06,5617.81,0.00,0.00,0.00,092025,Y,,VEN049-0012
2B-000808,08DLGSA5957L6ZD,Quantum Media LLP,VEN049-0013,R,2025-08-27,29895.10,7,N,18,25334.83,4560.27,0.00,0.00,0.00,092025,Y,,VEN049-0013
2B-000809,08DWHYC6866Y6ZK,Evergreen Infra Private Limited,INV-0015,R,2025-08-04,18201.00,7,N,18,15424.58,2776.42,0.00,0.00,0.00,092025,Y,,VEN042-0015
2B-000810,08DWHYC6866Y6ZK,Evergreen Infra Private Limited,VEN042-0016,R,2025-08-11,25306.15,7,N,28,19770.43,5535.72,0.00,0.00,0.00,092025,Y,,VEN042-0016
2B-000811,08DWHYC6866Y6ZK,Evergreen Infra Private Limited,17,R,2025-08-12,57005.42,7,N,18,48309.68,8695.74,0.00,0.00,0.00,092025,Y,,VEN042-0017
2B-000812,08DWHYC6866Y6ZK,Evergreen Infra Private Limited,VEN042-0018,R,2025-08-19,111404.99,7,N,18,94411.01,16993.98,0.00,0.00,0.00,092025,Y,,VEN042-0018
2B-000813,08DWHYC6866Y6ZK,Evergreen Infra Private Limited,VEN042-0019,R,2025-08-22,31087.30,7,N,18,26345.17,4742.13,0.00,0.00,0.00,092025,Y,,VEN042-0019
2B-000814,08JRQQT0128B3ZH,Unity Media Pvt Ltd,12,R,2025-08-11,27551.69,7,N,12,24599.72,2951.97,0.00,0.00,0.00,092025,Y,,VEN047-0012
2B-000815,08JRQQT0128B3ZH,Unity Media Pvt Ltd,VEN047-0013,R,2025-08-21,24949.46,7,N,12,22276.30,2673.16,0.00,0.00,0.00,092025,Y,,VEN047-0013
2B-000816,08JRQQT0128B3ZH,Unity Media Pvt Ltd,VEN/047/0014,R,2025-08-26,122666.92,7,N,18,103955.02,18711.90,0.00,0.00,0.00,092025,Y,,VEN047-0014
2B-000817,08JRQQT0128B3ZH,Unity Media Pvt Ltd,VEN047-0015,R,2025-08-26,16668.62,7,N,18,14125.85,2542.77,0.00,0.00,0.00,092025,Y,,VEN047-0015
2B-000818,08JRQQT0128B3ZH,Unity Media Pvt Ltd,VEN/047/0016,R,2025-08-30,26738.74,7,N,5,25465.47,1273.27,0.00,0.00,0.00,092025,Y,,VEN047-0016
2B-000819,08MQFEU2813L7ZM,Crest Media Pvt Ltd,VEN003-0015,R,2025-09-17,427676.16,7,N,18,362437.42,65238.74,0.00,0.00,0.00,092025,Y,,VEN003-0015
2B-000820,08MQFEU2813L7ZM,Crest Media Pvt Ltd,VEN003-0016,R,2025-09-25,416770.57,7,N,18,353195.40,63575.17,0.00,0.00,0.00,092025,Y,,VEN003-0016
2B-000821,09CQXKG3580H8ZB,Falcon Tech LLP,VEN035-0021,R,2025-09-06,20995.75,7,N,5,19995.95,999.80,0.00,0.00,0.00,092025,Y,,VEN035-0021
2B-000822,09CQXKG3580H8ZB,Falcon Tech LLP,VEN035-0022,R,2025-09-10,8496.32,7,N,18,7200.27,1296.05,0.00,0.00,0.00,092025,Y,,VEN035-0022
2B-000823,09CQXKG3580H8ZB,Falcon Tech LLP,VEN035-0023,R,2025-09-10,164307.68,7,N,18,139243.80,25063.88,0.00,0.00,0.00,092025,Y,,VEN035-0023
2B-000824,09CQXKG3580H8ZB,Falcon Tech LLP,VEN035-0024,R,2025-09-17,615504.56,7,N,28,480862.94,134641.62,0.00,0.00,0.00,092025,Y,,VEN035-0024
2B-000825,09CQXKG3580H8ZB,Falcon Tech LLP,VEN035-0025,R,2025-09-17,302125.14,7,N,18,256038.25,0.00,23043.44,23043.45,0.00,092025,Y,,VEN035-0025
2B-000826,09CQXKG3580H8ZB,Falcon Tech LLP,VEN035-0026,R,2025-09-20,206236.60,7,N,18,174776.78,31459.82,0.00,0.00,0.00,092025,Y,,VEN035-0026
2B-000827,09CQXKG3580H8ZB,Falcon Tech LLP,VEN035-0027,R,2025-09-21,82313.85,7,N,18,69757.50,12556.35,0.00,0.00,0.00,092025,Y,,VEN035-0027
2B-000828,09CQXKG3580H8ZB,Falcon Tech LLP,VEN035-0028,R,2025-09-24,71574.07,7,N,18,60655.99,10918.08,0.00,0.00,0.00,092025,Y,,VEN035-0028
2B-000829,09CQXKG3580H8ZB,Falcon Tech LLP,VEN035-0029,R,2025-09-24,33629.32,7,N,18,28499.42,5129.90,0.00,0.00,0.00,092025,Y,,VEN035-0029
2B-000830,09IJVGB8145C3ZB,Shree Infra Ltd,VEN019-0006,R,2025-08-04,24285.52,7,N,18,20580.95,3704.57,0.00,0.00,0.00,092025,Y,,VEN019-0006
2B-000831,09IJVGB8145C3ZB,Shree Infra Ltd,VEN019-0007,R,2025-08-08,31533.00,7,N,18,26722.88,4810.12,0.00,0.00,0.00,092025,Y,,VEN019-0007
2B-000832,09IJVGB8145C3ZB,Shree Infra Ltd,INV-0008,R,2025-08-18,19058.16,7,N,18,16150.98,2907.18,0.00,0.00,0.00,092025,Y,,VEN019-0008
2B-000833,09KITFJ6794N1ZB,Unity Systems LLP,VEN008-0021,R,2025-09-07,205399.78,7,N,28,160468.58,44931.20,0.00,0.00,0.00,092025,Y,,VEN008-0021
2B-000834,09KITFJ6794N1ZB,Unity Systems LLP,INV-0022,R,2025-09-08,7010.62,7,N,18,5941.20,1069.42,0.00,0.00,0.00,092025,Y,,VEN008-0022
2B-000835,09KITFJ6794N1ZB,Unity Systems LLP,INV-0023,R,2025-09-08,139212.76,7,N,28,108759.97,30452.79,0.00,0.00,0.00,092025,Y,,VEN008-0023
2B-000836,09KITFJ6794N1ZB,Unity Systems LLP,VEN008-0024,R,2025-09-08,20949.98,7,N,18,17754.22,3195.76,0.00,0.00,0.00,092025,Y,,VEN008-0024
2B-000837,09KITFJ6794N1ZB,Unity Systems LLP,VEN008-0025,R,2025-09-18,126982.30,7,N,28,99204.92,27777.38,0.00,0.00,0.00,092025,Y,,VEN008-0025
2B-000838,09KITFJ6794N1ZB,Unity Systems LLP,VEN008-0026,R,2025-09-19,9343.62,7,N,18,7918.32,1425.30,0.00,0.00,0.00,092025,Y,,VEN008-0026
2B-000839,09KITFJ6794N1ZB,Unity Systems LLP,VEN008-0027,R,2025-09-29,62089.85,7,N,0,62089.85,0.00,0.00,0.00,0.00,092025,Y,,VEN008-0027
2B-000840,09KITFJ6794N1ZB,Unity Systems LLP,VEN008-0028,R,2025-09-29,21606.95,7,N,5,20578.05,1028.90,0.00,0.00,0.00,092025,Y,,VEN008-0028
2B-000841,09KITFJ6794N1ZB,Unity Systems LLP,VEN008-0029,R,2025-09-29,21289.94,7,N,5,20276.13,1013.81,0.00,0.00,0.00,092025,Y,,VEN008-0029
2B-000842,09RATVE0496Z7ZC,Trident Logistics & Co,VEN038-0028,R,2025-09-17,137462.91,7,N,18,116493.99,20968.92,0.00,0.00,0.00,092025,Y,,VEN038-0028
2B-000843,09RATVE0496Z7ZC,Trident Logistics & Co,INV-0029,R,2025-09-21,162860.83,7,N,28,127235.02,35625.81,0.00,0.00,0.00,092025,Y,,VEN038-0029
2B-000844,09RATVE0496Z7ZC,Trident Logistics & Co,VEN038-0030,R,2025-09-26,140098.66,7,N,18,118727.68,21370.98,0.00,0.00,0.00,092025,Y,,VEN038-0030
2B-000845,19BPIWU1426U8ZA,Sigma Electronics Pvt Ltd,VEN048-0011,R,2025-08-22,477417.91,7,N,18,404591.45,72826.46,0.00,0.00,0.00,092025,Y,,VEN048-0011
2B-000846,19BPIWU1426U8ZA,Sigma Electronics Pvt Ltd,VEN048-0012,R,2025-08-29,10462.19,7,N,5,9963.99,498.20,0.00,0.00,0.00,092025,Y,,VEN048-0012
2B-000847,19BPIWU1426U8ZA,Sigma Electronics Pvt Ltd,VEN048-0013,R,2025-08-31,7450.57,7,N,18,6314.04,1136.53,0.00,0.00,0.00,092025,Y,,VEN048-0013
2B-000848,19OHMLN7771Z5ZC,Meridian Traders & Co,VEN015-0026,R,2025-09-01,162690.48,7,N,18,137873.29,24817.19,0.00,0.00,0.00,092025,Y,,VEN015-0026
2B-000849,19OHMLN7771Z5ZC,Meridian Traders & Co,VEN/015/0027,R,2025-09-10,201342.81,7,N,18,170629.50,30713.31,0.00,0.00,0.00,092025,Y,,VEN015-0027
2B-000850,19OHMLN7771Z5ZC,Meridian Traders & Co,VEN015-0028,R,2025-09-11,17032.38,7,N,18,14434.09,2598.29,0.00,0.00,0.00,092025,Y,,VEN015-0028
2B-000851,19OHMLN7771Z5ZC,Meridian Traders & Co,VEN015-0029,R,2025-09-15,18717.33,7,N,18,15862.14,2855.19,0.00,0.00,0.00,092025,Y,,VEN015-0029
2B-000852,19OHMLN7771Z5ZC,Meridian Traders & Co,VEN015-0030,R,2025-09-19,66375.00,7,N,18,56250.00,10125.00,0.00,0.00,0.00,092025,Y,,VEN015-0030
2B-000853,19UMKHA3185K5ZL,Vertex Logistics LLP,VEN032-0026,R,2025-09-02,12181.88,7,N,0,12181.88,0.00,0.00,0.00,0.00,092025,Y,,VEN032-0026
2B-000854,19UMKHA3185K5ZL,Vertex Logistics LLP,VEN032-0027,R,2025-09-16,137359.88,7,N,18,116406.68,20953.20,0.00,0.00,0.00,092025,Y,,VEN032-0027
2B-000855,19YDFPE7285G2ZN,Meridian Industries LLP,VEN011-0014,R,2025-09-24,31348.42,7,N,5,29855.64,1492.78,0.00,0.00,0.00,092025,Y,,VEN011-0014
2B-000856,19YDFPE7285G2ZN,Meridian Industries LLP,VEN011-0015,R,2025-09-25,399749.77,7,N,18,338770.99,60978.78,0.00,0.00,0.00,092025,Y,,VEN011-0015
2B-000857,19YDFPE7285G2ZN,Meridian Industries LLP,VEN011-0016,R,2025-09-30,390046.26,7,N,18,330547.68,59498.58,0.00,0.00,0.00,092025,Y,,VEN011-0016
2B-000858,24DKZXM3530X5ZC,Royal Tech Ltd,VEN036-0022,R,2025-09-09,42975.79,7,N,12,38371.24,4604.55,0.00,0.00,0.00,092025,Y,,VEN036-0022
2B-000859,24DKZXM3530X5ZC,Royal Tech Ltd,VEN036-0023,R,2025-09-17,215892.81,7,N,18,182960.01,32932.80,0.00,0.00,0.00,092025,Y,,VEN036-0023
2B-000860,24DKZXM3530X5ZC,Royal Tech Ltd,VEN/036/0024,R,2025-09-22,13694.39,7,N,5,13042.28,652.11,0.00,0.00,0.00,092025,Y,,VEN036-0024
2B-000861,24NTKDR1082K6ZL,Horizon Motors & Co,VEN014-0020,R,2025-09-04,77066.07,7,N,18,65310.23,11755.84,0.00,0.00,0.00,092025,Y,,VEN014-0020
2B-000862,24NTKDR1082K6ZL,Horizon Motors & Co,VEN014-0021,R,2025-09-08,121145.80,7,N,18,102665.93,18479.87,0.00,0.00,0.00,092025,Y,,VEN014-0021
2B-000863,24NTKDR1082K6ZL,Horizon Motors & Co,VEN014-0022,R,2025-09-08,98022.18,7,N,28,76579.83,21442.35,0.00,0.00,0.00,092025,Y,,VEN014-0022
2B-000864,24NTKDR1082K6ZL,Horizon Motors & Co,VEN014-0023,R,2025-09-10,34480.25,7,N,18,29220.55,5259.70,0.00,0.00,0.00,092025,Y,,VEN014-0023
2B-000865,24NTKDR1082K6ZL,Horizon Motors & Co,VEN014-0024,R,2025-09-26,26149.16,7,N,5,24903.96,1245.20,0.00,0.00,0.00,092025,Y,,VEN014-0024
2B-000866,24NTKDR1082K6ZL,Horizon Motors & Co,VEN/014/0025,R,2025-09-30,46278.57,7,N,0,46278.57,0.00,0.00,0.00,0.00,092025,Y,,VEN014-0025
2B-000867,24NTKDR1082K6ZL,Horizon Motors & Co,VEN/014/0026,R,2025-09-30,38980.82,7,N,5,37124.59,1856.23,0.00,0.00,0.00,092025,Y,,VEN014-0026
2B-000868,24SALVT7843V8ZE,Global Consulting Pvt Ltd,VEN/001/0011,R,2025-09-03,4766.82,7,N,5,4539.83,226.99,0.00,0.00,0.00,092025,Y,,VEN001-0011
2B-000869,24SALVT7843V8ZE,Global Consulting Pvt Ltd,VEN001-0012,R,2025-09-03,40027.51,7,N,18,33921.62,6105.89,0.00,0.00,0.00,092025,Y,,VEN001-0012
2B-000870,24SALVT7843V8ZE,Global Consulting Pvt Ltd,VEN001-0013,R,2025-09-05,43504.21,7,N,5,41432.58,2071.63,0.00,0.00,0.00,092025,Y,,VEN001-0013
2B-000871,24SALVT7843V8ZE,Global Consulting Pvt Ltd,14,R,2025-09-09,108052.79,7,N,18,91570.16,16482.63,0.00,0.00,0.00,092025,Y,,VEN001-0014
2B-000872,24SALVT7843V8ZE,Global Consulting Pvt Ltd,VEN001-0015,R,2025-09-11,120116.47,7,N,18,101793.62,18322.85,0.00,0.00,0.00,092025,Y,,VEN001-0015
2B-000873,24SALVT7843V8ZE,Global Consulting Pvt Ltd,VEN001-0016,R,2025-09-17,40555.74,7,N,28,31684.17,8871.57,0.00,0.00,0.00,092025,Y,,VEN001-0016
2B-000874,24SALVT7843V8ZE,Global Consulting Pvt Ltd,VEN001-0017,R,2025-09-22,6225.61,7,N,5,5929.15,296.46,0.00,0.00,0.00,092025,Y,,VEN001-0017
2B-000875,27ADDXB1263F7ZI,Sigma Electronics Ltd,INV-0016,R,2025-08-01,194319.47,7,N,18,164677.52,29641.95,0.00,0.00,0.00,092025,Y,,VEN025-0016
2B-000876,27ADDXB1263F7ZI,Sigma Electronics Ltd,VEN025-0017,R,2025-08-14,10328.39,7,N,18,8752.87,1575.52,0.00,0.00,0.00,092025,Y,,VEN025-0017
2B-000877,27ADDXB1263F7ZI,Sigma Electronics Ltd,VEN025-0018,R,2025-08-27,42927.10,7,N,5,40882.95,2044.15,0.00,0.00,0.00,092025,Y,,VEN025-0018
2B-000878,27DVWPC2404K6Z7,Indus Enterprises LLP,VEN021-0016,R,2025-09-19,13056.18,7,N,5,12434.46,621.72,0.00,0.00,0.00,092025,Y,,VEN021-0016
2B-000879,27DVWPC2404K6Z7,Indus Enterprises LLP,VEN021-0017,R,2025-09-30,106704.46,7,N,18,90427.51,16276.95,0.00,0.00,0.00,092025,Y,,VEN021-0017
2B-000880,27IHKYA4322G9ZS,Orion Consulting & Co,INV-0010,R,2025-09-26,49475.97,7,N,18,41928.79,7547.18,0.00,0.00,0.00,092025,Y,,VEN034-0010
2B-000881,27IHKYA4322G9ZS,Orion Consulting & Co,VEN034-0011,R,2025-09-26,11800.78,7,N,18,10000.66,1800.12,0.00,0.00,0.00,092025,Y,,VEN034-0011
2B-000882,27METYM9562Z9ZM,Bharat Enterprises LLP,VEN/005/0011,R,2025-09-04,228510.00,7,N,12,204026.79,24483.21,0.00,0.00,0.00,092025,Y,,VEN005-0011
2B-000883,27METYM9562Z9ZM,Bharat Enterprises LLP,12,R,2025-09-11,492950.26,7,N,28,385117.39,107832.87,0.00,0.00,0.00,092025,Y,,VEN005-0012
2B-000884,27METYM9562Z9ZM,Bharat Enterprises LLP,VEN005-0013,R,2025-09-22,30849.83,7,N,18,26143.92,4705.91,0.00,0.00,0.00,092025,Y,,VEN005-0013
2B-000885,27METYM9562Z9ZM,Bharat Enterprises LLP,VEN005-0014,R,2025-09-25,98495.36,7,N,5,93805.10,4690.26,0.00,0.00,0.00,092025,Y,,VEN005-0014
2B-000886,27MZBLF3946W2ZF,Titan Industries Ltd,VEN017-0025,R,2025-09-12,91759.17,7,N,18,77762.01,13997.16,0.00,0.00,0.00,092025,Y,,VEN017-0025
2B-000887,27MZBLF3946W2ZF,Titan Industries Ltd,INV-0026,R,2025-09-17,38590.18,7,N,28,30148.58,8441.60,0.00,0.00,0.00,092025,Y,,VEN017-0026
2B-000888,27MZBLF3946W2ZF,Titan Industries Ltd,VEN017-0027,R,2025-09-26,31170.27,7,N,18,26415.48,4754.79,0.00,0.00,0.00,092025,Y,,VEN017-0027
2B-000889,27SMUZG8775G5Z4,Falcon Traders Ltd,VEN012-0019,R,2025-09-05,121528.44,7,N,18,102990.54,18537.90,0.00,0.00,0.00,092025,Y,,VEN012-0019
2B-000890,27SMUZG8775G5Z4,Falcon Traders Ltd,VEN012-0020,R,2025-09-26,129925.04,7,N,18,110105.97,19819.07,0.00,0.00,0.00,092025,Y,,VEN012-0020
2B-000891,27XOEEP5452W8ZP,Crest Traders Pvt Ltd,INV-0013,R,2025-09-08,45160.51,7,N,18,38271.62,6888.89,0.00,0.00,0.00,092025,Y,,VEN037-0013
2B-000892,27XOEEP5452W8ZP,Crest Traders Pvt Ltd,VEN037-0014,R,2025-09-22,331616.05,7,N,18,281030.55,50585.50,0.00,0.00,0.00,092025,Y,,VEN037-0014
2B-000893,27ZEKBL5846Z1Z7,Jupiter Components Pvt Ltd,INV-0016,R,2025-09-01,144814.59,7,N,18,122724.23,22090.36,0.00,0.00,0.00,092025,Y,,VEN002-0016
2B-000894,27ZEKBL5846Z1Z7,Jupiter Components Pvt Ltd,VEN/002/0017,R,2025-09-01,30071.59,7,N,28,23493.43,6578.16,0.00,0.00,0.00,092025,Y,,VEN002-0017
2B-000895,27ZEKBL5846Z1Z7,Jupiter Components Pvt Ltd,VEN002-0018,R,2025-09-05,137381.13,7,N,18,116424.69,20956.44,0.00,0.00,0.00,092025,Y,,VEN002-0018
2B-000896,27ZEKBL5846Z1Z7,Jupiter Components Pvt Ltd,INV-0019,R,2025-09-06,34495.94,7,N,18,29233.85,5262.09,0.00,0.00,0.00,092025,Y,,VEN002-0019
2B-000897,27ZEKBL5846Z1Z7,Jupiter Components Pvt Ltd,VEN002-0020,R,2025-09-08,25054.97,7,N,12,22370.51,2684.46,0.00,0.00,0.00,092025,Y,,VEN002-0020
2B-000898,27ZEKBL5846Z1Z7,Jupiter Components Pvt Ltd,VEN/002/0021,R,2025-09-24,98427.86,7,N,18,83413.44,15014.42,0.00,0.00,0.00,092025,Y,,VEN002-0021
2B-000899,29TABAS6604Y1ZX,Sigma Traders Ltd,VEN016-0022,R,2025-09-05,8059.06,7,N,18,6829.71,1229.35,0.00,0.00,0.00,092025,Y,,VEN016-0022
2B-000900,29TABAS6604Y1ZX,Sigma Traders Ltd,VEN016-0023,R,2025-09-06,12042.97,7,N,18,10205.91,1837.06,0.00,0.00,0.00,092025,Y,,VEN016-0023
2B-000901,29TABAS6604Y1ZX,Sigma Traders Ltd,VEN016-0024,R,2025-09-12,10336.73,7,N,18,8759.94,1576.79,0.00,0.00,0.00,092025,Y,,VEN016-0024
2B-000902,29TABAS6604Y1ZX,Sigma Traders Ltd,VEN/016/0025,R,2025-09-15,24664.05,7,N,12,22021.47,2642.58,0.00,0.00,0.00,092025,Y,,VEN016-0025
2B-000903,29TABAS6604Y1ZX,Sigma Traders Ltd,VEN016-0026,R,2025-09-22,16083.88,7,N,18,13630.41,2453.47,0.00,0.00,0.00,092025,Y,,VEN016-0026
2B-000904,29ULWSZ7970U2Z8,Falcon Components LLP,VEN028-0021,R,2025-09-16,16482.00,7,N,18,13967.80,2514.20,0.00,0.00,0.00,092025,Y,,VEN028-0021
2B-000905,29ULWSZ7970U2Z8,Falcon Components LLP,VEN028-0022,R,2025-09-16,14273.55,7,N,18,12096.23,2177.32,0.00,0.00,0.00,092025,Y,,VEN028-0022
2B-000906,29ULWSZ7970U2Z8,Falcon Components LLP,VEN028-0023,R,2025-09-16,5369.59,7,N,18,4550.50,819.09,0.00,0.00,0.00,092025,Y,,VEN028-0023
2B-000907,29ULWSZ7970U2Z8,Falcon Components LLP,VEN028-0024,R,2025-09-16,8197.31,7,N,18,6946.87,1250.44,0.00,0.00,0.00,092025,Y,,VEN028-0024
2B-000908,29ULWSZ7970U2Z8,Falcon Components LLP,VEN028-0025,R,2025-09-16,3153.79,7,N,5,3003.61,150.18,0.00,0.00,0.00,092025,Y,,VEN028-0025
2B-000909,29ULWSZ7970U2Z8,Falcon Components LLP,VEN028-0026,R,2025-09-17,14231.26,7,N,18,12060.39,2170.87,0.00,0.00,0.00,092025,Y,,VEN028-0026
2B-000910,29ULWSZ7970U2Z8,Falcon Components LLP,VEN028-0027,R,2025-09-18,4135.76,7,N,18,3504.88,630.88,0.00,0.00,0.00,092025,Y,,VEN028-0027
2B-000911,29ULWSZ7970U2Z8,Falcon Components LLP,VEN028-0060,R,2025-09-21,2854.05,7,N,5,2718.14,135.91,0.00,0.00,0.00,092025,Y,,
2B-000912,29ULWSZ7970U2Z8,Falcon Components LLP,28,R,2025-09-22,73450.66,7,N,5,69953.01,3497.65,0.00,0.00,0.00,092025,Y,,VEN028-0028
2B-000913,29ULWSZ7970U2Z8,Falcon Components LLP,VEN/028/0029,R,2025-09-24,123231.32,7,N,18,104433.32,18798.00,0.00,0.00,0.00,092025,Y,,VEN028-0029
2B-000914,29ULWSZ7970U2Z8,Falcon Components LLP,VEN028-0030,R,2025-09-30,36282.92,7,N,18,30748.24,5534.68,0.00,0.00,0.00,092025,Y,,VEN028-0030
2B-000915,29VYHLW6909G1ZE,Unity Media LLP,VEN007-0022,R,2025-09-18,16467.97,7,N,5,15683.78,784.19,0.00,0.00,0.00,092025,Y,,VEN007-0022
2B-000916,29VYHLW6909G1ZE,Unity Media LLP,VEN007-0023,R,2025-09-20,67513.48,7,N,28,52744.91,14768.57,0.00,0.00,0.00,092025,Y,,VEN007-0023
2B-000917,29VYHLW6909G1ZE,Unity Media LLP,VEN/007/0024,R,2025-09-23,19040.56,7,N,0,19040.56,0.00,0.00,0.00,0.00,092025,Y,,VEN007-0024
2B-000918,33DMSQD6561G9ZL,Lotus Industries Pvt Ltd,VEN026-0021,R,2025-09-06,31262.92,7,N,18,26494.00,4768.92,0.00,0.00,0.00,092025,Y,,VEN026-0021
2B-000919,33DMSQD6561G9ZL,Lotus Industries Pvt Ltd,VEN026-0022,R,2025-09-09,47492.51,7,N,0,47492.51,0.00,0.00,0.00,0.00,092025,Y,,VEN026-0022
2B-000920,33DMSQD6561G9ZL,Lotus Industries Pvt Ltd,VEN026-0023,R,2025-09-11,258342.43,7,N,28,201830.02,56512.41,0.00,0.00,0.00,092025,Y,,VEN026-0023
2B-000921,33DMSQD6561G9ZL,Lotus Industries Pvt Ltd,24,R,2025-09-15,335494.07,7,N,28,262104.74,73389.33,0.00,0.00,0.00,092025,Y,,VEN026-0024
2B-000922,33DMSQD6561G9ZL,Lotus Industries Pvt Ltd,VEN/026/0025,R,2025-09-22,86640.07,7,N,5,82514.35,4125.72,0.00,0.00,0.00,092025,Y,,VEN026-0025
2B-000923,33PESEP5781B3ZF,Prime Systems Pvt Ltd,21,R,2025-08-07,56496.19,7,N,28,44137.65,12358.54,0.00,0.00,0.00,092025,Y,,VEN020-0021
2B-000924,33PESEP5781B3ZF,Prime Systems Pvt Ltd,VEN020-0022,R,2025-08-20,337483.50,7,N,18,286002.97,51480.53,0.00,0.00,0.00,092025,Y,,VEN020-0022
2B-000925,33YKXAB5987J5ZJ,Jupiter Industries Pvt Ltd,VEN046-0022,R,2025-09-06,95888.74,7,N,5,91322.61,4566.13,0.00,0.00,0.00,092025,Y,,VEN046-0022
2B-000926,33YKXAB5987J5ZJ,Jupiter Industries Pvt Ltd,VEN046-0023,R,2025-09-14,24934.98,7,N,5,23747.60,1187.38,0.00,0.00,0.00,092025,Y,,VEN046-0023
2B-000927,36NBJZD8287I7Z5,Vikram Components Ltd,VEN039-0010,R,2025-08-05,14777.53,7,N,5,14073.84,703.69,0.00,0.00,0.00,092025,Y,,VEN039-0010
2B-000928,07CAANY0360A5Z4,Falcon Industries Private Limited,VEN018-0018,R,2025-10-04,135817.78,7,N,18,115099.81,0.00,10358.99,10358.98,0.00,102025,Y,,VEN018-0018
2B-000929,07CAANY0360A5Z4,Falcon Industries Private Limited,VEN018-0019,R,2025-10-17,30102.32,7,N,5,28668.88,0.00,716.72,716.72,0.00,102025,Y,,VEN018-0019
2B-000930,07CAANY0360A5Z4,Falcon Industries Private Limited,21,R,2025-10-27,62954.11,7,N,18,53350.94,0.00,4801.59,4801.58,0.00,102025,Y,,VEN018-0021
2B-000931,07CAANY0360A5Z4,Falcon Industries Private Limited,VEN018-0020,R,2025-10-27,7736.41,7,N,5,7368.01,0.00,184.20,184.20,0.00,102025,Y,,VEN018-0020
2B-000932,07DAFGU3070W4Z4,Titan Solutions & Co,INV-0029,R,2025-10-10,48146.60,7,N,18,40802.20,0.00,3672.20,3672.20,0.00,102025,Y,,VEN045-0029
2B-000933,07FNTBF7791F4Z1,Zenith Components & Co,INV-0022,R,2025-10-07,3665.47,7,N,5,3490.92,0.00,87.28,87.27,0.00,102025,Y,,VEN031-0022
2B-000934,07FNTBF7791F4Z1,Zenith Components & Co,VEN031-0023,R,2025-10-14,26857.50,7,N,18,22760.59,0.00,2048.45,2048.46,0.00,102025,Y,,VEN031-0023
2B-000935,07FNTBF7791F4Z1,Zenith Components & Co,VEN031-0024,R,2025-10-17,22063.79,7,N,18,18698.13,0.00,1682.83,1682.83,0.00,102025,Y,,VEN031-0024
2B-000936,07FNTBF7791F4Z1,Zenith Components & Co,VEN/031/0025,R,2025-10-25,35804.43,7,N,18,30342.74,0.00,2730.84,2730.85,0.00,102025,Y,,VEN031-0025
2B-000937,07HPTKV5985K1ZO,Apex Solutions LLP,19,R,2025-10-21,56543.51,7,N,18,47918.23,0.00,4312.64,4312.64,0.00,102025,Y,,VEN044-0019
2B-000938,07HPTKV5985K1ZO,Apex Solutions LLP,VEN044-0020,R,2025-10-31,80022.28,7,N,18,67815.49,0.00,6103.40,6103.39,0.00,102025,Y,,VEN044-0020
2B-000939,07ICOCO6437E3ZT,Evergreen Foods & Co,VEN004-0014,R,2025-10-09,6248.02,7,N,5,5950.50,0.00,148.76,148.76,0.00,102025,Y,,VEN004-0014
2B-000940,07ICOCO6437E3ZT,Evergreen Foods & Co,VEN004-0015,R,2025-10-14,41146.00,7,N,0,41146.00,0.00,0.00,0.00,0.00,102025,Y,,VEN004-0015
2B-000941,07ICOCO6437E3ZT,Evergreen Foods & Co,VEN/004/0016,R,2025-10-21,44960.38,7,N,18,38102.02,0.00,3429.18,3429.18,0.00,102025,Y,,VEN004-0016
2B-000942,07ICOCO6437E3ZT,Evergreen Foods & Co,18,R,2025-10-30,10875.29,7,N,18,9216.35,0.00,829.47,829.47,0.00,102025,Y,,VEN004-0018
2B-000943,07ICOCO6437E3ZT,Evergreen Foods & Co,VEN004-0017,R,2025-10-30,80177.42,7,N,18,67946.97,0.00,6115.23,6115.22,0.00,102025,Y,,VEN004-0017
2B-000944,07IJPOK5732M2ZG,Bharat Foods Pvt Ltd,14,R,2025-09-03,27788.82,7,N,18,23549.85,0.00,2119.49,2119.48,0.00,102025,Y,,VEN029-0014
2B-000945,07IJPOK5732M2ZG,Bharat Foods Pvt Ltd,VEN029-0015,R,2025-09-03,10225.15,7,N,18,8665.38,0.00,779.88,779.89,0.00,102025,Y,,VEN029-0015
2B-000946,07IJPOK5732M2ZG,Bharat Foods Pvt Ltd,VEN029-0016,R,2025-09-23,84446.54,7,N,5,80425.28,0.00,2010.63,2010.63,0.00,102025,Y,,VEN029-0016
2B-000947,07IJPOK5732M2ZG,Bharat Foods Pvt Ltd,VEN029-0043,R,2025-10-04,14694.91,7,N,5,13995.15,0.00,349.88,349.88,0.00,102025,Y,,
2B-000948,07IKVBH9820B5ZH,Pinnacle Consulting Ltd,VEN013-0030,R,2025-10-13,78635.14,7,N,18,66639.95,0.00,5997.60,5997.59,0.00,102025,Y,,VEN013-0030
2B-000949,07IKVBH9820B5ZH,Pinnacle Consulting Ltd,VEN013-0031,R,2025-10-16,15378.97,7,N,5,14646.64,0.00,366.17,366.16,0.00,102025,Y,,VEN013-0031
2B-000950,07IKVBH9820B5ZH,Pinnacle Consulting Ltd,VEN013-0032,R,2025-10-16,18657.96,7,N,18,15811.83,0.00,1423.07,1423.06,0.00,102025,Y,,VEN013-0032
2B-000951,07IKVBH9820B5ZH,Pinnacle Consulting Ltd,VEN013-0033,R,2025-10-16,34364.49,7,N,5,32728.09,0.00,818.20,818.20,0.00,102025,Y,,VEN013-0033
2B-000952,07LMLPC0398Y5ZM,Jupiter Solutions & Co,VEN040-0017,R,2025-10-14,186100.14,7,N,18,157711.98,0.00,14194.08,14194.08,0.00,102025,Y,,VEN040-0017
2B-000953,07LMLPC0398Y5ZM,Jupiter Solutions & Co,VEN040-0018,R,2025-10-22,83683.07,7,N,18,70917.86,0.00,6382.60,6382.61,0.00,102025,Y,,VEN040-0018
2B-000954,07QIKWC6704V1ZS,Unity Infra Pvt Ltd,VEN009-0022,R,2025-10-03,171345.82,7,N,18,145208.33,0.00,13068.74,13068.75,0.00,102025,Y,,VEN009-0022
2B-000955,07QIKWC6704V1ZS,Unity Infra Pvt Ltd,VEN009-0023,R,2025-10-23,143207.84,7,N,18,121362.58,0.00,10922.63,10922.63,0.00,102025,Y,,VEN009-0023
2B-000956,07QIKWC6704V1ZS,Unity Infra Pvt Ltd,VEN/009/0024,R,2025-10-26,785526.52,7,N,18,665700.44,0.00,59913.04,59913.04,0.00,102025,Y,,VEN009-0024
2B-000957,07YMNMM4218B7ZL,Titan Retail LLP,VEN/043/0019,R,2025-10-17,2783958.86,7,N,18,2359287.17,0.00,212335.85,212335.84,0.00,102025,Y,,VEN043-0019
2B-000958,07YMNMM4218B7ZL,Titan Retail LLP,VEN043-0020,R,2025-10-20,48355.69,7,N,0,48355.69,0.00,0.00,0.00,0.00,102025,Y,,VEN043-0020
2B-000959,07YMNMM4218B7ZL,Titan Retail LLP,VEN043-0021,R,2025-10-24,42156.40,7,N,18,35725.76,0.00,3215.32,3215.32,0.00,102025,Y,,VEN043-0021
2B-000960,07YMNMM4218B7ZL,Titan Retail LLP,VEN043-0022,R,2025-10-25,46189.77,7,N,18,39143.87,0.00,3522.95,3522.95,0.00,102025,Y,,VEN043-0022
2B-000961,07YMNMM4218B7ZL,Titan Retail LLP,INV-0023,R,2025-10-30,159495.93,7,N,18,135166.04,0.00,12164.94,12164.95,0.00,102025,Y,,VEN043-0023
2B-000962,07YMNMM4218B7ZL,Titan Retail LLP,VEN043-0024,R,2025-10-31,110159.51,7,N,5,104913.82,0.00,2622.84,2622.85,0.00,102025,Y,,VEN043-0024
2B-000963,07ZZKDV5987F1ZJ,Quantum Retail Private Limited,VEN023-0025,R,2025-10-06,9359.27,7,N,5,8913.59,0.00,222.84,222.84,0.00,102025,Y,,VEN023-0025
2B-000964,07ZZKDV5987F1ZJ,Quantum Retail Private Limited,VEN023-0026,R,2025-10-08,14237.60,7,N,18,12065.76,0.00,1085.92,1085.92,0.00,102025,Y,,VEN023-0026
2B-000965,07ZZKDV5987F1ZJ,Quantum Retail Private Limited,27,R,2025-10-27,3738.94,7,N,5,3560.90,0.00,89.02,89.02,0.00,102025,Y,,VEN023-0027
2B-000966,07ZZKDV5987F1ZJ,Quantum Retail Private Limited,VEN023-0028,R,2025-10-28,66743.22,7,N,18,56562.05,0.00,5090.59,5090.58,0.00,102025,Y,,VEN023-0028
2B-000967,07ZZKDV5987F1ZJ,Quantum Retail Private Limited,VEN023-0029,R,2025-10-28,13636.10,7,N,0,13636.10,0.00,0.00,0.00,0.00,102025,Y,,VEN023-0029
2B-000968,08DLGSA5957L6ZD,Quantum Media LLP,VEN/049/0014,R,2025-09-01,76521.46,7,N,0,76521.46,0.00,0.00,0.00,0.00,102025,Y,,VEN049-0014
2B-000969,08DLGSA5957L6ZD,Quantum Media LLP,VEN049-0015,R,2025-09-23,109895.44,7,N,18,93131.73,16763.71,0.00,0.00,0.00,102025,Y,,VEN049-0015
2B-000970,08DLGSA5957L6ZD,Quantum Media LLP,VEN049-0016,R,2025-09-26,159920.54,7,N,18,135525.88,24394.66,0.00,0.00,0.00,102025,Y,,VEN049-0016
2B-000971,08DWHYC6866Y6ZK,Evergreen Infra Private Limited,20,R,2025-09-04,51601.64,7,N,18,43730.20,7871.44,0.00,0.00,0.00,102025,Y,,VEN042-0020
2B-000972,08DWHYC6866Y6ZK,Evergreen Infra Private Limited,VEN/042/0021,R,2025-09-19,1181.59,7,N,0,1181.59,0.00,0.00,0.00,0.00,102025,Y,,VEN042-0021
2B-000973,08DWHYC6866Y6ZK,Evergreen Infra Private Limited,INV-0023,R,2025-09-30,4591.32,7,N,18,3890.95,700.37,0.00,0.00,0.00,102025,Y,,VEN042-0023
2B-000974,08DWHYC6866Y6ZK,Evergreen Infra Private Limited,INV-0024,R,2025-09-30,3575.94,7,N,5,3405.65,170.29,0.00,0.00,0.00,102025,Y,,VEN042-0024
2B-000975,08DWHYC6866Y6ZK,Evergreen Infra Private Limited,VEN/042/0028,R,2025-09-30,4187.14,7,N,18,3548.42,638.72,0.00,0.00,0.00,102025,Y,,VEN042-0028
2B-000976,08DWHYC6866Y6ZK,Evergreen Infra Private Limited,VEN042-0022,R,2025-09-30,11285.12,7,N,18,9563.66,1721.46,0.00,0.00,0.00,102025,Y,,VEN042-0022
2B-000977,08DWHYC6866Y6ZK,Evergreen Infra Private Limited,VEN042-0025,R,2025-09-30,16533.11,7,N,18,14011.11,2522.00,0.00,0.00,0.00,102025,Y,,VEN042-0025
2B-000978,08DWHYC6866Y6ZK,Evergreen Infra Private Limited,VEN042-0026,R,2025-09-30,9702.72,7,N,18,8222.64,1480.08,0.00,0.00,0.00,102025,Y,,VEN042-0026
2B-000979,08DWHYC6866Y6ZK,Evergreen Infra Private Limited,VEN042-0027,R,2025-09-30,16755.16,7,N,18,14199.29,2555.87,0.00,0.00,0.00,102025,Y,,VEN042-0027
2B-000980,08DWHYC6866Y6ZK,Evergreen Infra Private Limited,VEN042-0029,R,2025-09-30,11769.62,7,N,18,9974.25,1795.37,0.00,0.00,0.00,102025,Y,,VEN042-0029
2B-000981,08JRQQT0128B3ZH,Unity Media Pvt Ltd,VEN047-0017,R,2025-09-10,247611.24,7,N,12,221081.52,26529.72,0.00,0.00,0.00,102025,Y,,VEN047-0017
2B-000982,08JRQQT0128B3ZH,Unity Media Pvt Ltd,VEN047-0018,R,2025-09-18,77523.66,7,N,18,65698.02,11825.64,0.00,0.00,0.00,102025,Y,,VEN047-0018
2B-000983,08MQFEU2813L7ZM,Crest Media Pvt Ltd,VEN003-0017,R,2025-10-20,269537.38,7,N,18,228421.51,41115.87,0.00,0.00,0.00,102025,Y,,VEN003-0017
2B-000984,08MQFEU2813L7ZM,Crest Media Pvt Ltd,VEN003-0018,R,2025-10-28,10162.09,7,N,5,9678.18,483.91,0.00,0.00,0.00,102025,Y,,VEN003-0018
2B-000985,09CQXKG3580H8ZB,Falcon Tech LLP,VEN035-0030,R,2025-10-09,21454.53,7,N,0,21454.53,0.00,0.00,0.00,0.00,102025,Y,,VEN035-0030
2B-000986,09CQXKG3580H8ZB,Falcon Tech LLP,31,R,2025-10-10,442308.40,7,N,18,374837.63,67470.77,0.00,0.00,0.00,102025,Y,,VEN035-0031
2B-000987,09CQXKG3580H8ZB,Falcon Tech LLP,VEN/035/0032,R,2025-10-17,23827.82,7,N,5,22693.16,1134.66,0.00,0.00,0.00,102025,Y,,VEN035-0032
2B-000988,09CQXKG3580H8ZB,Falcon Tech LLP,VEN/035/0033,R,2025-10-23,238967.28,7,N,18,202514.64,36452.64,0.00,0.00,0.00,102025,Y,,VEN035-0033
2B-000989,09CQXKG3580H8ZB,Falcon Tech LLP,VEN035-0034,R,2025-10-24,9829.93,7,N,5,9361.84,468.09,0.00,0.00,0.00,102025,Y,,VEN035-0034
2B-000990,09IJVGB8145C3ZB,Shree Infra Ltd,VEN019-0009,R,2025-09-24,21530.75,7,N,5,20505.48,1025.27,0.00,0.00,0.00,102025,Y,,VEN019-0009
2B-000991,09KITFJ6794N1ZB,Unity Systems LLP,VEN008-0030,R,2025-10-02,111497.33,7,N,18,96388.89,15108.44,0.00,0.00,0.00,102025,Y,,VEN008-0030
2B-000992,09KITFJ6794N1ZB,Unity Systems LLP,VEN008-0052,R,2025-10-02,67640.65,7,N,0,67640.65,0.00,0.00,0.00,0.00,102025,Y,,
2B-000993,09KITFJ6794N1ZB,Unity Systems LLP,INV-0032,R,2025-10-15,90040.71,7,N,18,76305.69,13735.02,0.00,0.00,0.00,102025,Y,,VEN008-0032
2B-000994,09KITFJ6794N1ZB,Unity Systems LLP,VEN008-0031,R,2025-10-15,9554.83,7,N,18,8097.31,1457.52,0.00,0.00,0.00,102025,Y,,VEN008-0031
2B-000995,09KITFJ6794N1ZB,Unity Systems LLP,INV-0033,R,2025-10-23,9347.62,7,N,18,7921.71,1425.91,0.00,0.00,0.00,102025,Y,,VEN008-0033
2B-000996,09KITFJ6794N1ZB,Unity Systems LLP,VEN008-0034,R,2025-10-30,125500.32,7,N,18,106356.20,19144.12,0.00,0.00,0.00,102025,Y,,VEN008-0034
2B-000997,09RATVE0496Z7ZC,Trident Logistics & Co,VEN038-0031,R,2025-10-02,241910.61,7,N,18,205008.99,36901.62,0.00,0.00,0.00,102025,Y,,VEN038-0031
2B-000998,09RATVE0496Z7ZC,Trident Logistics & Co,VEN038-0032,R,2025-10-16,19757.87,7,N,18,16743.96,3013.91,0.00,0.00,0.00,102025,Y,,VEN038-0032
2B-000999,09RATVE0496Z7ZC,Trident Logistics & Co,VEN038-0033,R,2025-10-20,76427.90,7,N,18,64769.41,11658.49,0.00,0.00,0.00,102025,Y,,VEN038-0033
2B-001000,09RATVE0496Z7ZC,Trident Logistics & Co,VEN038-0034,R,2025-10-22,177689.12,7,N,18,150584.00,27105.12,0.00,0.00,0.00,102025,Y,,VEN038-0034
2B-001001,19BPIWU1426U8ZA,Sigma Electronics Pvt Ltd,VEN/048/0014,R,2025-09-08,11475.18,7,N,18,9724.73,1750.45,0.00,0.00,0.00,102025,Y,,VEN048-0014
2B-001002,19BPIWU1426U8ZA,Sigma Electronics Pvt Ltd,VEN048-0015,R,2025-09-16,32001.14,7,N,18,27119.61,4881.53,0.00,0.00,0.00,102025,Y,,VEN048-0015
2B-001003,19OHMLN7771Z5ZC,Meridian Traders & Co,31,R,2025-10-02,80500.13,7,N,18,68220.45,12279.68,0.00,0.00,0.00,102025,Y,,VEN015-0031
2B-001004,19OHMLN7771Z5ZC,Meridian Traders & Co,32,R,2025-10-23,21096.78,7,N,5,20092.17,1004.61,0.00,0.00,0.00,102025,Y,,VEN015-0032
2B-001005,19OHMLN7771Z5ZC,Meridian Traders & Co,VEN015-0033,R,2025-10-23,116208.76,7,N,18,98482.00,17726.76,0.00,0.00,0.00,102025,Y,,VEN015-0033
2B-001006,19OHMLN7771Z5ZC,Meridian Traders & Co,VEN015-0034,R,2025-10-30,11212.61,7,N,5,10678.67,533.94,0.00,0.00,0.00,102025,Y,,VEN015-0034
2B-001007,19UMKHA3185K5ZL,Vertex Logistics LLP,VEN032-0028,R,2025-10-03,9806.46,7,N,5,9339.49,466.97,0.00,0.00,0.00,102025,Y,,VEN032-0028
2B-001008,19UMKHA3185K5ZL,Vertex Logistics LLP,VEN032-0029,R,2025-10-18,38563.55,7,N,5,36727.19,1836.36,0.00,0.00,0.00,102025,Y,,VEN032-0029
2B-001009,19UMKHA3185K5ZL,Vertex Logistics LLP,VEN032-0030,R,2025-10-20,48309.12,7,N,5,46008.69,2300.43,0.00,0.00,0.00,102025,Y,,VEN032-0030
2B-001010,19UMKHA3185K5ZL,Vertex Logistics LLP,VEN032-0031,R,2025-10-29,61158.80,7,N,18,51829.49,9329.31,0.00,0.00,0.00,102025,Y,,VEN032-0031
2B-001011,19YDFPE7285G2ZN,Meridian Industries LLP,VEN011-0017,R,2025-10-08,250622.31,7,N,18,212391.79,38230.52,0.00,0.00,0.00,102025,Y,,VEN011-0017
2B-001012,19YDFPE7285G2ZN,Meridian Industries LLP,18,R,2025-10-10,30128.75,7,N,5,28694.05,1434.70,0.00,0.00,0.00,102025,Y,,VEN011-0018
2B-001013,19YDFPE7285G2ZN,Meridian Industries LLP,VEN011-0019,R,2025-10-13,60166.93,7,N,0,60166.93,0.00,0.00,0.00,0.00,102025,Y,,VEN011-0019
2B-001014,19YDFPE7285G2ZN,Meridian Industries LLP,VEN011-0040,R,2025-10-13,179267.57,7,N,18,151921.67,27345.90,0.00,0.00,0.00,102025,Y,,
2B-001015,19YDFPE7285G2ZN,Meridian Industries LLP,VEN011-0020,R,2025-10-30,126426.06,7,N,18,107140.73,19285.33,0.00,0.00,0.00,102025,Y,,VEN011-0020
2B-001016,24BSPXQ4264B5Z4,Crest Foods & Co,VEN/033/0012,R,2025-09-11,37008.48,7,N,18,31363.12,5645.36,0.00,0.00,0.00,102025,Y,,VEN033-0012
2B-001017,24BSPXQ4264B5Z4,Crest Foods & Co,VEN033-0013,R,2025-09-17,16670.75,7,N,5,15876.90,793.85,0.00,0.00,0.00,102025,Y,,VEN033-0013
2B-001018,24BSPXQ4264B5Z4,Crest Foods & Co,VEN/033/0014,R,2025-09-19,281801.93,7,N,28,220157.76,61644.17,0.00,0.00,0.00,102025,Y,,VEN033-0014
2B-001019,24BSPXQ4264B5Z4,Crest Foods & Co,15,R,2025-09-22,15753.27,7,N,5,15003.11,750.16,0.00,0.00,0.00,102025,Y,,VEN033-0015
2B-001020,24BSPXQ4264B5Z4,Crest Foods & Co,VEN033-0016,R,2025-09-26,147611.27,7,N,18,125094.30,22516.97,0.00,0.00,0.00,102025,Y,,VEN033-0016
2B-001021,24DKZXM3530X5ZC,Royal Tech Ltd,VEN036-0025,R,2025-10-10,13085.68,7,N,0,13085.68,0.00,0.00,0.00,0.00,102025,Y,,VEN036-0025
2B-001022,24DKZXM3530X5ZC,Royal Tech Ltd,VEN036-0026,R,2025-10-12,311645.23,7,N,18,264106.13,47539.10,0.00,0.00,0.00,102025,Y,,VEN036-0026
2B-001023,24DKZXM3530X5ZC,Royal Tech Ltd,INV-0027,R,2025-10-23,31106.16,7,N,5,29624.91,1481.25,0.00,0.00,0.00,102025,Y,,VEN036-0027
2B-001024,24NTKDR1082K6ZL,Horizon Motors & Co,VEN014-0027,R,2025-10-01,106258.34,7,N,18,90049.44,16208.90,0.00,0.00,0.00,102025,Y,,VEN014-0027
2B-001025,24NTKDR1082K6ZL,Horizon Motors & Co,28,R,2025-10-14,11724.47,7,N,5,11166.16,558.31,0.00,0.00,0.00,102025,Y,,VEN014-0028
2B-001026,24NTKDR1082K6ZL,Horizon Motors & Co,29,R,2025-10-16,21095.13,7,N,18,17877.23,3217.90,0.00,0.00,0.00,102025,Y,,VEN014-0029
2B-001027,24NTKDR1082K6ZL,Horizon Motors & Co,VEN014-0030,R,2025-10-21,258339.02,7,N,18,218931.37,39407.65,0.00,0.00,0.00,102025,Y,,VEN014-0030
2B-001028,24SALVT7843V8ZE,Global Consulting Pvt Ltd,INV-0018,R,2025-10-13,20407.50,7,N,5,19435.71,971.79,0.00,0.00,0.00,102025,Y,,VEN001-0018
2B-001029,24SALVT7843V8ZE,Global Consulting Pvt Ltd,INV-0019,R,2025-10-29,46537.09,7,N,5,44321.04,2216.05,0.00,0.00,0.00,102025,Y,,VEN001-0019
2B-001030,27ADDXB1263F7ZI,Sigma Electronics Ltd,VEN025-0019,R,2025-09-07,70912.21,7,N,5,67535.44,3376.77,0.00,0.00,0.00,102025,Y,,VEN025-0019
2B-001031,27ADDXB1263F7ZI,Sigma Electronics Ltd,VEN025-0020,R,2025-09-23,13494.60,7,N,5,12852.00,642.60,0.00,0.00,0.00,102025,Y,,VEN025-0020
2B-001032,27DVWPC2404K6Z7,Indus Enterprises LLP,VEN021-0018,R,2025-10-30,168578.34,7,N,18,142863.00,25715.34,0.00,0.00,0.00,102025,Y,,VEN021-0018
2B-001033,27IHKYA4322G9ZS,Orion Consulting & Co,VEN/034/0012,R,2025-10-15,53921.49,7,N,18,45696.18,8225.31,0.00,0.00,0.00,102025,Y,,VEN034-0012
2B-001034,27IHKYA4322G9ZS,Orion Consulting & Co,VEN034-0013,R,2025-10-30,31950.34,7,N,18,27076.56,4873.78,0.00,0.00,0.00,102025,Y,,VEN034-0013
2B-001035,27METYM9562Z9ZM,Bharat Enterprises LLP,VEN005-0015,R,2025-10-02,17485.77,7,N,18,14818.45,2667.32,0.00,0.00,0.00,102025,Y,,VEN005-0015
2B-001036,27METYM9562Z9ZM,Bharat Enterprises LLP,INV-0016,R,2025-10-03,81793.02,7,N,18,69316.12,12476.90,0.00,0.00,0.00,102025,Y,,VEN005-0016
2B-001037,27MZBLF3946W2ZF,Titan Industries Ltd,VEN017-0028,R,2025-10-16,215747.80,7,N,18,182837.12,32910.68,0.00,0.00,0.00,102025,Y,,VEN017-0028
2B-001038,27MZBLF3946W2ZF,Titan Industries Ltd,29,R,2025-10-28,187923.97,7,N,18,159257.60,28666.37,0.00,0.00,0.00,102025,Y,,VEN017-0029
2B-001039,27SMUZG8775G5Z4,Falcon Traders Ltd,21,R,2025-10-11,182747.15,7,N,18,154870.47,27876.68,0.00,0.00,0.00,102025,Y,,VEN012-0021
2B-001040,27SMUZG8775G5Z4,Falcon Traders Ltd,23,R,2025-10-18,120790.58,7,N,18,102364.90,18425.68,0.00,0.00,0.00,102025,Y,,VEN012-0023
2B-001041,27SMUZG8775G5Z4,Falcon Traders Ltd,VEN012-0022,R,2025-10-18,228864.22,7,N,18,193952.73,34911.49,0.00,0.00,0.00,102025,Y,,VEN012-0022
2B-001042,27XOEEP5452W8ZP,Crest Traders Pvt Ltd,VEN037-0015,R,2025-10-03,77899.43,7,N,18,66016.47,11882.96,0.00,0.00,0.00,102025,Y,,VEN037-0015
2B-001043,27XOEEP5452W8ZP,Crest Traders Pvt Ltd,16,R,2025-10-11,206048.44,7,N,18,174617.32,31431.12,0.00,0.00,0.00,102025,Y,,VEN037-0016
2B-001044,27XOEEP5452W8ZP,Crest Traders Pvt Ltd,VEN/037/0017,R,2025-10-13,8862.51,7,N,0,8862.51,0.00,0.00,0.00,0.00,102025,Y,,VEN037-0017
2B-001045,27XOEEP5452W8ZP,Crest Traders Pvt Ltd,INV-0018,R,2025-10-20,14701.30,7,N,18,12458.73,2242.57,0.00,0.00,0.00,102025,Y,,VEN037-0018
2B-001046,27ZEKBL5846Z1Z7,Jupiter Components Pvt Ltd,VEN002-0022,R,2025-10-03,106519.80,7,N,18,90271.02,16248.78,0.00,0.00,0.00,102025,Y,,VEN002-0022
2B-001047,27ZEKBL5846Z1Z7,Jupiter Components Pvt Ltd,VEN002-0023,R,2025-10-14,17099.21,7,N,18,14490.86,2608.35,0.00,0.00,0.00,102025,Y,,VEN002-0023
2B-001048,29TABAS6604Y1ZX,Sigma Traders Ltd,VEN016-0027,R,2025-10-08,17235.15,7,N,5,16414.43,820.72,0.00,0.00,0.00,102025,Y,,VEN016-0027
2B-001049,29TABAS6604Y1ZX,Sigma Traders Ltd,VEN016-0028,R,2025-10-14,19878.20,7,N,18,16845.93,3032.27,0.00,0.00,0.00,102025,Y,,VEN016-0028
2B-001050,29TABAS6604Y1ZX,Sigma Traders Ltd,VEN016-0029,R,2025-10-22,12582.40,7,N,5,11983.24,599.16,0.00,0.00,0.00,102025,Y,,VEN016-0029
2B-001051,29TABAS6604Y1ZX,Sigma Traders Ltd,VEN016-0030,R,2025-10-22,21448.64,7,N,18,18176.81,3271.83,0.00,0.00,0.00,102025,Y,,VEN016-0030
2B-001052,29TABAS6604Y1ZX,Sigma Traders Ltd,VEN016-0031,R,2025-10-30,41631.60,7,N,18,35281.02,6350.58,0.00,0.00,0.00,102025,Y,,VEN016-0031
2B-001053,29ULWSZ7970U2Z8,Falcon Components LLP,VEN/028/0031,R,2025-10-15,83278.78,7,N,5,79313.12,3965.66,0.00,0.00,0.00,102025,Y,,VEN028-0031
2B-001054,29ULWSZ7970U2Z8,Falcon Components LLP,VEN028-0032,R,2025-10-16,156448.90,7,N,18,132583.81,23865.09,0.00,0.00,0.00,102025,Y,,VEN028-0032
2B-001055,29ULWSZ7970U2Z8,Falcon Components LLP,VEN028-0033,R,2025-10-21,106422.19,7,N,18,90188.30,16233.89,0.00,0.00,0.00,102025,Y,,VEN028-0033
2B-001056,29ULWSZ7970U2Z8,Falcon Components LLP,VEN028-0034,R,2025-10-29,28908.69,7,N,18,24498.89,4409.80,0.00,0.00,0.00,102025,Y,,VEN028-0034
2B-001057,29VYHLW6909G1ZE,Unity Media LLP,25,R,2025-10-10,175869.96,7,N,18,149042.34,26827.62,0.00,0.00,0.00,102025,Y,,VEN007-0025
2B-001058,29VYHLW6909G1ZE,Unity Media LLP,VEN007-0026,R,2025-10-10,110422.56,7,N,18,93578.44,16844.12,0.00,0.00,0.00,102025,Y,,VEN007-0026
2B-001059,29VYHLW6909G1ZE,Unity Media LLP,VEN007-0027,R,2025-10-27,102261.56,7,N,18,86662.34,15599.22,0.00,0.00,0.00,102025,Y,,VEN007-0027
2B-001060,33DMSQD6561G9ZL,Lotus Industries Pvt Ltd,VEN026-0026,R,2025-10-02,159774.18,7,N,18,135401.85,24372.33,0.00,0.00,0.00,102025,Y,,VEN026-0026
2B-001061,33DMSQD6561G9ZL,Lotus Industries Pvt Ltd,VEN/026/0027,R,2025-10-14,125989.35,7,N,5,119989.86,5999.49,0.00,0.00,0.00,102025,Y,,VEN026-0027
2B-001062,33DMSQD6561G9ZL,Lotus Industries Pvt Ltd,VEN026-0028,R,2025-10-14,516747.85,7,N,18,437921.98,78825.87,0.00,0.00,0.00,102025,Y,,VEN026-0028
2B-001063,33DMSQD6561G9ZL,Lotus Industries Pvt Ltd,29,R,2025-10-15,146236.83,7,N,18,123929.52,22307.31,0.00,0.00,0.00,102025,Y,,VEN026-0029
2B-001064,33DMSQD6561G9ZL,Lotus Industries Pvt Ltd,VEN/026/0030,R,2025-10-20,697831.40,7,N,18,591382.54,106448.86,0.00,0.00,0.00,102025,Y,,VEN026-0030
2B-001065,33PESEP5781B3ZF,Prime Systems Pvt Ltd,VEN020-0023,R,2025-09-02,72080.80,7,N,18,61085.42,10995.38,0.00,0.00,0.00,102025,Y,,VEN020-0023
2B-001066,33PESEP5781B3ZF,Prime Systems Pvt Ltd,VEN/020/0024,R,2025-09-16,97075.19,7,N,18,82267.11,14808.08,0.00,0.00,0.00,102025,Y,,VEN020-0024
2B-001067,33PESEP5781B3ZF,Prime Systems Pvt Ltd,VEN020-0025,R,2025-09-17,90123.00,7,N,5,85831.43,4291.57,0.00,0.00,0.00,102025,Y,,VEN020-0025
2B-001068,33PESEP5781B3ZF,Prime Systems Pvt Ltd,VEN020-0026,R,2025-09-18,99076.78,7,N,18,83963.37,15113.41,0.00,0.00,0.00,102025,Y,,VEN020-0026
2B-001069,33PESEP5781B3ZF,Prime Systems Pvt Ltd,VEN020-0027,R,2025-09-24,36942.16,7,N,18,31307.06,5635.10,0.00,0.00,0.00,102025,Y,,VEN020-0027
2B-001070,33YKXAB5987J5ZJ,Jupiter Industries Pvt Ltd,VEN046-0024,R,2025-10-02,1629434.79,7,N,18,1380876.94,248557.85,0.00,0.00,0.00,102025,Y,,VEN046-0024
2B-001071,33YKXAB5987J5ZJ,Jupiter Industries Pvt Ltd,VEN046-0025,R,2025-10-20,455402.89,7,N,18,385934.65,69468.24,0.00,0.00,0.00,102025,Y,,VEN046-0025
2B-001072,33YKXAB5987J5ZJ,Jupiter Industries Pvt Ltd,VEN046-0026,R,2025-10-31,104166.77,7,N,18,88276.92,15889.85,0.00,0.00,0.00,102025,Y,,VEN046-0026
2B-001073,36NBJZD8287I7Z5,Vikram Components Ltd,11,R,2025-09-02,24797.66,7,N,18,21014.97,3782.69,0.00,0.00,0.00,102025,Y,,VEN039-0011
2B-001074,36NBJZD8287I7Z5,Vikram Components Ltd,VEN039-0012,R,2025-09-04,229054.22,7,N,12,204512.70,24541.52,0.00,0.00,0.00,102025,Y,,VEN039-0012
2B-001075,36NBJZD8287I7Z5,Vikram Components Ltd,14,R,2025-09-05,49829.12,7,N,28,38929.00,10900.12,0.00,0.00,0.00,102025,Y,,VEN039-0014
2B-001076,36NBJZD8287I7Z5,Vikram Components Ltd,VEN039-0013,R,2025-09-05,14367.10,7,N,5,13682.95,684.15,0.00,0.00,0.00,102025,Y,,VEN039-0013
2B-001077,36NBJZD8287I7Z5,Vikram Components Ltd,VEN039-0015,R,2025-09-08,130598.41,7,N,28,102030.01,28568.40,0.00,0.00,0.00,102025,Y,,VEN039-0015
2B-001078,36NBJZD8287I7Z5,Vikram Components Ltd,VEN039-0016,R,2025-09-09,20627.69,7,N,0,20627.69,0.00,0.00,0.00,0.00,102025,Y,,VEN039-0016
2B-001079,07CAANY0360A5Z4,Falcon Industries Private Limited,VEN018-0022,R,2025-11-03,7545.47,7,N,5,7186.16,0.00,179.66,179.65,0.00,112025,Y,,VEN018-0022
2B-001080,07CAANY0360A5Z4,Falcon Industries Private Limited,VEN018-0023,R,2025-11-03,55734.02,7,N,18,47232.22,0.00,4250.90,4250.90,0.00,112025,Y,,VEN018-0023
2B-001081,07CAANY0360A5Z4,Falcon Industries Private Limited,24,R,2025-11-06,148156.69,7,N,18,125556.52,0.00,11300.08,11300.09,0.00,112025,Y,,VEN018-0024
2B-001082,07DAFGU3070W4Z4,Titan Solutions & Co,VEN045-0030,R,2025-11-06,773626.96,7,N,18,655616.07,0.00,59005.44,59005.45,0.00,112025,Y,,VEN045-0030
2B-001083,07DAFGU3070W4Z4,Titan Solutions & Co,VEN045-0031,R,2025-11-12,4180.50,7,N,5,3981.43,0.00,99.53,99.54,0.00,112025,Y,,VEN045-0031
2B-001084,07DAFGU3070W4Z4,Titan Solutions & Co,33,R,2025-11-18,15111.91,7,N,18,12806.70,0.00,1152.61,1152.60,0.00,112025,Y,,VEN045-0033
2B-001085,07DAFGU3070W4Z4,Titan Solutions & Co,VEN045-0032,R,2025-11-18,20578.87,7,N,0,20578.87,0.00,0.00,0.00,0.00,112025,Y,,VEN045-0032
2B-001086,07DAFGU3070W4Z4,Titan Solutions & Co,VEN045-0034,R,2025-11-24,28390.38,7,N,0,28390.38,0.00,0.00,0.00,0.00,112025,Y,,VEN045-0034
2B-001087,07FNTBF7791F4Z1,Zenith Components & Co,VEN/031/0026,R,2025-11-24,31388.14,7,N,18,26600.12,0.00,2394.01,2394.01,0.00,112025,Y,,VEN031-0026
2B-001088,07FNTBF7791F4Z1,Zenith Components & Co,VEN031-0027,R,2025-11-30,63384.96,7,N,18,53716.07,0.00,4834.44,4834.45,0.00,112025,Y,,VEN031-0027
2B-001089,07HKNYR0876L1ZQ,Meridian Tech Pvt Ltd,VEN024-0028,R,2025-11-13,30000.45,7,N,18,25424.11,0.00,2288.17,2288.17,0.00,112025,Y,,VEN024-0028
2B-001090,07HKNYR0876L1ZQ,Meridian Tech Pvt Ltd,VEN024-0027,R,2025-11-16,207273.47,7,N,18,175655.48,0.00,15809.00,15808.99,0.00,112025,Y,,VEN024-0027
2B-001091,07HKNYR0876L1ZQ,Meridian Tech Pvt Ltd,VEN024-0029,R,2025-11-25,95172.62,7,N,18,80654.76,0.00,7258.93,7258.93,0.00,112025,Y,,VEN024-0029
2B-001092,07HKNYR0876L1ZQ,Meridian Tech Pvt Ltd,VEN024-0030,R,2025-11-25,115346.30,7,N,28,90114.30,0.00,12616.00,12616.00,0.00,112025,Y,,VEN024-0030
2B-001093,07HPTKV5985K1ZO,Apex Solutions LLP,VEN044-0021,R,2025-11-04,76706.68,7,N,18,65005.66,0.00,5850.51,5850.51,0.00,112025,Y,,VEN044-0021
2B-001094,07HPTKV5985K1ZO,Apex Solutions LLP,VEN044-0022,R,2025-11-13,20723.73,7,N,18,17562.48,0.00,1580.62,1580.63,0.00,112025,Y,,VEN044-0022
2B-001095,07HPTKV5985K1ZO,Apex Solutions LLP,VEN044-0023,R,2025-11-14,27531.62,7,N,18,23331.88,0.00,2099.87,2099.87,0.00,112025,Y,,VEN044-0023
2B-001096,07HPTKV5985K1ZO,Apex Solutions LLP,VEN044-0024,R,2025-11-25,152379.59,7,N,18,127894.92,0.00,12242.33,12242.34,0.00,112025,Y,,VEN044-0024
2B-001097,07HZLZU4203C4ZO,Lotus Solutions LLP,VEN050-0022,R,2025-11-05,282426.85,7,N,18,239344.79,0.00,21541.03,21541.03,0.00,112025,Y,,VEN050-0022
2B-001098,07HZLZU4203C4ZO,Lotus Solutions LLP,VEN/050/0023,R,2025-11-10,81476.74,7,N,0,81476.74,0.00,0.00,0.00,0.00,112025,Y,,VEN050-0023
2B-001099,07HZLZU4203C4ZO,Lotus Solutions LLP,VEN050-0036,R,2025-11-12,73924.43,7,N,0,73924.43,0.00,0.00,0.00,0.00,112025,Y,,
2B-001100,07ICOCO6437E3ZT,Evergreen Foods & Co,VEN004-0019,R,2025-11-06,172270.55,7,N,18,145991.99,0.00,13139.28,13139.28,0.00,112025,Y,,VEN004-0019
2B-001101,07ICOCO6437E3ZT,Evergreen Foods & Co,VEN004-0020,R,2025-11-07,34909.71,7,N,18,29584.50,0.00,2662.61,2662.60,0.00,112025,Y,,VEN004-0020
2B-001102,07ICOCO6437E3ZT,Evergreen Foods & Co,VEN004-0021,R,2025-11-17,171209.01,7,N,18,145092.38,0.00,13058.32,13058.31,0.00,112025,Y,,VEN004-0021
2B-001103,07IJPOK5732M2ZG,Bharat Foods Pvt Ltd,INV-0017,R,2025-10-02,93691.36,7,N,18,79399.46,0.00,7145.95,7145.95,0.00,112025,Y,,VEN029-0017
2B-001104,07IJPOK5732M2ZG,Bharat Foods Pvt Ltd,VEN029-0018,R,2025-10-03,17581.04,7,N,5,16743.85,0.00,418.60,418.59,0.00,112025,Y,,VEN029-0018
2B-001105,07IJPOK5732M2ZG,Bharat Foods Pvt Ltd,INV-0019,R,2025-10-26,3273.57,7,N,5,3117.69,0.00,77.94,77.94,0.00,112025,Y,,VEN029-0019
2B-001106,07IJPOK5732M2ZG,Bharat Foods Pvt Ltd,VEN029-0020,R,2025-10-30,34245.75,7,N,18,29021.82,0.00,2611.97,2611.96,0.00,112025,Y,,VEN029-0020
2B-001107,07IJPOK5732M2ZG,Bharat Foods Pvt Ltd,VEN/029/0021,R,2025-10-31,9814.51,7,N,18,8317.38,0.00,748.57,748.56,0.00,112025,Y,,VEN029-0021
2B-001108,07IKVBH9820B5ZH,Pinnacle Consulting Ltd,VEN013-0034,R,2025-11-11,62772.00,7,N,18,53196.61,0.00,4787.69,4787.70,0.00,112025,Y,,VEN013-0034
2B-001109,07JEJSC5168Z9ZT,Global Motors Pvt Ltd,VEN030-0022,R,2025-11-03,12778.54,7,N,5,12170.04,0.00,304.25,304.25,0.00,112025,Y,,VEN030-0022
2B-001110,07JEJSC5168Z9ZT,Global Motors Pvt Ltd,VEN030-0023,R,2025-11-07,8442.63,7,N,18,7154.77,0.00,643.93,643.93,0.00,112025,Y,,VEN030-0023
2B-001111,07JEJSC5168Z9ZT,Global Motors Pvt Ltd,VEN030-0024,R,2025-11-14,120630.68,7,N,18,102229.39,0.00,9200.65,9200.64,0.00,112025,Y,,VEN030-0024
2B-001112,07JEJSC5168Z9ZT,Global Motors Pvt Ltd,VEN030-0025,R,2025-11-14,125540.47,7,N,18,106390.23,0.00,9575.12,9575.12,0.00,112025,Y,,VEN030-0025
2B-001113,07JEJSC5168Z9ZT,Global Motors Pvt Ltd,VEN030-0026,R,2025-11-27,192985.02,7,N,18,163546.63,0.00,14719.19,14719.20,0.00,112025,Y,,VEN030-0026
2B-001114,07JEJSC5168Z9ZT,Global Motors Pvt Ltd,VEN030-0027,R,2025-11-28,192887.67,7,N,18,163464.13,0.00,14711.77,14711.77,0.00,112025,Y,,VEN030-0027
2B-001115,07LMLPC0398Y5ZM,Jupiter Solutions & Co,VEN040-0019,R,2025-11-17,78177.62,7,N,18,66252.22,0.00,5962.70,5962.70,0.00,112025,Y,,VEN040-0019
2B-001116,07QIKWC6704V1ZS,Unity Infra Pvt Ltd,VEN009-0025,R,2025-11-21,38257.68,7,N,18,32421.76,0.00,2917.96,2917.96,0.00,112025,Y,,VEN009-0025
2B-001117,07QIKWC6704V1ZS,Unity Infra Pvt Ltd,VEN009-0026,R,2025-11-29,104608.48,7,N,18,88651.25,0.00,7978.61,7978.62,0.00,112025,Y,,VEN009-0026
2B-001118,07YMNMM4218B7ZL,Titan Retail LLP,VEN043-0025,R,2025-11-14,306226.98,7,N,18,259514.39,0.00,23356.29,23356.30,0.00,112025,Y,,VEN043-0025
2B-001119,07YMNMM4218B7ZL,Titan Retail LLP,VEN043-0038,R,2025-11-15,280809.43,7,N,18,237974.09,0.00,21417.67,21417.67,0.00,112025,Y,,
2B-001120,07YMNMM4218B7ZL,Titan Retail LLP,VEN043-0026,R,2025-11-25,50026.91,7,N,18,42395.69,0.00,3815.61,3815.61,0.00,112025,Y,,VEN043-0026
2B-001121,07ZZKDV5987F1ZJ,Quantum Retail Private Limited,INV-0030,R,2025-11-04,16444.95,7,N,5,15661.86,0.00,391.55,391.54,0.00,112025,Y,,VEN023-0030
2B-001122,07ZZKDV5987F1ZJ,Quantum Retail Private Limited,VEN023-0031,R,2025-11-30,12749.45,7,N,18,10804.62,0.00,972.41,972.42,0.00,112025,Y,,VEN023-0031
2B-001123,08DLGSA5957L6ZD,Quantum Media LLP,INV-0017,R,2025-10-02,373239.05,7,N,18,316304.28,56934.77,0.00,0.00,0.00,112025,Y,,VEN049-0017
2B-001124,08DLGSA5957L6ZD,Quantum Media LLP,INV-0018,R,2025-10-04,116706.65,7,N,5,111149.19,5557.46,0.00,0.00,0.00,112025,Y,,VEN049-0018
2B-001125,08DLGSA5957L6ZD,Quantum Media LLP,VEN049-0019,R,2025-10-08,241642.18,7,N,18,204781.51,36860.67,0.00,0.00,0.00,112025,Y,,VEN049-0019
2B-001126,08DLGSA5957L6ZD,Quantum Media LLP,VEN049-0020,R,2025-10-18,36366.55,7,N,18,30819.11,5547.44,0.00,0.00,0.00,112025,Y,,VEN049-0020
2B-001127,08DLGSA5957L6ZD,Quantum Media LLP,VEN049-0021,R,2025-10-20,28410.02,7,N,18,24076.29,4333.73,0.00,0.00,0.00,112025,Y,,VEN049-0021
2B-001128,08DLGSA5957L6ZD,Quantum Media LLP,VEN049-0022,R,2025-10-26,365697.79,7,N,28,285701.40,79996.39,0.00,0.00,0.00,112025,Y,,VEN049-0022
2B-001129,08DWHYC6866Y6ZK,Evergreen Infra Private Limited,31,R,2025-10-01,6639.55,7,N,5,6323.38,316.17,0.00,0.00,0.00,112025,Y,,VEN042-0031
2B-001130,08DWHYC6866Y6ZK,Evergreen Infra Private Limited,VEN042-0030,R,2025-10-01,3156.50,7,N,5,3006.19,150.31,0.00,0.00,0.00,112025,Y,,VEN042-0030
2B-001131,08DWHYC6866Y6ZK,Evergreen Infra Private Limited,VEN042-0032,R,2025-10-10,16714.54,7,N,0,16714.54,0.00,0.00,0.00,0.00,112025,Y,,VEN042-0032
2B-001132,08DWHYC6866Y6ZK,Evergreen Infra Private Limited,VEN042-0033,R,2025-10-11,24581.83,7,N,18,20832.06,3749.77,0.00,0.00,0.00,112025,Y,,VEN042-0033
2B-001133,08DWHYC6866Y6ZK,Evergreen Infra Private Limited,VEN042-0034,R,2025-10-13,9231.68,7,N,18,7823.46,1408.22,0.00,0.00,0.00,112025,Y,,VEN042-0034
2B-001134,08DWHYC6866Y6ZK,Evergreen Infra Private Limited,VEN042-0035,R,2025-10-14,188097.92,7,N,18,159405.02,28692.90,0.00,0.00,0.00,112025,Y,,VEN042-0035
2B-001135,08DWHYC6866Y6ZK,Evergreen Infra Private Limited,INV-0036,R,2025-10-15,189207.81,7,N,18,160345.60,28862.21,0.00,0.00,0.00,112025,Y,,VEN042-0036
2B-001136,08DWHYC6866Y6ZK,Evergreen Infra Private Limited,VEN042-0037,R,2025-10-16,189665.73,7,N,18,160733.67,28932.06,0.00,0.00,0.00,112025,Y,,VEN042-0037
2B-001137,08DWHYC6866Y6ZK,Evergreen Infra Private Limited,VEN042-0038,R,2025-10-20,4599.01,7,N,5,4380.01,219.00,0.00,0.00,0.00,112025,Y,,VEN042-0038
2B-001138,08DWHYC6866Y6ZK,Evergreen Infra Private Limited,VEN042-0039,R,2025-10-24,40886.94,7,N,18,34649.95,6236.99,0.00,0.00,0.00,112025,Y,,VEN042-0039
2B-001139,08DWHYC6866Y6ZK,Evergreen Infra Private Limited,VEN042-0040,R,2025-10-28,82460.79,7,N,18,69881.87,12578.92,0.00,0.00,0.00,112025,Y,,VEN042-0040
2B-001140,08DWHYC6866Y6ZK,Evergreen Infra Private Limited,VEN/042/0041,R,2025-10-31,82992.87,7,N,18,70332.94,12659.93,0.00,0.00,0.00,112025,Y,,VEN042-0041
2B-001141,08JRQQT0128B3ZH,Unity Media Pvt Ltd,INV-0019,R,2025-10-01,51671.53,7,N,18,43789.43,7882.10,0.00,0.00,0.00,112025,Y,,VEN047-0019
2B-001142,08JRQQT0128B3ZH,Unity Media Pvt Ltd,VEN047-0020,R,2025-10-03,4972.50,7,N,5,4735.71,236.79,0.00,0.00,0.00,112025,Y,,VEN047-0020
2B-001143,08JRQQT0128B3ZH,Unity Media Pvt Ltd,VEN/047/0022,R,2025-10-22,122762.48,7,N,18,104036.00,18726.48,0.00,0.00,0.00,112025,Y,,VEN047-0022
2B-001144,08JRQQT0128B3ZH,Unity Media Pvt Ltd,VEN047-0021,R,2025-10-22,20622.41,7,N,18,17476.62,3145.79,0.00,0.00,0.00,112025,Y,,VEN047-0021
2B-001145,08MQFEU2813L7ZM,Crest Media Pvt Ltd,VEN003-0019,R,2025-11-03,46562.17,7,N,5,44344.92,2217.25,0.00,0.00,0.00,112025,Y,,VEN003-0019
2B-001146,08MQFEU2813L7ZM,Crest Media Pvt Ltd,INV-0021,R,2025-11-18,303895.60,7,N,18,257538.64,46356.96,0.00,0.00,0.00,112025,Y,,VEN003-0021
2B-001147,08MQFEU2813L7ZM,Crest Media Pvt Ltd,VEN003-0035,R,2025-11-18,172152.58,7,N,18,145892.02,26260.56,0.00,0.00,0.00,112025,Y,,
2B-001148,08MQFEU2813L7ZM,Crest Media Pvt Ltd,INV-0022,R,2025-11-19,26382.20,7,N,5,25125.90,1256.30,0.00,0.00,0.00,112025,Y,,VEN003-0022
2B-001149,08MQFEU2813L7ZM,Crest Media Pvt Ltd,VEN/003/0020,R,2025-11-23,135642.42,7,N,18,114951.41,20691.01,0.00,0.00,0.00,112025,Y,,VEN003-0020
2B-001150,09CQXKG3580H8ZB,Falcon Tech LLP,VEN035-0035,R,2025-11-05,82076.58,7,N,18,69556.42,12520.16,0.00,0.00,0.00,112025,Y,,VEN035-0035
2B-001151,09CQXKG3580H8ZB,Falcon Tech LLP,VEN035-0036,R,2025-11-06,64350.75,7,N,18,54534.53,9816.22,0.00,0.00,0.00,112025,Y,,VEN035-0036
2B-001152,09CQXKG3580H8ZB,Falcon Tech LLP,VEN035-0037,R,2025-11-09,111647.05,7,N,18,94616.14,17030.91,0.00,0.00,0.00,112025,Y,,VEN035-0037
2B-001153,09CQXKG3580H8ZB,Falcon Tech LLP,VEN035-0038,R,2025-11-14,12243.27,7,N,0,12243.27,0.00,0.00,0.00,0.00,112025,Y,,VEN035-0038
2B-001154,09CQXKG3580H8ZB,Falcon Tech LLP,39,R,2025-11-18,191686.76,7,N,18,162446.41,29240.35,0.00,0.00,0.00,112025,Y,,VEN035-0039
2B-001155,09CQXKG3580H8ZB,Falcon Tech LLP,VEN/035/0040,R,2025-11-26,32568.74,7,N,18,27600.63,4968.11,0.00,0.00,0.00,112025,Y,,VEN035-0040
2B-001156,09CQXKG3580H8ZB,Falcon Tech LLP,VEN035-0041,R,2025-11-27,287070.03,7,N,18,243279.69,43790.34,0.00,0.00,0.00,112025,Y,,VEN035-0041
2B-001157,09IJVGB8145C3ZB,Shree Infra Ltd,VEN019-0010,R,2025-10-14,39878.40,7,N,18,33795.25,6083.15,0.00,0.00,0.00,112025,Y,,VEN019-0010
2B-001158,09IJVGB8145C3ZB,Shree Infra Ltd,11,R,2025-10-15,42483.30,7,N,18,36002.80,6480.50,0.00,0.00,0.00,112025,Y,,VEN019-0011
2B-001159,09IJVGB8145C3ZB,Shree Infra Ltd,INV-0012,R,2025-10-24,27743.32,7,N,18,23511.29,4232.03,0.00,0.00,0.00,112025,Y,,VEN019-0012
2B-001160,09IJVGB8145C3ZB,Shree Infra Ltd,VEN019-0013,R,2025-10-28,72751.59,7,N,18,61653.89,11097.70,0.00,0.00,0.00,112025,Y,,VEN019-0013
2B-001161,09KITFJ6794N1ZB,Unity Systems LLP,VEN008-0035,R,2025-11-03,9814.57,7,N,5,9347.21,467.36,0.00,0.00,0.00,112025,Y,,VEN008-0035
2B-001162,09KITFJ6794N1ZB,Unity Systems LLP,INV-0036,R,2025-11-08,175573.80,7,N,18,148791.36,26782.44,0.00,0.00,0.00,112025,Y,,VEN008-0036
2B-001163,09KITFJ6794N1ZB,Unity Systems LLP,VEN008-0037,R,2025-11-12,85039.83,7,N,18,72067.65,12972.18,0.00,0.00,0.00,112025,Y,,VEN008-0037
2B-001164,09RATVE0496Z7ZC,Trident Logistics & Co,35,R,2025-11-04,10106.23,7,N,5,9624.98,481.25,0.00,0.00,0.00,112025,Y,,VEN038-0035
2B-001165,09RATVE0496Z7ZC,Trident Logistics & Co,VEN038-0036,R,2025-11-06,38240.53,7,N,18,32407.23,5833.30,0.00,0.00,0.00,112025,Y,,VEN038-0036
2B-001166,09RATVE0496Z7ZC,Trident Logistics & Co,VEN038-0037,R,2025-11-20,54211.58,7,N,18,45942.02,8269.56,0.00,0.00,0.00,112025,Y,,VEN038-0037
2B-001167,09RATVE0496Z7ZC,Trident Logistics & Co,INV-0038,R,2025-11-21,141749.45,7,N,18,120126.65,21622.80,0.00,0.00,0.00,112025,Y,,VEN038-0038
2B-001168,19BPIWU1426U8ZA,Sigma Electronics Pvt Ltd,VEN048-0016,R,2025-10-09,228258.39,7,N,18,193439.31,34819.08,0.00,0.00,0.00,112025,Y,,VEN048-0016
2B-001169,19BPIWU1426U8ZA,Sigma Electronics Pvt Ltd,INV-0017,R,2025-10-21,5900000.00,7,N,18,5000000.00,900000.00,0.00,0.00,0.00,112025,Y,,VEN048-0017
2B-001170,19OHMLN7771Z5ZC,Meridian Traders & Co,VEN015-0035,R,2025-11-01,121985.05,7,N,18,103377.16,18607.89,0.00,0.00,0.00,112025,Y,,VEN015-0035
2B-001171,19OHMLN7771Z5ZC,Meridian Traders & Co,VEN015-0036,R,2025-11-04,7202.50,7,N,5,6859.52,342.98,0.00,0.00,0.00,112025,Y,,VEN015-0036
2B-001172,19OHMLN7771Z5ZC,Meridian Traders & Co,VEN015-0037,R,2025-11-11,45185.56,7,N,18,38292.85,6892.71,0.00,0.00,0.00,112025,Y,,VEN015-0037
2B-001173,19OHMLN7771Z5ZC,Meridian Traders & Co,VEN015-0038,R,2025-11-20,179521.80,7,N,18,152137.12,27384.68,0.00,0.00,0.00,112025,Y,,VEN015-0038
2B-001174,19UMKHA3185K5ZL,Vertex Logistics LLP,VEN032-0032,R,2025-11-07,94226.43,7,N,18,79852.91,14373.52,0.00,0.00,0.00,112025,Y,,VEN032-0032
2B-001175,19YDFPE7285G2ZN,Meridian Industries LLP,INV-0021,R,2025-11-25,13389.26,7,N,18,11346.83,2042.43,0.00,0.00,0.00,112025,Y,,VEN011-0021
2B-001176,19YDFPE7285G2ZN,Meridian Industries LLP,VEN/011/0023,R,2025-11-25,16055.41,7,N,18,13606.28,2449.13,0.00,0.00,0.00,112025,Y,,VEN011-0023
2B-001177,19YDFPE7285G2ZN,Meridian Industries LLP,VEN011-0022,R,2025-11-25,14821.27,7,N,18,12560.40,2260.87,0.00,0.00,0.00,112025,Y,,VEN011-0022
2B-001178,19YDFPE7285G2ZN,Meridian Industries LLP,VEN/011/0025,R,2025-11-26,4276.89,7,N,5,4073.23,203.66,0.00,0.00,0.00,112025,Y,,VEN011-0025
2B-001179,19YDFPE7285G2ZN,Meridian Industries LLP,VEN011-0024,R,2025-11-26,7233.58,7,N,18,6130.15,1103.43,0.00,0.00,0.00,112025,Y,,VEN011-0024
2B-001180,19YDFPE7285G2ZN,Meridian Industries LLP,VEN011-0026,R,2025-11-26,8088.52,7,N,18,6854.68,1233.84,0.00,0.00,0.00,112025,Y,,VEN011-0026
2B-001181,19YDFPE7285G2ZN,Meridian Industries LLP,VEN011-0027,R,2025-11-26,5772.42,7,N,5,5497.54,274.88,0.00,0.00,0.00,112025,Y,,VEN011-0027
2B-001182,24BSPXQ4264B5Z4,Crest Foods & Co,VEN033-0017,R,2025-10-09,76232.81,7,N,18,64604.08,11628.73,0.00,0.00,0.00,112025,Y,,VEN033-0017
2B-001183,24BSPXQ4264B5Z4,Crest Foods & Co,VEN033-0018,R,2025-10-20,25781.91,7,N,18,21849.08,3932.83,0.00,0.00,0.00,112025,Y,,VEN033-0018
2B-001184,24NTKDR1082K6ZL,Horizon Motors & Co,VEN014-0031,R,2025-11-10,124949.31,7,N,18,105889.25,19060.06,0.00,0.00,0.00,112025,Y,,VEN014-0031
2B-001185,24SALVT7843V8ZE,Global Consulting Pvt Ltd,VEN001-0020,R,2025-11-01,18067.36,7,N,5,17207.01,860.35,0.00,0.00,0.00,112025,Y,,VEN001-0020
2B-001186,24SALVT7843V8ZE,Global Consulting Pvt Ltd,INV-0021,R,2025-11-20,153389.77,7,N,18,129991.33,23398.44,0.00,0.00,0.00,112025,Y,,VEN001-0021
2B-001187,24SALVT7843V8ZE,Global Consulting Pvt Ltd,VEN001-0023,R,2025-11-24,4574.73,7,N,18,3876.89,697.84,0.00,0.00,0.00,112025,Y,,VEN001-0023
2B-001188,24SALVT7843V8ZE,Global Consulting Pvt Ltd,VEN001-0022,R,2025-11-29,9405.53,7,N,18,7970.79,1434.74,0.00,0.00,0.00,112025,Y,,VEN001-0022
2B-001189,24SALVT7843V8ZE,Global Consulting Pvt Ltd,VEN001-0024,R,2025-11-30,11331.14,7,N,18,9602.66,1728.48,0.00,0.00,0.00,112025,Y,,VEN001-0024
2B-001190,27ADDXB1263F7ZI,Sigma Electronics Ltd,VEN025-0021,R,2025-10-03,9272.93,7,N,5,8831.36,0.00,220.78,220.79,0.00,112025,Y,,VEN025-0021
2B-001191,27ADDXB1263F7ZI,Sigma Electronics Ltd,VEN025-0022,R,2025-10-08,8110.51,7,N,5,7724.30,386.21,0.00,0.00,0.00,112025,Y,,VEN025-0022
2B-001192,27ADDXB1263F7ZI,Sigma Electronics Ltd,VEN025-0023,R,2025-10-20,90037.56,7,N,18,76303.02,13734.54,0.00,0.00,0.00,112025,Y,,VEN025-0023
2B-001193,27ADDXB1263F7ZI,Sigma Electronics Ltd,VEN025-0025,R,2025-10-29,77373.68,7,N,0,77373.68,0.00,0.00,0.00,0.00,112025,Y,,VEN025-0025
2B-001194,27ADDXB1263F7ZI,Sigma Electronics Ltd,INV-0024,R,2025-10-31,53051.11,7,N,18,44958.57,8092.54,0.00,0.00,0.00,112025,Y,,VEN025-0024
2B-001195,27DVWPC2404K6Z7,Indus Enterprises LLP,VEN021-0019,R,2025-11-03,192588.25,7,N,18,163210.38,29377.87,0.00,0.00,0.00,112025,Y,,VEN021-0019
2B-001196,27DVWPC2404K6Z7,Indus Enterprises LLP,VEN021-0020,R,2025-11-03,186709.57,7,N,18,158228.45,28481.12,0.00,0.00,0.00,112025,Y,,VEN021-0020
2B-001197,27DVWPC2404K6Z7,Indus Enterprises LLP,VEN021-0021,R,2025-11-03,193819.26,7,N,18,164253.61,29565.65,0.00,0.00,0.00,112025,Y,,VEN021-0021
2B-001198,27DVWPC2404K6Z7,Indus Enterprises LLP,VEN021-0022,R,2025-11-04,196279.31,7,N,18,166338.40,29940.91,0.00,0.00,0.00,112025,Y,,VEN021-0022
2B-001199,27DVWPC2404K6Z7,Indus Enterprises LLP,VEN/021/0023,R,2025-11-05,194461.27,7,N,18,164797.69,29663.58,0.00,0.00,0.00,112025,Y,,VEN021-0023
2B-001200,27DVWPC2404K6Z7,Indus Enterprises LLP,VEN/021/0024,R,2025-11-07,30851.81,7,N,18,26145.60,4706.21,0.00,0.00,0.00,112025,Y,,VEN021-0024
2B-001201,27DVWPC2404K6Z7,Indus Enterprises LLP,VEN021-0025,R,2025-11-15,99248.10,7,N,5,94522.00,4726.10,0.00,0.00,0.00,112025,Y,,VEN021-0025
2B-001202,27DVWPC2404K6Z7,Indus Enterprises LLP,VEN021-0026,R,2025-11-18,23774.20,7,N,5,22642.09,1132.11,0.00,0.00,0.00,112025,Y,,VEN021-0026
2B-001203,27DVWPC2404K6Z7,Indus Enterprises LLP,VEN021-0027,R,2025-11-22,101239.86,7,N,18,85796.52,15443.34,0.00,0.00,0.00,112025,Y,,VEN021-0027
2B-001204,27DVWPC2404K6Z7,Indus Enterprises LLP,28,R,2025-11-26,24895.65,7,N,0,24895.65,0.00,0.00,0.00,0.00,112025,Y,,VEN021-0028
2B-001205,27DVWPC2404K6Z7,Indus Enterprises LLP,VEN021-0029,R,2025-11-26,83259.92,7,N,18,70559.25,12700.67,0.00,0.00,0.00,112025,Y,,VEN021-0029
2B-001206,27DVWPC2404K6Z7,Indus Enterprises LLP,VEN021-0030,R,2025-11-28,139928.71,7,N,18,118583.65,21345.06,0.00,0.00,0.00,112025,Y,,VEN021-0030
2B-001207,27DVWPC2404K6Z7,Indus Enterprises LLP,VEN021-0043,R,2025-11-29,60519.00,7,N,18,51287.29,9231.71,0.00,0.00,0.00,112025,Y,,
2B-001208,27IHKYA4322G9ZS,Orion Consulting & Co,VEN034-0014,R,2025-11-07,10783.84,7,N,5,10270.35,513.49,0.00,0.00,0.00,112025,Y,,VEN034-0014
2B-001209,27METYM9562Z9ZM,Bharat Enterprises LLP,VEN005-0017,R,2025-11-08,137228.93,7,N,18,116295.70,20933.23,0.00,0.00,0.00,112025,Y,,VEN005-0017
2B-001210,27METYM9562Z9ZM,Bharat Enterprises LLP,VEN005-0018,R,2025-11-17,117343.28,7,N,18,99443.46,17899.82,0.00,0.00,0.00,112025,Y,,VEN005-0018
2B-001211,27MZBLF3946W2ZF,Titan Industries Ltd,VEN017-0030,R,2025-11-14,122708.61,7,N,18,103990.35,18718.26,0.00,0.00,0.00,112025,Y,,VEN017-0030
2B-001212,27MZBLF3946W2ZF,Titan Industries Ltd,VEN017-0031,R,2025-11-14,29536.25,7,N,18,25030.72,4505.53,0.00,0.00,0.00,112025,Y,,VEN017-0031
2B-001213,27SMUZG8775G5Z4,Falcon Traders Ltd,VEN012-0024,R,2025-11-04,11199.09,7,N,5,10665.80,533.29,0.00,0.00,0.00,112025,Y,,VEN012-0024
2B-001214,27SMUZG8775G5Z4,Falcon Traders Ltd,VEN012-0025,R,2025-11-11,197373.40,7,N,18,167265.59,30107.81,0.00,0.00,0.00,112025,Y,,VEN012-0025
2B-001215,27SMUZG8775G5Z4,Falcon Traders Ltd,26,R,2025-11-12,33233.90,7,N,0,33233.90,0.00,0.00,0.00,0.00,112025,Y,,VEN012-0026
2B-001216,27ZEKBL5846Z1Z7,Jupiter Components Pvt Ltd,VEN002-0024,R,2025-11-13,64695.91,7,N,5,61615.15,3080.76,0.00,0.00,0.00,112025,Y,,VEN002-0024
2B-001217,27ZEKBL5846Z1Z7,Jupiter Components Pvt Ltd,25,R,2025-11-15,6371.50,7,N,18,5399.58,971.92,0.00,0.00,0.00,112025,Y,,VEN002-0025
2B-001218,27ZEKBL5846Z1Z7,Jupiter Components Pvt Ltd,VEN002-0026,R,2025-11-20,7187.23,7,N,5,6844.98,342.25,0.00,0.00,0.00,112025,Y,,VEN002-0026
2B-001219,27ZEKBL5846Z1Z7,Jupiter Components Pvt Ltd,VEN002-0027,R,2025-11-27,21930.69,7,N,18,18585.33,3345.36,0.00,0.00,0.00,112025,Y,,VEN002-0027
2B-001220,29TABAS6604Y1ZX,Sigma Traders Ltd,VEN016-0032,R,2025-11-04,8734.89,7,N,5,8318.94,415.95,0.00,0.00,0.00,112025,Y,,VEN016-0032
2B-001221,29TABAS6604Y1ZX,Sigma Traders Ltd,VEN016-0044,R,2025-11-09,6122.66,7,N,5,5831.10,291.56,0.00,0.00,0.00,112025,Y,,
2B-001222,29TABAS6604Y1ZX,Sigma Traders Ltd,VEN016-0033,R,2025-11-18,33257.17,7,N,18,28184.04,5073.13,0.00,0.00,0.00,112025,Y,,VEN016-0033
2B-001223,29TABAS6604Y1ZX,Sigma Traders Ltd,VEN016-0034,R,2025-11-28,12722.44,7,N,5,12116.61,605.83,0.00,0.00,0.00,112025,Y,,VEN016-0034
2B-001224,29ULWSZ7970U2Z8,Falcon Components LLP,VEN028-0035,R,2025-11-20,87446.13,7,N,0,87446.13,0.00,0.00,0.00,0.00,112025,Y,,VEN028-0035
2B-001225,29ULWSZ7970U2Z8,Falcon Components LLP,VEN028-0036,R,2025-11-21,194295.17,7,N,18,164656.92,29638.25,0.00,0.00,0.00,112025,Y,,VEN028-0036
2B-001226,29VYHLW6909G1ZE,Unity Media LLP,28,R,2025-11-20,82434.36,7,N,18,69859.63,12574.73,0.00,0.00,0.00,112025,Y,,VEN007-0028
2B-001227,33DMSQD6561G9ZL,Lotus Industries Pvt Ltd,VEN026-0031,R,2025-11-11,437215.85,7,N,18,370521.91,66693.94,0.00,0.00,0.00,112025,Y,,VEN026-0031
2B-001228,33DMSQD6561G9ZL,Lotus Industries Pvt Ltd,VEN026-0032,R,2025-11-29,295716.41,7,N,18,250607.13,45109.28,0.00,0.00,0.00,112025,Y,,VEN026-0032
2B-001229,33PESEP5781B3ZF,Prime Systems Pvt Ltd,28,R,2025-10-02,178908.94,7,N,18,151617.75,27291.19,0.00,0.00,0.00,112025,Y,,VEN020-0028
2B-001230,33PESEP5781B3ZF,Prime Systems Pvt Ltd,VEN020-0029,R,2025-10-07,219102.52,7,N,18,185680.10,33422.42,0.00,0.00,0.00,112025,Y,,VEN020-0029
2B-001231,33PESEP5781B3ZF,Prime Systems Pvt Ltd,VEN020-0030,R,2025-10-15,228427.02,7,N,18,193582.22,34844.80,0.00,0.00,0.00,112025,Y,,VEN020-0030
2B-001232,33PESEP5781B3ZF,Prime Systems Pvt Ltd,VEN/020/0031,R,2025-10-25,20236.88,7,N,5,19273.22,963.66,0.00,0.00,0.00,112025,Y,,VEN020-0031
2B-001233,33YKXAB5987J5ZJ,Jupiter Industries Pvt Ltd,VEN046-0027,R,2025-11-21,68015.59,7,N,18,57640.33,10375.26,0.00,0.00,0.00,112025,Y,,VEN046-0027
2B-001234,33YKXAB5987J5ZJ,Jupiter Industries Pvt Ltd,28,R,2025-11-23,704680.54,7,N,18,597186.90,107493.64,0.00,0.00,0.00,112025,Y,,VEN046-0028
2B-001235,36NBJZD8287I7Z5,Vikram Components Ltd,VEN039-0017,R,2025-10-21,33100.26,7,N,5,31524.06,1576.20,0.00,0.00,0.00,112025,Y,,VEN039-0017
2B-001236,07CAANY0360A5Z4,Falcon Industries Private Limited,VEN018-0025,R,2025-12-06,552375.77,7,N,18,468115.06,0.00,42130.36,42130.35,0.00,122025,Y,,VEN018-0025
2B-001237,07CAANY0360A5Z4,Falcon Industries Private Limited,VEN018-0026,R,2025-12-09,260136.83,7,N,18,220454.94,0.00,19840.94,19840.95,0.00,122025,Y,,VEN018-0026
2B-001238,07CAANY0360A5Z4,Falcon Industries Private Limited,VEN018-0027,R,2025-12-12,24714.84,7,N,18,20944.78,0.00,1885.03,1885.03,0.00,122025,Y,,VEN018-0027
2B-001239,07CAANY0360A5Z4,Falcon Industries Private Limited,VEN018-0028,R,2025-12-15,17760.21,7,N,5,16914.49,0.00,422.86,422.86,0.00,122025,Y,,VEN018-0028
2B-001240,07CAANY0360A5Z4,Falcon Industries Private Limited,VEN018-0029,R,2025-12-19,61832.16,7,N,18,52400.40,0.00,4715.72,4716.04,0.00,122025,Y,,VEN018-0029
2B-001241,07CAANY0360A5Z4,Falcon Industries Private Limited,VEN018-0046,R,2025-12-25,278338.81,7,N,18,235880.35,0.00,21229.23,21229.23,0.00,122025,Y,,
2B-001242,07CAANY0360A5Z4,Falcon Industries Private Limited,VEN018-0030,R,2025-12-31,273406.81,7,N,18,231700.69,0.00,20853.06,20853.06,0.00,122025,Y,,VEN018-0030
2B-001243,07DAFGU3070W4Z4,Titan Solutions & Co,VEN045-0035,R,2025-12-10,34494.61,7,N,18,29232.72,0.00,2630.95,2630.94,0.00,122025,Y,,VEN045-0035
2B-001244,07DAFGU3070W4Z4,Titan Solutions & Co,VEN045-0036,R,2025-12-15,178747.73,7,N,5,170235.93,0.00,4255.90,4255.90,0.00,122025,Y,,VEN045-0036
2B-001245,07DAFGU3070W4Z4,Titan Solutions & Co,37,R,2025-12-17,8993.39,7,N,5,8565.13,0.00,214.13,214.13,0.00,122025,Y,,VEN045-0037
2B-001246,07DAFGU3070W4Z4,Titan Solutions & Co,VEN/045/0038,R,2025-12-20,73444.90,7,N,18,62241.44,0.00,5601.73,5601.73,0.00,122025,Y,,VEN045-0038
2B-001247,07DAFGU3070W4Z4,Titan Solutions & Co,VEN045-0039,R,2025-12-24,11403.12,7,N,18,9663.99,0.00,869.37,869.76,0.00,122025,Y,,VEN045-0039
2B-001248,07DAFGU3070W4Z4,Titan Solutions & Co,VEN045-0040,R,2025-12-26,27602.84,7,N,18,23392.24,0.00,2105.30,2105.30,0.00,122025,Y,,VEN045-0040
2B-001249,07DAFGU3070W4Z4,Titan Solutions & Co,VEN045-0041,R,2025-12-29,61491.28,7,N,28,48040.06,0.00,6725.61,6725.61,0.00,122025,Y,,VEN045-0041
2B-001250,07FNTBF7791F4Z1,Zenith Components & Co,VEN031-0028,R,2025-12-08,8636.20,7,N,5,8224.96,0.00,205.62,205.62,0.00,122025,Y,,VEN031-0028
2B-001251,07FNTBF7791F4Z1,Zenith Components & Co,VEN031-0029,R,2025-12-11,18400.90,7,N,18,15593.98,0.00,1403.46,1403.46,0.00,122025,Y,,VEN031-0029
2B-001252,07FNTBF7791F4Z1,Zenith Components & Co,VEN031-0030,R,2025-12-13,98106.17,7,N,18,83140.82,0.00,7482.68,7482.67,0.00,122025,Y,,VEN031-0030
2B-001253,07FNTBF7791F4Z1,Zenith Components & Co,VEN031-0031,R,2025-12-16,111280.74,7,N,18,94305.71,0.00,8487.51,8487.52,0.00,122025,Y,,VEN031-0031
2B-001254,07FNTBF7791F4Z1,Zenith Components & Co,VEN/031/0032,R,2025-12-28,20431.94,7,N,5,19458.99,0.00,486.48,486.47,0.00,122025,Y,,VEN031-0032
2B-001255,07HKNYR0876L1ZQ,Meridian Tech Pvt Ltd,VEN024-0031,R,2025-12-08,3385.75,7,N,18,2869.28,0.00,258.24,258.23,0.00,122025,Y,,VEN024-0031
2B-001256,07HKNYR0876L1ZQ,Meridian Tech Pvt Ltd,32,R,2025-12-09,47285.69,7,N,18,40072.62,0.00,3606.53,3606.54,0.00,122025,Y,,VEN024-0032
2B-001257,07HKNYR0876L1ZQ,Meridian Tech Pvt Ltd,VEN/024/0033,R,2025-12-16,46190.59,7,N,18,39144.57,0.00,3523.01,3523.01,0.00,122025,Y,,VEN024-0033
2B-001258,07HKNYR0876L1ZQ,Meridian Tech Pvt Ltd,VEN024-0034,R,2025-12-19,22828.46,7,N,18,19346.15,0.00,1741.15,1741.16,0.00,122025,Y,,VEN024-0034
2B-001259,07HPTKV5985K1ZO,Apex Solutions LLP,VEN044-0025,R,2025-12-08,81578.17,7,N,18,69134.04,0.00,6222.06,6222.07,0.00,122025,Y,,VEN044-0025
2B-001260,07HPTKV5985K1ZO,Apex Solutions LLP,VEN044-0026,R,2025-12-08,6196.57,7,N,5,5901.50,0.00,147.53,147.54,0.00,122025,Y,,VEN044-0026
2B-001261,07HPTKV5985K1ZO,Apex Solutions LLP,INV-0027,R,2025-12-15,26157.32,7,N,18,22167.22,0.00,1995.05,1995.05,0.00,122025,Y,,VEN044-0027
2B-001262,07HPTKV5985K1ZO,Apex Solutions LLP,VEN044-0028,R,2025-12-20,46779.88,7,N,18,39643.97,0.00,3567.95,3567.96,0.00,122025,Y,,VEN044-0028
2B-001263,07HPTKV5985K1ZO,Apex Solutions LLP,VEN044-0029,R,2025-12-20,22254.74,7,N,18,18859.95,0.00,1697.39,1697.40,0.00,122025,Y,,VEN044-0029
2B-001264,07HPTKV5985K1ZO,Apex Solutions LLP,INV-0030,R,2025-12-28,10303.92,7,N,5,9813.26,0.00,245.33,245.33,0.00,122025,Y,,VEN044-0030
2B-001265,07HPTKV5985K1ZO,Apex Solutions LLP,31,R,2025-12-30,50207.76,7,N,18,42548.95,0.00,3829.41,3829.40,0.00,122025,Y,,VEN044-0031
2B-001266,07HZLZU4203C4ZO,Lotus Solutions LLP,VEN050-0024,R,2025-12-14,50104.43,7,N,18,42461.38,0.00,3821.53,3821.52,0.00,122025,Y,,VEN050-0024
2B-001267,07HZLZU4203C4ZO,Lotus Solutions LLP,26,R,2025-12-24,126973.69,7,N,5,120927.32,0.00,3023.18,3023.19,0.00,122025,Y,,VEN050-0026
2B-001268,07HZLZU4203C4ZO,Lotus Solutions LLP,VEN050-0025,R,2025-12-24,150622.89,7,N,18,127646.52,0.00,11488.18,11488.19,0.00,122025,Y,,VEN050-0025
2B-001269,07ICOCO6437E3ZT,Evergreen Foods & Co,22,R,2025-12-04,8885.71,7,N,0,8885.71,0.00,0.00,0.00,0.00,122025,Y,,VEN004-0022
2B-001270,07ICOCO6437E3ZT,Evergreen Foods & Co,VEN004-0023,R,2025-12-15,179567.59,7,N,18,152175.92,0.00,13695.83,13695.84,0.00,122025,Y,,VEN004-0023
2B-001271,07ICOCO6437E3ZT,Evergreen Foods & Co,VEN004-0024,R,2025-12-23,145713.78,7,N,18,123486.25,0.00,11113.76,11113.77,0.00,122025,Y,,VEN004-0024
2B-001272,07IJPOK5732M2ZG,Bharat Foods Pvt Ltd,VEN029-0022,R,2025-11-10,38748.40,7,N,18,32837.57,0.00,2955.45,2955.38,0.00,122025,Y,,VEN029-0022
2B-001273,07IJPOK5732M2ZG,Bharat Foods Pvt Ltd,VEN029-0023,R,2025-11-21,34296.53,7,N,18,29064.86,0.00,2615.84,2615.83,0.00,122025,Y,,VEN029-0023
2B-001274,07IJPOK5732M2ZG,Bharat Foods Pvt Ltd,VEN029-0024,R,2025-11-24,75517.22,7,N,18,63997.64,0.00,5759.79,5759.79,0.00,122025,Y,,VEN029-0024
2B-001275,07IJPOK5732M2ZG,Bharat Foods Pvt Ltd,VEN029-0025,R,2025-11-27,56094.63,7,N,18,47537.82,0.00,4278.40,4278.41,0.00,122025,Y,,VEN029-0025
2B-001276,07IKVBH9820B5ZH,Pinnacle Consulting Ltd,VEN013-0035,R,2025-12-02,25699.30,7,N,18,21779.07,0.00,1960.12,1960.11,0.00,122025,Y,,VEN013-0035
2B-001277,07IKVBH9820B5ZH,Pinnacle Consulting Ltd,VEN013-0036,R,2025-12-02,19823.99,7,N,0,19823.99,0.00,0.00,0.00,0.00,122025,Y,,VEN013-0036
2B-001278,07IKVBH9820B5ZH,Pinnacle Consulting Ltd,VEN013-0037,R,2025-12-10,88601.88,7,N,18,75086.34,0.00,6757.77,6757.77,0.00,122025,Y,,VEN013-0037
2B-001279,07IKVBH9820B5ZH,Pinnacle Consulting Ltd,38,R,2025-12-17,13090.97,7,N,5,12467.59,0.00,311.69,311.69,0.00,122025,Y,,VEN013-0038
2B-001280,07JEJSC5168Z9ZT,Global Motors Pvt Ltd,28,R,2025-12-01,190386.10,7,N,18,161344.15,0.00,14520.98,14520.97,0.00,122025,Y,,VEN030-0028
2B-001281,07JEJSC5168Z9ZT,Global Motors Pvt Ltd,VEN030-0029,R,2025-12-01,190282.75,7,N,18,161256.57,0.00,14513.09,14513.09,0.00,122025,Y,,VEN030-0029
2B-001282,07JEJSC5168Z9ZT,Global Motors Pvt Ltd,VEN030-0030,R,2025-12-12,165144.34,7,N,18,139952.83,0.00,12595.75,12595.76,0.00,122025,Y,,VEN030-0030
2B-001283,07JEJSC5168Z9ZT,Global Motors Pvt Ltd,VEN030-0031,R,2025-12-15,24837.38,7,N,18,21048.63,0.00,1894.38,1894.37,0.00,122025,Y,,VEN030-0031
2B-001284,07JEJSC5168Z9ZT,Global Motors Pvt Ltd,VEN030-0033,R,2025-12-25,29064.28,7,N,18,24630.75,0.00,2216.76,2216.77,0.00,122025,Y,,VEN030-0033
2B-001285,07JEJSC5168Z9ZT,Global Motors Pvt Ltd,VEN030-0032,R,2025-12-26,462151.05,7,N,18,391653.43,0.00,35248.81,35248.81,0.00,122025,Y,,VEN030-0032
2B-001286,07LMLPC0398Y5ZM,Jupiter Solutions & Co,VEN040-0020,R,2025-12-19,373648.65,7,N,18,316651.40,0.00,28498.62,28498.63,0.00,122025,Y,,VEN040-0020
2B-001287,07LMLPC0398Y5ZM,Jupiter Solutions & Co,VEN040-0021,R,2025-12-22,42982.26,7,N,18,36425.64,0.00,3278.31,3278.31,0.00,122025,Y,,VEN040-0021
2B-001288,07QIKWC6704V1ZS,Unity Infra Pvt Ltd,INV-0028,R,2025-12-24,29937.89,7,N,0,29937.89,0.00,0.00,0.00,0.00,122025,Y,,VEN009-0028
2B-001289,07QIKWC6704V1ZS,Unity Infra Pvt Ltd,VEN009-0027,R,2025-12-24,110050.59,7,N,18,93263.21,0.00,8393.69,8393.69,0.00,122025,Y,,VEN009-0027
2B-001290,07QIKWC6704V1ZS,Unity Infra Pvt Ltd,INV-0029,R,2025-12-30,148947.06,7,N,18,126226.32,0.00,11360.37,11360.37,0.00,122025,Y,,VEN009-0029
2B-001291,07YMNMM4218B7ZL,Titan Retail LLP,INV-0027,R,2025-12-03,67340.72,7,N,18,57068.41,0.00,5136.15,5136.16,0.00,122025,Y,,VEN043-0027
2B-001292,07YMNMM4218B7ZL,Titan Retail LLP,VEN/043/0028,R,2025-12-19,36941.95,7,N,18,31306.74,0.00,2817.61,2817.60,0.00,122025,Y,,VEN043-0028
2B-001293,07YMNMM4218B7ZL,Titan Retail LLP,VEN043-0029,R,2025-12-25,39230.00,7,N,18,33245.76,0.00,2992.12,2992.12,0.00,122025,Y,,VEN043-0029
2B-001294,07YMNMM4218B7ZL,Titan Retail LLP,VEN043-0030,R,2025-12-29,43965.61,7,N,5,41872.02,0.00,1046.80,1046.79,0.00,122025,Y,,VEN043-0030
2B-001295,07ZZKDV5987F1ZJ,Quantum Retail Private Limited,VEN/023/0032,R,2025-12-18,8052.06,7,N,5,7668.68,0.00,191.67,191.71,0.00,122025,Y,,VEN023-0032
2B-001296,08DLGSA5957L6ZD,Quantum Media LLP,VEN049-0023,R,2025-11-04,39970.60,7,N,18,33873.39,6097.21,0.00,0.00,0.00,122025,Y,,VEN049-0023
2B-001297,08DLGSA5957L6ZD,Quantum Media LLP,VEN049-0024,R,2025-11-28,10885.72,7,N,5,10367.35,518.37,0.00,0.00,0.00,122025,Y,,VEN049-0024
2B-001298,08DWHYC6866Y6ZK,Evergreen Infra Private Limited,42,R,2025-11-14,18954.25,7,N,18,16062.92,2891.33,0.00,0.00,0.00,122025,Y,,VEN042-0042
2B-001299,08DWHYC6866Y6ZK,Evergreen Infra Private Limited,VEN042-0043,R,2025-11-20,6448.45,7,N,5,6141.38,307.07,0.00,0.00,0.00,122025,Y,,VEN042-0043
2B-001300,08JRQQT0128B3ZH,Unity Media Pvt Ltd,VEN047-0023,R,2025-11-04,102879.83,7,N,18,87186.30,15693.53,0.00,0.00,0.00,122025,Y,,VEN047-0023
2B-001301,08JRQQT0128B3ZH,Unity Media Pvt Ltd,INV-0024,R,2025-11-06,11465.24,7,N,5,10919.28,545.96,0.00,0.00,0.00,122025,Y,,VEN047-0024
2B-001302,08JRQQT0128B3ZH,Unity Media Pvt Ltd,INV-0025,R,2025-11-06,35234.00,7,N,18,29859.32,5374.68,0.00,0.00,0.00,122025,Y,,VEN047-0025
2B-001303,08JRQQT0128B3ZH,Unity Media Pvt Ltd,INV-0026,R,2025-11-12,39482.41,7,N,18,33459.67,6022.74,0.00,0.00,0.00,122025,Y,,VEN047-0026
2B-001304,08JRQQT0128B3ZH,Unity Media Pvt Ltd,VEN047-0027,R,2025-11-22,16763.15,7,N,5,15964.90,798.25,0.00,0.00,0.00,122025,Y,,VEN047-0027
2B-001305,08MQFEU2813L7ZM,Crest Media Pvt Ltd,23,R,2025-12-17,381733.17,7,N,18,323502.69,58230.48,0.00,0.00,0.00,122025,Y,,VEN003-0023
2B-001306,08MQFEU2813L7ZM,Crest Media Pvt Ltd,VEN/003/0024,R,2025-12-30,57205.43,7,N,18,48479.18,8726.25,0.00,0.00,0.00,122025,Y,,VEN003-0024
2B-001307,09CQXKG3580H8ZB,Falcon Tech LLP,INV-0042,R,2025-12-02,27374.28,7,N,18,23198.54,4175.74,0.00,0.00,0.00,122025,Y,,VEN035-0042
2B-001308,09CQXKG3580H8ZB,Falcon Tech LLP,VEN035-0043,R,2025-12-23,147158.08,7,N,18,124710.24,22447.84,0.00,0.00,0.00,122025,Y,,VEN035-0043
2B-001309,09KITFJ6794N1ZB,Unity Systems LLP,VEN008-0039,R,2025-12-19,97098.06,7,N,18,82286.49,14811.57,0.00,0.00,0.00,122025,Y,,VEN008-0039
2B-001310,09KITFJ6794N1ZB,Unity Systems LLP,VEN008-0038,R,2025-12-20,9538.29,7,N,18,8083.30,1454.99,0.00,0.00,0.00,122025,Y,,VEN008-0038
2B-001311,09KITFJ6794N1ZB,Unity Systems LLP,VEN/008/0040,R,2025-12-22,180014.82,7,N,18,152554.93,27459.89,0.00,0.00,0.00,122025,Y,,VEN008-0040
2B-001312,09KITFJ6794N1ZB,Unity Systems LLP,41,R,2025-12-31,9377.99,7,N,18,7947.45,1430.54,0.00,0.00,0.00,122025,Y,,VEN008-0041
2B-001313,09RATVE0496Z7ZC,Trident Logistics & Co,VEN038-0039,R,2025-12-02,118810.86,7,N,18,100687.17,18123.69,0.00,0.00,0.00,122025,Y,,VEN038-0039
2B-001314,09RATVE0496Z7ZC,Trident Logistics & Co,VEN038-0040,R,2025-12-16,240642.44,7,N,18,203934.27,36708.17,0.00,0.00,0.00,122025,Y,,VEN038-0040
2B-001315,09RATVE0496Z7ZC,Trident Logistics & Co,VEN038-0041,R,2025-12-17,152711.61,7,N,18,129416.62,23294.99,0.00,0.00,0.00,122025,Y,,VEN038-0041
2B-001316,09RATVE0496Z7ZC,Trident Logistics & Co,VEN/038/0042,R,2025-12-19,17026.82,7,N,5,16216.02,810.80,0.00,0.00,0.00,122025,Y,,VEN038-0042
2B-001317,19BPIWU1426U8ZA,Sigma Electronics Pvt Ltd,VEN/048/0018,R,2025-11-04,51194.89,7,N,18,43385.50,7809.39,0.00,0.00,0.00,122025,Y,,VEN048-0018
2B-001318,19BPIWU1426U8ZA,Sigma Electronics Pvt Ltd,VEN048-0019,R,2025-11-04,171235.96,7,N,18,145115.22,26120.74,0.00,0.00,0.00,122025,Y,,VEN048-0019
2B-001319,19BPIWU1426U8ZA,Sigma Electronics Pvt Ltd,VEN048-0020,R,2025-11-15,121057.99,7,N,18,102591.52,18466.47,0.00,0.00,0.00,122025,Y,,VEN048-0020
2B-001320,19BPIWU1426U8ZA,Sigma Electronics Pvt Ltd,VEN048-0037,R,2025-12-27,112074.16,7,N,18,94978.10,17096.06,0.00,0.00,0.00,122025,Y,,
2B-001321,19OHMLN7771Z5ZC,Meridian Traders & Co,VEN015-0039,R,2025-12-01,4535.51,7,N,5,4319.53,215.98,0.00,0.00,0.00,122025,Y,,VEN015-0039
2B-001322,19OHMLN7771Z5ZC,Meridian Traders & Co,40,R,2025-12-02,138244.98,7,N,18,117156.76,21088.22,0.00,0.00,0.00,122025,Y,,VEN015-0040
2B-001323,19OHMLN7771Z5ZC,Meridian Traders & Co,VEN015-0041,R,2025-12-05,237641.88,7,N,18,201391.42,36250.46,0.00,0.00,0.00,122025,Y,,VEN015-0041
2B-001324,19UMKHA3185K5ZL,Vertex Logistics LLP,VEN/032/0033,R,2025-12-11,132958.33,7,N,18,112676.55,20281.78,0.00,0.00,0.00,122025,Y,,VEN032-0033
2B-001325,19UMKHA3185K5ZL,Vertex Logistics LLP,VEN032-0034,R,2025-12-13,42348.48,7,N,5,40331.89,2016.59,0.00,0.00,0.00,122025,Y,,VEN032-0034
2B-001326,19UMKHA3185K5ZL,Vertex Logistics LLP,VEN032-0035,R,2025-12-13,49217.12,7,N,18,41709.42,7507.70,0.00,0.00,0.00,122025,Y,,VEN032-0035
2B-001327,19YDFPE7285G2ZN,Meridian Industries LLP,VEN011-0028,R,2025-12-09,61865.28,7,N,0,61865.28,0.00,0.00,0.00,0.00,122025,Y,,VEN011-0028
2B-001328,19YDFPE7285G2ZN,Meridian Industries LLP,VEN011-0029,R,2025-12-29,206233.19,7,N,18,174773.89,31459.30,0.00,0.00,0.00,122025,Y,,VEN011-0029
2B-001329,19YDFPE7285G2ZN,Meridian Industries LLP,VEN011-0030,R,2025-12-30,196355.47,7,N,18,166402.94,29952.53,0.00,0.00,0.00,122025,Y,,VEN011-0030
2B-001330,24BSPXQ4264B5Z4,Crest Foods & Co,VEN033-0019,R,2025-11-12,55048.22,7,N,18,46651.03,8397.19,0.00,0.00,0.00,122025,Y,,VEN033-0019
2B-001331,24BSPXQ4264B5Z4,Crest Foods & Co,VEN033-0020,R,2025-11-20,192593.13,7,N,18,163214.52,29378.61,0.00,0.00,0.00,122025,Y,,VEN033-0020
2B-001332,24BSPXQ4264B5Z4,Crest Foods & Co,VEN033-0021,R,2025-11-24,41397.51,7,N,5,39426.20,1971.31,0.00,0.00,0.00,122025,Y,,VEN033-0021
2B-001333,24BSPXQ4264B5Z4,Crest Foods & Co,VEN033-0023,R,2025-11-28,11481.46,7,N,5,10934.72,546.74,0.00,0.00,0.00,122025,Y,,VEN033-0023
2B-001334,24BSPXQ4264B5Z4,Crest Foods & Co,VEN033-0022,R,2025-12-06,92398.45,7,N,5,87998.52,4399.93,0.00,0.00,0.00,122025,Y,,VEN033-0022
2B-001335,24DKZXM3530X5ZC,Royal Tech Ltd,VEN036-0028,R,2025-12-12,17241.07,7,N,18,14611.08,2629.99,0.00,0.00,0.00,122025,Y,,VEN036-0028
2B-001336,24DKZXM3530X5ZC,Royal Tech Ltd,VEN036-0029,R,2025-12-15,226452.48,7,N,18,191908.90,34543.58,0.00,0.00,0.00,122025,Y,,VEN036-0029
2B-001337,24DKZXM3530X5ZC,Royal Tech Ltd,INV-0030,R,2025-12-20,237639.74,7,N,18,201389.61,36250.13,0.00,0.00,0.00,122025,Y,,VEN036-0030
2B-001338,24NTKDR1082K6ZL,Horizon Motors & Co,VEN014-0032,R,2025-12-08,209971.32,7,N,18,177941.80,32029.52,0.00,0.00,0.00,122025,Y,,VEN014-0032
2B-001339,24NTKDR1082K6ZL,Horizon Motors & Co,VEN014-0033,R,2025-12-17,22896.98,7,N,18,19404.22,3492.76,0.00,0.00,0.00,122025,Y,,VEN014-0033
2B-001340,24NTKDR1082K6ZL,Horizon Motors & Co,VEN/014/0034,R,2025-12-24,58964.55,7,N,18,49969.96,8994.59,0.00,0.00,0.00,122025,Y,,VEN014-0034
2B-001341,24NTKDR1082K6ZL,Horizon Motors & Co,VEN014-0035,R,2025-12-24,249597.73,7,N,18,211523.50,38074.23,0.00,0.00,0.00,122025,Y,,VEN014-0035
2B-001342,24SALVT7843V8ZE,Global Consulting Pvt Ltd,VEN001-0025,R,2025-12-22,116636.73,7,N,18,98844.69,17792.04,0.00,0.00,0.00,122025,Y,,VEN001-0025
2B-001343,24SALVT7843V8ZE,Global Consulting Pvt Ltd,INV-0026,R,2025-12-28,97250.82,7,N,18,82415.95,14834.87,0.00,0.00,0.00,122025,Y,,VEN001-0026
2B-001344,27DVWPC2404K6Z7,Indus Enterprises LLP,VEN021-0031,R,2025-12-26,56139.03,7,N,5,53465.74,2673.29,0.00,0.00,0.00,122025,Y,,VEN021-0031
2B-001345,27DVWPC2404K6Z7,Indus Enterprises LLP,VEN021-0032,R,2025-12-31,211887.21,7,N,18,179565.43,32321.78,0.00,0.00,0.00,122025,Y,,VEN021-0032
2B-001346,27IHKYA4322G9ZS,Orion Consulting & Co,15,R,2025-12-03,149640.94,7,N,18,126814.36,22826.58,0.00,0.00,0.00,122025,Y,,VEN034-0015
2B-001347,27IHKYA4322G9ZS,Orion Consulting & Co,VEN034-0016,R,2025-12-24,159360.89,7,N,18,135051.60,24309.29,0.00,0.00,0.00,122025,Y,,VEN034-0016
2B-001348,27METYM9562Z9ZM,Bharat Enterprises LLP,VEN/005/0019,R,2025-12-16,35118.76,7,N,18,29761.66,5357.10,0.00,0.00,0.00,122025,Y,,VEN005-0019
2B-001349,27METYM9562Z9ZM,Bharat Enterprises LLP,VEN005-0020,R,2025-12-22,47697.48,7,N,18,40421.59,7275.89,0.00,0.00,0.00,122025,Y,,VEN005-0020
2B-001350,27MZBLF3946W2ZF,Titan Industries Ltd,VEN/017/0032,R,2025-12-02,27085.81,7,N,18,22954.08,4131.73,0.00,0.00,0.00,122025,Y,,VEN017-0032
2B-001351,27MZBLF3946W2ZF,Titan Industries Ltd,INV-0033,R,2025-12-09,78503.43,7,N,18,66528.33,11975.10,0.00,0.00,0.00,122025,Y,,VEN017-0033
2B-001352,27MZBLF3946W2ZF,Titan Industries Ltd,VEN017-0034,R,2025-12-12,167243.98,7,N,18,141732.19,25511.79,0.00,0.00,0.00,122025,Y,,VEN017-0034
2B-001353,27MZBLF3946W2ZF,Titan Industries Ltd,INV-0035,R,2025-12-18,51438.83,7,N,18,43592.23,7846.60,0.00,0.00,0.00,122025,Y,,VEN017-0035
2B-001354,27SMUZG8775G5Z4,Falcon Traders Ltd,VEN012-0027,R,2025-12-10,65263.78,7,N,5,61746.75,3517.03,0.00,0.00,0.00,122025,Y,,VEN012-0027
2B-001355,27SMUZG8775G5Z4,Falcon Traders Ltd,28,R,2025-12-11,146792.44,7,N,18,124400.37,22392.07,0.00,0.00,0.00,122025,Y,,VEN012-0028
2B-001356,27SMUZG8775G5Z4,Falcon Traders Ltd,VEN012-0029,R,2025-12-15,13644.96,7,N,5,12995.20,649.76,0.00,0.00,0.00,122025,Y,,VEN012-0029
2B-001357,27SMUZG8775G5Z4,Falcon Traders Ltd,VEN012-0030,R,2025-12-15,140797.08,7,N,18,119319.56,21477.52,0.00,0.00,0.00,122025,Y,,VEN012-0030
2B-001358,27SMUZG8775G5Z4,Falcon Traders Ltd,VEN/012/0031,R,2025-12-17,12884.07,7,N,18,10918.70,1965.37,0.00,0.00,0.00,122025,Y,,VEN012-0031
2B-001359,27SMUZG8775G5Z4,Falcon Traders Ltd,VEN012-0032,R,2025-12-23,8942.24,7,N,18,7578.17,1364.07,0.00,0.00,0.00,122025,Y,,VEN012-0032
2B-001360,27SMUZG8775G5Z4,Falcon Traders Ltd,VEN012-0033,R,2025-12-26,80159.32,7,N,18,67931.63,12227.69,0.00,0.00,0.00,122025,Y,,VEN012-0033
2B-001361,27XOEEP5452W8ZP,Crest Traders Pvt Ltd,INV-0019,R,2025-12-08,184422.34,7,N,18,156290.12,28132.22,0.00,0.00,0.00,122025,Y,,VEN037-0019
2B-001362,27XOEEP5452W8ZP,Crest Traders Pvt Ltd,VEN/037/0020,R,2025-12-18,97026.85,7,N,18,82226.14,14800.71,0.00,0.00,0.00,122025,Y,,VEN037-0020
2B-001363,27XOEEP5452W8ZP,Crest Traders Pvt Ltd,VEN037-0021,R,2025-12-26,47303.38,7,N,18,40087.61,7215.77,0.00,0.00,0.00,122025,Y,,VEN037-0021
2B-001364,27XOEEP5452W8ZP,Crest Traders Pvt Ltd,22,R,2025-12-27,74708.99,7,N,5,71151.42,3557.57,0.00,0.00,0.00,122025,Y,,VEN037-0022
2B-001365,27XOEEP5452W8ZP,Crest Traders Pvt Ltd,VEN037-0023,R,2025-12-29,98032.63,7,N,18,83078.50,14954.13,0.00,0.00,0.00,122025,Y,,VEN037-0023
2B-001366,27XOEEP5452W8ZP,Crest Traders Pvt Ltd,VEN037-0024,R,2025-12-30,172499.11,7,N,18,146185.69,26313.42,0.00,0.00,0.00,122025,Y,,VEN037-0024
2B-001367,27ZEKBL5846Z1Z7,Jupiter Components Pvt Ltd,VEN002-0028,R,2025-12-19,11500.13,7,N,18,9745.87,1754.26,0.00,0.00,0.00,122025,Y,,VEN002-0028
2B-001368,27ZEKBL5846Z1Z7,Jupiter Components Pvt Ltd,VEN002-0029,R,2025-12-23,17107.63,7,N,5,16292.98,814.65,0.00,0.00,0.00,122025,Y,,VEN002-0029
2B-001369,29TABAS6604Y1ZX,Sigma Traders Ltd,INV-0035,R,2025-12-30,122056.36,7,N,18,103437.59,18618.77,0.00,0.00,0.00,122025,Y,,VEN016-0035
2B-001370,29ULWSZ7970U2Z8,Falcon Components LLP,VEN028-0037,R,2025-12-02,98290.35,7,N,18,83296.91,0.00,7496.72,7496.72,0.00,122025,Y,,VEN028-0037
2B-001371,29ULWSZ7970U2Z8,Falcon Components LLP,INV-0038,R,2025-12-06,259694.36,7,N,18,220079.97,39614.39,0.00,0.00,0.00,122025,Y,,VEN028-0038
2B-001372,29ULWSZ7970U2Z8,Falcon Components LLP,VEN/028/0039,R,2025-12-26,8873.56,7,N,18,7519.97,1353.59,0.00,0.00,0.00,122025,Y,,VEN028-0039
2B-001373,29ULWSZ7970U2Z8,Falcon Components LLP,VEN028-0040,R,2025-12-30,27389.33,7,N,5,26085.08,1304.25,0.00,0.00,0.00,122025,Y,,VEN028-0040
2B-001374,29ULWSZ7970U2Z8,Falcon Components LLP,VEN028-0061,R,2025-12-30,9934.54,7,N,18,8419.10,1515.44,0.00,0.00,0.00,122025,Y,,
2B-001375,29VYHLW6909G1ZE,Unity Media LLP,VEN/007/0029,R,2025-12-03,16018.62,7,N,0,16018.62,0.00,0.00,0.00,0.00,122025,Y,,VEN007-0029
2B-001376,29VYHLW6909G1ZE,Unity Media LLP,VEN007-0030,R,2025-12-05,94927.79,7,N,18,80447.28,14480.51,0.00,0.00,0.00,122025,Y,,VEN007-0030
2B-001377,29VYHLW6909G1ZE,Unity Media LLP,VEN007-0031,R,2025-12-18,67350.06,7,N,18,57076.32,10273.74,0.00,0.00,0.00,122025,Y,,VEN007-0031
2B-001378,29VYHLW6909G1ZE,Unity Media LLP,VEN007-0032,R,2025-12-26,34892.15,7,N,5,33230.62,1661.53,0.00,0.00,0.00,122025,Y,,VEN007-0032
2B-001379,33DMSQD6561G9ZL,Lotus Industries Pvt Ltd,VEN/026/0033,R,2025-12-01,323460.20,7,N,18,274118.81,49341.39,0.00,0.00,0.00,122025,Y,,VEN026-0033
2B-001380,33DMSQD6561G9ZL,Lotus Industries Pvt Ltd,34,R,2025-12-25,21733.76,7,N,5,20698.82,1034.94,0.00,0.00,0.00,122025,Y,,VEN026-0034
2B-001381,33DMSQD6561G9ZL,Lotus Industries Pvt Ltd,INV-0036,R,2025-12-30,196085.87,7,N,18,166174.47,29911.40,0.00,0.00,0.00,122025,Y,,VEN026-0036
2B-001382,33DMSQD6561G9ZL,Lotus Industries Pvt Ltd,VEN026-0035,R,2025-12-30,42241.29,7,N,18,35797.70,6443.59,0.00,0.00,0.00,122025,Y,,VEN026-0035
2B-001383,33PESEP5781B3ZF,Prime Systems Pvt Ltd,VEN020-0032,R,2025-11-08,37693.72,7,N,18,31943.83,5749.89,0.00,0.00,0.00,122025,Y,,VEN020-0032
2B-001384,33PESEP5781B3ZF,Prime Systems Pvt Ltd,33,R,2025-11-26,89010.01,7,N,18,75432.21,13577.80,0.00,0.00,0.00,122025,Y,,VEN020-0033
2B-001385,33YKXAB5987J5ZJ,Jupiter Industries Pvt Ltd,VEN046-0029,R,2025-12-08,422140.54,7,N,5,402038.61,20101.93,0.00,0.00,0.00,122025,Y,,VEN046-0029
2B-001386,33YKXAB5987J5ZJ,Jupiter Industries Pvt Ltd,VEN046-0030,R,2025-12-19,28110.58,7,N,5,26771.98,1338.60,0.00,0.00,0.00,122025,Y,,VEN046-0030
2B-001387,33YKXAB5987J5ZJ,Jupiter Industries Pvt Ltd,VEN046-0031,R,2025-12-23,91905.36,7,N,18,77885.90,14019.46,0.00,0.00,0.00,122025,Y,,VEN046-0031
2B-001388,36NBJZD8287I7Z5,Vikram Components Ltd,VEN/039/0018,R,2025-11-10,112299.49,7,N,18,95169.06,17130.43,0.00,0.00,0.00,122025,Y,,VEN039-0018
2B-001389,07CAANY0360A5Z4,Falcon Industries Private Limited,INV-0031,R,2026-01-01,98684.79,7,N,18,83631.18,0.00,7526.81,7526.80,0.00,012026,Y,,VEN018-0031
2B-001390,07CAANY0360A5Z4,Falcon Industries Private Limited,INV-0032,R,2026-01-14,57373.19,7,N,18,48621.35,0.00,4375.92,4375.92,0.00,012026,Y,,VEN018-0032
2B-001391,07CAANY0360A5Z4,Falcon Industries Private Limited,VEN018-0033,R,2026-01-15,67366.79,7,N,18,57090.50,0.00,5138.15,5138.14,0.00,012026,Y,,VEN018-0033
2B-001392,07CAANY0360A5Z4,Falcon Industries Private Limited,VEN018-0034,R,2026-01-15,15789.14,7,N,5,15037.28,0.00,375.93,375.93,0.00,012026,Y,,VEN018-0034
2B-001393,07CAANY0360A5Z4,Falcon Industries Private Limited,VEN018-0047,R,2026-01-19,40441.43,7,N,18,34272.40,0.00,3084.52,3084.51,0.00,012026,Y,,
2B-001394,07FNTBF7791F4Z1,Zenith Components & Co,VEN031-0033,R,2026-01-22,8452.98,7,N,18,7163.54,0.00,644.72,644.72,0.00,012026,Y,,VEN031-0033
2B-001395,07FNTBF7791F4Z1,Zenith Components & Co,VEN031-0034,R,2026-01-23,24517.99,7,N,18,20777.96,0.00,1870.02,1870.01,0.00,012026,Y,,VEN031-0034
2B-001396,07FNTBF7791F4Z1,Zenith Components & Co,35,R,2026-01-24,35147.86,7,N,18,29786.32,0.00,2680.77,2680.77,0.00,012026,Y,,VEN031-0035
2B-001397,07FNTBF7791F4Z1,Zenith Components & Co,VEN031-0036,R,2026-01-24,22815.77,7,N,18,19335.40,0.00,1740.18,1740.19,0.00,012026,Y,,VEN031-0036
2B-001398,07FNTBF7791F4Z1,Zenith Components & Co,VEN031-0037,R,2026-01-29,24556.02,7,N,18,20810.19,0.00,1872.91,1872.92,0.00,012026,Y,,VEN031-0037
2B-001399,07FNTBF7791F4Z1,Zenith Components & Co,VEN/031/0038,R,2026-01-30,4252.30,7,N,18,3603.64,0.00,324.33,324.33,0.00,012026,Y,,VEN031-0038
2B-001400,07FNTBF7791F4Z1,Zenith Components & Co,39,R,2026-01-31,87409.11,7,N,18,74075.52,0.00,6666.80,6666.79,0.00,012026,Y,,VEN031-0039
2B-001401,07HKNYR0876L1ZQ,Meridian Tech Pvt Ltd,VEN024-0035,R,2026-01-23,63145.92,7,N,18,53513.49,0.00,4816.22,4816.21,0.00,012026,Y,,VEN024-0035
2B-001402,07HPTKV5985K1ZO,Apex Solutions LLP,VEN/044/0032,R,2026-01-01,316126.47,7,N,18,267903.79,0.00,24111.34,24111.34,0.00,012026,Y,,VEN044-0032
2B-001403,07HPTKV5985K1ZO,Apex Solutions LLP,34,R,2026-01-03,75774.98,7,N,5,72166.65,0.00,1804.16,1804.17,0.00,012026,Y,,VEN044-0034
2B-001404,07HPTKV5985K1ZO,Apex Solutions LLP,VEN044-0033,R,2026-01-03,77045.61,7,N,5,73376.77,0.00,1834.42,1834.42,0.00,012026,Y,,VEN044-0033
2B-001405,07HPTKV5985K1ZO,Apex Solutions LLP,INV-0035,R,2026-01-12,17649.53,7,N,5,16809.08,0.00,420.23,420.22,0.00,012026,Y,,VEN044-0035
2B-001406,07HPTKV5985K1ZO,Apex Solutions LLP,VEN044-0036,R,2026-01-16,16423.19,7,N,18,13917.96,0.00,1252.62,1252.61,0.00,012026,Y,,VEN044-0036
2B-001407,07HZLZU4203C4ZO,Lotus Solutions LLP,VEN/050/0027,R,2026-01-13,62646.03,7,N,18,53089.86,0.00,4778.09,4778.08,0.00,012026,Y,,VEN050-0027
2B-001408,07HZLZU4203C4ZO,Lotus Solutions LLP,VEN/050/0028,R,2026-01-28,8380.03,7,N,18,7101.72,0.00,639.15,639.16,0.00,012026,Y,,VEN050-0028
2B-001409,07ICOCO6437E3ZT,Evergreen Foods & Co,VEN004-0025,R,2026-01-02,32276.19,7,N,18,26755.38,0.00,2760.41,2760.40,0.00,012026,Y,,VEN004-0025
2B-001410,07ICOCO6437E3ZT,Evergreen Foods & Co,VEN004-0026,R,2026-01-09,36150.42,7,N,18,30635.95,0.00,2757.24,2757.23,0.00,012026,Y,,VEN004-0026
2B-001411,07ICOCO6437E3ZT,Evergreen Foods & Co,INV-0027,R,2026-01-12,33548.80,7,N,18,28431.19,0.00,2558.80,2558.81,0.00,012026,Y,,VEN004-0027
2B-001412,07IJPOK5732M2ZG,Bharat Foods Pvt Ltd,VEN/029/0027,R,2025-12-12,336825.66,7,N,12,300737.20,0.00,18044.23,18044.23,0.00,012026,Y,,VEN029-0027
2B-001413,07IJPOK5732M2ZG,Bharat Foods Pvt Ltd,VEN029-0026,R,2025-12-12,15223.81,7,N,5,14498.87,0.00,362.47,362.47,0.00,012026,Y,,VEN029-0026
2B-001414,07IJPOK5732M2ZG,Bharat Foods Pvt Ltd,VEN029-0028,R,2025-12-18,24595.12,7,N,18,20843.32,0.00,1875.90,1875.90,0.00,012026,Y,,VEN029-0028
2B-001415,07IKVBH9820B5ZH,Pinnacle Consulting Ltd,VEN013-0039,R,2026-01-01,207774.31,7,N,18,176079.92,0.00,15847.19,15847.20,0.00,012026,Y,,VEN013-0039
2B-001416,07IKVBH9820B5ZH,Pinnacle Consulting Ltd,VEN/013/0040,R,2026-01-02,23539.04,7,N,18,19948.34,0.00,1795.35,1795.35,0.00,012026,Y,,VEN013-0040
2B-001417,07IKVBH9820B5ZH,Pinnacle Consulting Ltd,VEN013-0041,R,2026-01-14,31501.52,7,N,18,26696.20,0.00,2402.66,2402.66,0.00,012026,Y,,VEN013-0041
2B-001418,07IKVBH9820B5ZH,Pinnacle Consulting Ltd,VEN013-0042,R,2026-01-14,68044.68,7,N,28,53159.91,0.00,7442.39,7442.38,0.00,012026,Y,,VEN013-0042
2B-001419,07IKVBH9820B5ZH,Pinnacle Consulting Ltd,VEN013-0043,R,2026-01-22,36442.44,7,N,18,30883.42,0.00,2779.51,2779.51,0.00,012026,Y,,VEN013-0043
2B-001420,07IKVBH9820B5ZH,Pinnacle Consulting Ltd,44,R,2026-01-26,54762.67,7,N,18,46409.04,0.00,4176.81,4176.82,0.00,012026,Y,,VEN013-0044
2B-001421,07IKVBH9820B5ZH,Pinnacle Consulting Ltd,VEN013-0045,R,2026-01-28,16717.84,7,N,5,15921.75,0.00,398.05,398.04,0.00,012026,Y,,VEN013-0045
2B-001422,07JEJSC5168Z9ZT,Global Motors Pvt Ltd,VEN030-0034,R,2026-01-13,4777.69,7,N,18,4048.89,0.00,364.40,364.40,0.00,012026,Y,,VEN030-0034
2B-001423,07JEJSC5168Z9ZT,Global Motors Pvt Ltd,VEN030-0035,R,2026-01-19,54876.91,7,N,18,46505.86,0.00,4185.52,4185.53,0.00,012026,Y,,VEN030-0035
2B-001424,07JEJSC5168Z9ZT,Global Motors Pvt Ltd,VEN/030/0036,R,2026-01-23,35925.14,7,N,18,30445.03,0.00,2740.05,2740.06,0.00,012026,Y,,VEN030-0036
2B-001425,07JEJSC5168Z9ZT,Global Motors Pvt Ltd,VEN030-0037,R,2026-01-25,221105.51,7,N,18,187377.55,0.00,16863.98,16863.98,0.00,012026,Y,,VEN030-0037
2B-001426,07LMLPC0398Y5ZM,Jupiter Solutions & Co,VEN/040/0022,R,2026-01-10,72139.15,7,N,18,61134.87,0.00,5502.14,5502.14,0.00,012026,Y,,VEN040-0022
2B-001427,07LMLPC0398Y5ZM,Jupiter Solutions & Co,23,R,2026-01-13,87877.69,7,N,18,74472.62,0.00,6702.53,6702.54,0.00,012026,Y,,VEN040-0023
2B-001428,07LMLPC0398Y5ZM,Jupiter Solutions & Co,VEN040-0024,R,2026-01-28,157157.90,7,N,18,133184.66,0.00,11986.62,11986.62,0.00,012026,Y,,VEN040-0024
2B-001429,07QIKWC6704V1ZS,Unity Infra Pvt Ltd,VEN009-0030,R,2026-01-16,97840.90,7,N,0,97840.90,0.00,0.00,0.00,0.00,012026,Y,,VEN009-0030
2B-001430,07QIKWC6704V1ZS,Unity Infra Pvt Ltd,VEN009-0031,R,2026-01-20,141016.77,7,N,18,119505.74,0.00,10755.51,10755.52,0.00,012026,Y,,VEN009-0031
2B-001431,07QIKWC6704V1ZS,Unity Infra Pvt Ltd,VEN009-0032,R,2026-01-27,91276.25,7,N,18,77352.75,0.00,6961.75,6961.75,0.00,012026,Y,,VEN009-0032
2B-001432,07YMNMM4218B7ZL,Titan Retail LLP,VEN043-0031,R,2026-01-21,14895.93,7,N,18,12623.67,0.00,1136.13,1136.13,0.00,012026,Y,,VEN043-0031
2B-001433,07YMNMM4218B7ZL,Titan Retail LLP,VEN043-0032,R,2026-01-22,15594.24,7,N,18,13215.46,0.00,1189.39,1189.39,0.00,012026,Y,,VEN043-0032
2B-001434,07ZZKDV5987F1ZJ,Quantum Retail Private Limited,VEN023-0033,R,2026-01-09,2379.00,7,N,5,2265.71,0.00,56.65,56.64,0.00,012026,Y,,VEN023-0033
2B-001435,07ZZKDV5987F1ZJ,Quantum Retail Private Limited,VEN/023/0035,R,2026-01-27,12430.45,7,N,18,10534.28,0.00,948.09,948.08,0.00,012026,Y,,VEN023-0035
2B-001436,07ZZKDV5987F1ZJ,Quantum Retail Private Limited,VEN023-0034,R,2026-01-27,24539.51,7,N,5,23370.96,0.00,584.27,584.28,0.00,012026,Y,,VEN023-0034
2B-001437,08DLGSA5957L6ZD,Quantum Media LLP,25,R,2025-12-06,69897.00,7,N,18,59234.75,10662.25,0.00,0.00,0.00,012026,Y,,VEN049-0025
2B-001438,08DLGSA5957L6ZD,Quantum Media LLP,VEN049-0026,R,2025-12-12,996844.51,7,N,18,844783.48,152061.03,0.00,0.00,0.00,012026,Y,,VEN049-0026
2B-001439,08DLGSA5957L6ZD,Quantum Media LLP,VEN049-0027,R,2025-12-19,172418.85,7,N,18,146117.67,26301.18,0.00,0.00,0.00,012026,Y,,VEN049-0027
2B-001440,08DWHYC6866Y6ZK,Evergreen Infra Private Limited,VEN042-0044,R,2025-12-02,32412.86,7,N,5,30869.39,1543.47,0.00,0.00,0.00,012026,Y,,VEN042-0044
2B-001441,08DWHYC6866Y6ZK,Evergreen Infra Private Limited,VEN042-0045,R,2025-12-10,90978.52,7,N,18,77100.44,13878.08,0.00,0.00,0.00,012026,Y,,VEN042-0045
2B-001442,08JRQQT0128B3ZH,Unity Media Pvt Ltd,VEN047-0028,R,2025-12-12,59689.01,7,N,18,50583.91,9105.10,0.00,0.00,0.00,012026,Y,,VEN047-0028
2B-001443,08JRQQT0128B3ZH,Unity Media Pvt Ltd,VEN047-0029,R,2025-12-16,14229.70,7,N,18,12059.07,2170.63,0.00,0.00,0.00,012026,Y,,VEN047-0029
2B-001444,08JRQQT0128B3ZH,Unity Media Pvt Ltd,VEN047-0045,R,2026-01-30,68329.81,7,N,18,57906.62,10423.19,0.00,0.00,0.00,012026,Y,,
2B-001445,08MQFEU2813L7ZM,Crest Media Pvt Ltd,VEN003-0025,R,2026-01-15,16503.27,7,N,5,15717.40,785.87,0.00,0.00,0.00,012026,Y,,VEN003-0025
2B-001446,08MQFEU2813L7ZM,Crest Media Pvt Ltd,VEN003-0026,R,2026-01-20,47810.78,7,N,5,45534.08,2276.70,0.00,0.00,0.00,012026,Y,,VEN003-0026
2B-001447,08MQFEU2813L7ZM,Crest Media Pvt Ltd,VEN003-0027,R,2026-01-28,48935.85,7,N,5,46605.57,2330.28,0.00,0.00,0.00,012026,Y,,VEN003-0027
2B-001448,08MQFEU2813L7ZM,Crest Media Pvt Ltd,INV-0028,R,2026-01-30,60642.67,7,N,18,51392.09,9250.58,0.00,0.00,0.00,012026,Y,,VEN003-0028
2B-001449,08MQFEU2813L7ZM,Crest Media Pvt Ltd,VEN003-0029,R,2026-01-30,325681.13,7,N,18,276000.96,49680.17,0.00,0.00,0.00,012026,Y,,VEN003-0029
2B-001450,09CQXKG3580H8ZB,Falcon Tech LLP,VEN035-0044,R,2026-01-05,25682.54,7,N,5,24459.56,1222.98,0.00,0.00,0.00,012026,Y,,VEN035-0044
2B-001451,09CQXKG3580H8ZB,Falcon Tech LLP,INV-0045,R,2026-01-09,19473.29,7,N,5,18545.99,927.30,0.00,0.00,0.00,012026,Y,,VEN035-0045
2B-001452,09CQXKG3580H8ZB,Falcon Tech LLP,VEN035-0046,R,2026-01-19,40622.53,7,N,5,38688.12,1934.41,0.00,0.00,0.00,012026,Y,,VEN035-0046
2B-001453,09IJVGB8145C3ZB,Shree Infra Ltd,VEN019-0014,R,2025-12-12,90233.31,7,N,18,76468.91,13764.40,0.00,0.00,0.00,012026,Y,,VEN019-0014
2B-001454,09IJVGB8145C3ZB,Shree Infra Ltd,VEN019-0015,R,2025-12-26,13845.46,7,N,5,13186.15,659.31,0.00,0.00,0.00,012026,Y,,VEN019-0015
2B-001455,09KITFJ6794N1ZB,Unity Systems LLP,VEN008-0042,R,2026-01-08,50687.01,7,N,18,42955.09,7731.92,0.00,0.00,0.00,012026,Y,,VEN008-0042
2B-001456,09KITFJ6794N1ZB,Unity Systems LLP,VEN008-0043,R,2026-01-10,190602.78,7,N,18,161527.78,29075.00,0.00,0.00,0.00,012026,Y,,VEN008-0043
2B-001457,09KITFJ6794N1ZB,Unity Systems LLP,VEN008-0044,R,2026-01-13,44187.45,7,N,5,42083.29,2104.16,0.00,0.00,0.00,012026,Y,,VEN008-0044
2B-001458,09RATVE0496Z7ZC,Trident Logistics & Co,43,R,2026-01-26,456155.92,7,N,18,386572.81,69583.11,0.00,0.00,0.00,012026,Y,,VEN038-0043
2B-001459,09RATVE0496Z7ZC,Trident Logistics & Co,VEN038-0044,R,2026-01-30,25166.28,7,N,18,21327.36,3838.92,0.00,0.00,0.00,012026,Y,,VEN038-0044
2B-001460,19BPIWU1426U8ZA,Sigma Electronics Pvt Ltd,VEN048-0021,R,2025-12-01,346924.72,7,N,18,294004.00,52920.72,0.00,0.00,0.00,012026,Y,,VEN048-0021
2B-001461,19BPIWU1426U8ZA,Sigma Electronics Pvt Ltd,VEN048-0022,R,2025-12-13,31283.94,7,N,5,29794.23,1489.71,0.00,0.00,0.00,012026,Y,,VEN048-0022
2B-001462,19BPIWU1426U8ZA,Sigma Electronics Pvt Ltd,INV-0023,R,2025-12-16,24920.36,7,N,5,23733.68,1186.68,0.00,0.00,0.00,012026,Y,,VEN048-0023
2B-001463,19BPIWU1426U8ZA,Sigma Electronics Pvt Ltd,VEN/048/0024,R,2025-12-20,104808.84,7,N,18,88821.05,15987.79,0.00,0.00,0.00,012026,Y,,VEN048-0024
2B-001464,19BPIWU1426U8ZA,Sigma Electronics Pvt Ltd,VEN048-0025,R,2025-12-22,32274.95,7,N,18,27351.65,4923.30,0.00,0.00,0.00,012026,Y,,VEN048-0025
2B-001465,19BPIWU1426U8ZA,Sigma Electronics Pvt Ltd,VEN048-0026,R,2025-12-23,107075.04,7,N,18,90741.56,16333.48,0.00,0.00,0.00,012026,Y,,VEN048-0026
2B-001466,19BPIWU1426U8ZA,Sigma Electronics Pvt Ltd,VEN048-0027,R,2025-12-31,86885.99,7,N,18,73632.29,13253.70,0.00,0.00,0.00,012026,Y,,VEN048-0027
2B-001467,19OHMLN7771Z5ZC,Meridian Traders & Co,VEN/015/0042,R,2026-01-26,21124.27,7,N,18,17901.92,3222.35,0.00,0.00,0.00,012026,Y,,VEN015-0042
2B-001468,19YDFPE7285G2ZN,Meridian Industries LLP,VEN011-0031,R,2026-01-03,245602.40,7,N,18,208137.63,37464.77,0.00,0.00,0.00,012026,Y,,VEN011-0031
2B-001469,19YDFPE7285G2ZN,Meridian Industries LLP,32,R,2026-01-08,29920.79,7,N,18,25356.60,4564.19,0.00,0.00,0.00,012026,Y,,VEN011-0032
2B-001470,19YDFPE7285G2ZN,Meridian Industries LLP,VEN011-0033,R,2026-01-16,306091.61,7,N,18,259399.67,46691.94,0.00,0.00,0.00,012026,Y,,VEN011-0033
2B-001471,19YDFPE7285G2ZN,Meridian Industries LLP,VEN011-0034,R,2026-01-16,450693.94,7,N,18,381944.02,68749.92,0.00,0.00,0.00,012026,Y,,VEN011-0034
2B-001472,19YDFPE7285G2ZN,Meridian Industries LLP,VEN011-0035,R,2026-01-23,96231.78,7,N,18,81552.36,14679.42,0.00,0.00,0.00,012026,Y,,VEN011-0035
2B-001473,24BSPXQ4264B5Z4,Crest Foods & Co,24,R,2025-12-05,262857.26,7,N,18,222760.39,40096.87,0.00,0.00,0.00,012026,Y,,VEN033-0024
2B-001474,24BSPXQ4264B5Z4,Crest Foods & Co,VEN033-0025,R,2025-12-05,161054.02,7,N,18,136486.46,24567.56,0.00,0.00,0.00,012026,Y,,VEN033-0025
2B-001475,24BSPXQ4264B5Z4,Crest Foods & Co,VEN/033/0026,R,2025-12-09,48405.87,7,N,5,46100.83,2305.04,0.00,0.00,0.00,012026,Y,,VEN033-0026
2B-001476,24BSPXQ4264B5Z4,Crest Foods & Co,VEN033-0027,R,2025-12-10,164539.00,7,N,18,139439.83,25099.17,0.00,0.00,0.00,012026,Y,,VEN033-0027
2B-001477,24BSPXQ4264B5Z4,Crest Foods & Co,VEN033-0028,R,2025-12-15,122742.21,7,N,18,104018.82,18723.39,0.00,0.00,0.00,012026,Y,,VEN033-0028
2B-001478,24BSPXQ4264B5Z4,Crest Foods & Co,VEN033-0029,R,2025-12-17,21195.26,7,N,5,20185.96,1009.30,0.00,0.00,0.00,012026,Y,,VEN033-0029
2B-001479,24DKZXM3530X5ZC,Royal Tech Ltd,VEN/036/0031,R,2026-01-09,416792.41,7,N,18,353213.91,63578.50,0.00,0.00,0.00,012026,Y,,VEN036-0031
2B-001480,24DKZXM3530X5ZC,Royal Tech Ltd,VEN036-0032,R,2026-01-31,98116.46,7,N,18,83149.54,14966.92,0.00,0.00,0.00,012026,Y,,VEN036-0032
2B-001481,24NTKDR1082K6ZL,Horizon Motors & Co,VEN014-0036,R,2026-01-15,229181.37,7,N,18,194221.50,34959.87,0.00,0.00,0.00,012026,Y,,VEN014-0036
2B-001482,24NTKDR1082K6ZL,Horizon Motors & Co,VEN014-0037,R,2026-01-16,239690.56,7,N,18,203127.59,36562.97,0.00,0.00,0.00,012026,Y,,VEN014-0037
2B-001483,24NTKDR1082K6ZL,Horizon Motors & Co,VEN014-0038,R,2026-01-18,136322.07,7,N,18,115527.18,20794.89,0.00,0.00,0.00,012026,Y,,VEN014-0038
2B-001484,24NTKDR1082K6ZL,Horizon Motors & Co,VEN014-0039,R,2026-01-20,41098.94,7,N,18,34829.61,6269.33,0.00,0.00,0.00,012026,Y,,VEN014-0039
2B-001485,24NTKDR1082K6ZL,Horizon Motors & Co,VEN/014/0040,R,2026-01-30,123072.11,7,N,18,104298.40,18773.71,0.00,0.00,0.00,012026,Y,,VEN014-0040
2B-001486,24SALVT7843V8ZE,Global Consulting Pvt Ltd,VEN001-0027,R,2026-01-12,5256.12,7,N,5,5005.83,250.29,0.00,0.00,0.00,012026,Y,,VEN001-0027
2B-001487,24SALVT7843V8ZE,Global Consulting Pvt Ltd,INV-0028,R,2026-01-23,108868.07,7,N,18,92261.08,16606.99,0.00,0.00,0.00,012026,Y,,VEN001-0028
2B-001488,24SALVT7843V8ZE,Global Consulting Pvt Ltd,VEN001-0029,R,2026-01-30,32105.50,7,N,18,27208.05,4897.45,0.00,0.00,0.00,012026,Y,,VEN001-0029
2B-001489,27ADDXB1263F7ZI,Sigma Electronics Ltd,VEN025-0026,R,2025-12-06,28711.69,7,N,5,27344.14,1367.55,0.00,0.00,0.00,012026,Y,,VEN025-0026
2B-001490,27ADDXB1263F7ZI,Sigma Electronics Ltd,VEN025-0027,R,2025-12-23,21523.31,7,N,18,18240.09,3283.22,0.00,0.00,0.00,012026,Y,,VEN025-0027
2B-001491,27ADDXB1263F7ZI,Sigma Electronics Ltd,VEN025-0028,R,2025-12-24,115342.76,7,N,18,97748.10,17594.66,0.00,0.00,0.00,012026,Y,,VEN025-0028
2B-001492,27ADDXB1263F7ZI,Sigma Electronics Ltd,VEN025-0029,R,2025-12-30,68936.28,7,N,18,58420.58,10515.70,0.00,0.00,0.00,012026,Y,,VEN025-0029
2B-001493,27DVWPC2404K6Z7,Indus Enterprises LLP,VEN/021/0033,R,2026-01-15,23650.07,7,N,5,22608.85,1041.22,0.00,0.00,0.00,012026,Y,,VEN021-0033
2B-001494,27DVWPC2404K6Z7,Indus Enterprises LLP,VEN021-0034,R,2026-01-28,39404.02,7,N,18,33393.24,6010.78,0.00,0.00,0.00,012026,Y,,VEN021-0034
2B-001495,27DVWPC2404K6Z7,Indus Enterprises LLP,VEN021-0035,R,2026-01-30,93309.28,7,N,18,79075.66,14233.62,0.00,0.00,0.00,012026,Y,,VEN021-0035
2B-001496,27IHKYA4322G9ZS,Orion Consulting & Co,VEN034-0017,R,2026-01-06,98193.46,7,N,18,83214.79,14978.67,0.00,0.00,0.00,012026,Y,,VEN034-0017
2B-001497,27IHKYA4322G9ZS,Orion Consulting & Co,18,R,2026-01-07,20294.82,7,N,18,17199.00,3095.82,0.00,0.00,0.00,012026,Y,,VEN034-0018
2B-001498,27IHKYA4322G9ZS,Orion Consulting & Co,VEN034-0019,R,2026-01-19,85354.66,7,N,5,81290.15,4064.51,0.00,0.00,0.00,012026,Y,,VEN034-0019
2B-001499,27IHKYA4322G9ZS,Orion Consulting & Co,VEN034-0020,R,2026-01-20,121407.95,7,N,18,102888.09,18519.86,0.00,0.00,0.00,012026,Y,,VEN034-0020
2B-001500,27METYM9562Z9ZM,Bharat Enterprises LLP,VEN/005/0021,R,2026-01-30,149421.90,7,N,5,142306.57,7115.33,0.00,0.00,0.00,012026,Y,,VEN005-0021
2B-001501,27MZBLF3946W2ZF,Titan Industries Ltd,VEN017-0036,R,2026-01-08,36044.93,7,N,18,30546.55,5498.38,0.00,0.00,0.00,012026,Y,,VEN017-0036
2B-001502,27MZBLF3946W2ZF,Titan Industries Ltd,37,R,2026-01-19,78732.01,7,N,18,66721.74,12010.27,0.00,0.00,0.00,012026,Y,,VEN017-0037
2B-001503,27MZBLF3946W2ZF,Titan Industries Ltd,VEN017-0038,R,2026-01-19,21630.76,7,N,18,18331.15,3299.61,0.00,0.00,0.00,012026,Y,,VEN017-0038
2B-001504,27MZBLF3946W2ZF,Titan Industries Ltd,VEN017-0039,R,2026-01-23,150452.17,7,N,18,127501.84,22950.33,0.00,0.00,0.00,012026,Y,,VEN017-0039
2B-001505,27MZBLF3946W2ZF,Titan Industries Ltd,VEN/017/0040,R,2026-01-30,84331.58,7,N,18,71467.44,12864.14,0.00,0.00,0.00,012026,Y,,VEN017-0040
2B-001506,27SMUZG8775G5Z4,Falcon Traders Ltd,VEN012-0034,R,2026-01-02,11436.91,7,N,18,9692.30,1744.61,0.00,0.00,0.00,012026,Y,,VEN012-0034
2B-001507,27SMUZG8775G5Z4,Falcon Traders Ltd,VEN012-0035,R,2026-01-20,117732.18,7,N,18,99773.03,17959.15,0.00,0.00,0.00,012026,Y,,VEN012-0035
2B-001508,27SMUZG8775G5Z4,Falcon Traders Ltd,VEN012-0049,R,2026-01-25,6889.96,7,N,18,5838.95,1051.01,0.00,0.00,0.00,012026,Y,,
2B-001509,27SMUZG8775G5Z4,Falcon Traders Ltd,VEN012-0036,R,2026-01-31,7711.78,7,N,18,6535.41,1176.37,0.00,0.00,0.00,012026,Y,,VEN012-0036
2B-001510,27XOEEP5452W8ZP,Crest Traders Pvt Ltd,VEN037-0025,R,2026-01-03,54491.75,7,N,18,46179.45,8312.30,0.00,0.00,0.00,012026,Y,,VEN037-0025
2B-001511,27XOEEP5452W8ZP,Crest Traders Pvt Ltd,26,R,2026-01-15,53415.18,7,N,18,45267.10,8148.08,0.00,0.00,0.00,012026,Y,,VEN037-0026
2B-001512,27XOEEP5452W8ZP,Crest Traders Pvt Ltd,VEN037-0027,R,2026-01-18,24005.01,7,N,5,22861.91,1143.10,0.00,0.00,0.00,012026,Y,,VEN037-0027
2B-001513,27XOEEP5452W8ZP,Crest Traders Pvt Ltd,28,R,2026-01-26,7227.44,7,N,5,6883.28,344.16,0.00,0.00,0.00,012026,Y,,VEN037-0028
2B-001514,27XOEEP5452W8ZP,Crest Traders Pvt Ltd,VEN037-0029,R,2026-01-27,113850.59,7,N,18,96483.55,17367.04,0.00,0.00,0.00,012026,Y,,VEN037-0029
2B-001515,27ZEKBL5846Z1Z7,Jupiter Components Pvt Ltd,VEN002-0030,R,2026-01-12,6745.33,7,N,5,6424.12,321.21,0.00,0.00,0.00,012026,Y,,VEN002-0030
2B-001516,27ZEKBL5846Z1Z7,Jupiter Components Pvt Ltd,VEN002-0031,R,2026-01-14,34582.70,7,N,18,29307.37,5275.33,0.00,0.00,0.00,012026,Y,,VEN002-0031
2B-001517,27ZEKBL5846Z1Z7,Jupiter Components Pvt Ltd,VEN002-0044,R,2026-01-15,37461.39,7,N,18,31746.94,5714.45,0.00,0.00,0.00,012026,Y,,
2B-001518,27ZEKBL5846Z1Z7,Jupiter Components Pvt Ltd,VEN002-0032,R,2026-01-21,81713.90,7,N,18,68584.76,13129.14,0.00,0.00,0.00,012026,Y,,VEN002-0032
2B-001519,27ZEKBL5846Z1Z7,Jupiter Components Pvt Ltd,VEN002-0033,R,2026-01-22,261831.42,7,N,18,221891.03,39940.39,0.00,0.00,0.00,012026,Y,,VEN002-0033
2B-001520,29TABAS6604Y1ZX,Sigma Traders Ltd,VEN/016/0036,R,2026-01-03,30868.86,7,N,18,26160.05,4708.81,0.00,0.00,0.00,012026,Y,,VEN016-0036
2B-001521,29TABAS6604Y1ZX,Sigma Traders Ltd,VEN016-0037,R,2026-01-06,11541.63,7,N,18,9781.04,1760.59,0.00,0.00,0.00,012026,Y,,VEN016-0037
2B-001522,29TABAS6604Y1ZX,Sigma Traders Ltd,VEN016-0038,R,2026-01-14,92403.74,7,N,18,78308.25,14095.49,0.00,0.00,0.00,012026,Y,,VEN016-0038
2B-001523,29ULWSZ7970U2Z8,Falcon Components LLP,VEN028-0041,R,2026-01-05,371813.48,7,N,18,315096.17,56717.31,0.00,0.00,0.00,012026,Y,,VEN028-0041
2B-001524,29ULWSZ7970U2Z8,Falcon Components LLP,VEN028-0042,R,2026-01-25,19576.94,7,N,18,16590.63,2986.31,0.00,0.00,0.00,012026,Y,,VEN028-0042
2B-001525,29ULWSZ7970U2Z8,Falcon Components LLP,INV-0044,R,2026-01-29,11321.10,7,N,5,10782.00,539.10,0.00,0.00,0.00,012026,Y,,VEN028-0044
2B-001526,29ULWSZ7970U2Z8,Falcon Components LLP,VEN/028/0043,R,2026-01-29,6604.83,7,N,5,6290.31,314.52,0.00,0.00,0.00,012026,Y,,VEN028-0043
2B-001527,29ULWSZ7970U2Z8,Falcon Components LLP,VEN028-0045,R,2026-01-29,16461.38,7,N,18,13950.32,2511.06,0.00,0.00,0.00,012026,Y,,VEN028-0045
2B-001528,29ULWSZ7970U2Z8,Falcon Components LLP,VEN028-0046,R,2026-01-29,6358.62,7,N,18,5388.66,969.96,0.00,0.00,0.00,012026,Y,,VEN028-0046
2B-001529,29ULWSZ7970U2Z8,Falcon Components LLP,VEN028-0047,R,2026-01-29,15404.64,7,N,18,13054.78,2349.86,0.00,0.00,0.00,012026,Y,,VEN028-0047
2B-001530,29ULWSZ7970U2Z8,Falcon Components LLP,VEN028-0048,R,2026-01-29,12322.09,7,N,5,11735.32,586.77,0.00,0.00,0.00,012026,Y,,VEN028-0048
2B-001531,29ULWSZ7970U2Z8,Falcon Components LLP,VEN028-0049,R,2026-01-29,14217.47,7,N,18,12048.70,2168.77,0.00,0.00,0.00,012026,Y,,VEN028-0049
2B-001532,29ULWSZ7970U2Z8,Falcon Components LLP,VEN028-0050,R,2026-01-29,12413.35,7,N,5,11822.24,591.11,0.00,0.00,0.00,012026,Y,,VEN028-0050
2B-001533,29ULWSZ7970U2Z8,Falcon Components LLP,VEN028-0051,R,2026-01-29,12843.59,7,N,18,10884.40,1959.19,0.00,0.00,0.00,012026,Y,,VEN028-0051
2B-001534,29VYHLW6909G1ZE,Unity Media LLP,VEN007-0033,R,2026-01-05,113623.17,7,N,18,96290.82,17332.35,0.00,0.00,0.00,012026,Y,,VEN007-0033
2B-001535,29VYHLW6909G1ZE,Unity Media LLP,VEN007-0034,R,2026-01-15,201862.29,7,N,18,171069.74,30792.55,0.00,0.00,0.00,012026,Y,,VEN007-0034
2B-001536,29VYHLW6909G1ZE,Unity Media LLP,VEN007-0044,R,2026-01-16,217832.54,7,N,18,184603.85,33228.69,0.00,0.00,0.00,012026,Y,,
2B-001537,33DMSQD6561G9ZL,Lotus Industries Pvt Ltd,VEN026-0037,R,2026-01-07,170115.56,7,N,18,144165.73,25949.83,0.00,0.00,0.00,012026,Y,,VEN026-0037
2B-001538,33DMSQD6561G9ZL,Lotus Industries Pvt Ltd,INV-0038,R,2026-01-08,88844.28,7,N,18,75291.76,13552.52,0.00,0.00,0.00,012026,Y,,VEN026-0038
2B-001539,33DMSQD6561G9ZL,Lotus Industries Pvt Ltd,39,R,2026-01-09,52451.14,7,N,18,44450.12,8001.02,0.00,0.00,0.00,012026,Y,,VEN026-0039
2B-001540,33DMSQD6561G9ZL,Lotus Industries Pvt Ltd,VEN026-0040,R,2026-01-10,232129.56,7,N,18,196719.97,35409.59,0.00,0.00,0.00,012026,Y,,VEN026-0040
2B-001541,33DMSQD6561G9ZL,Lotus Industries Pvt Ltd,VEN026-0041,R,2026-01-13,69286.67,7,N,18,58717.52,10569.15,0.00,0.00,0.00,012026,Y,,VEN026-0041
2B-001542,33DMSQD6561G9ZL,Lotus Industries Pvt Ltd,VEN026-0042,R,2026-01-14,24099.59,7,N,18,20423.38,3676.21,0.00,0.00,0.00,012026,Y,,VEN026-0042
2B-001543,33DMSQD6561G9ZL,Lotus Industries Pvt Ltd,VEN026-0043,R,2026-01-29,261228.91,7,N,18,221380.43,39848.48,0.00,0.00,0.00,012026,Y,,VEN026-0043
2B-001544,33DMSQD6561G9ZL,Lotus Industries Pvt Ltd,VEN026-0044,R,2026-01-30,309641.10,7,N,18,260273.23,49367.87,0.00,0.00,0.00,012026,Y,,VEN026-0044
2B-001545,33PESEP5781B3ZF,Prime Systems Pvt Ltd,INV-0034,R,2025-12-02,22185.55,7,N,18,18801.31,3384.24,0.00,0.00,0.00,012026,Y,,VEN020-0034
2B-001546,33PESEP5781B3ZF,Prime Systems Pvt Ltd,VEN020-0035,R,2025-12-05,237819.12,7,N,18,201541.63,36277.49,0.00,0.00,0.00,012026,Y,,VEN020-0035
2B-001547,33PESEP5781B3ZF,Prime Systems Pvt Ltd,36,R,2025-12-18,12014.68,7,N,5,11442.55,572.13,0.00,0.00,0.00,012026,Y,,VEN020-0036
2B-001548,33PESEP5781B3ZF,Prime Systems Pvt Ltd,VEN020-0037,R,2025-12-18,56293.68,7,N,18,47706.51,8587.17,0.00,0.00,0.00,012026,Y,,VEN020-0037
2B-001549,33YKXAB5987J5ZJ,Jupiter Industries Pvt Ltd,INV-0032,R,2026-01-03,913621.75,7,N,18,774255.72,139366.03,0.00,0.00,0.00,012026,Y,,VEN046-0032
2B-001550,33YKXAB5987J5ZJ,Jupiter Industries Pvt Ltd,VEN046-0033,R,2026-01-15,281635.33,7,N,18,238674.01,42961.32,0.00,0.00,0.00,012026,Y,,VEN046-0033
2B-001551,36NBJZD8287I7Z5,Vikram Components Ltd,VEN039-0019,R,2025-12-02,45734.01,7,N,5,43556.20,2177.81,0.00,0.00,0.00,012026,Y,,VEN039-0019
2B-001552,36NBJZD8287I7Z5,Vikram Components Ltd,VEN039-0020,R,2025-12-04,53869.45,7,N,0,53869.45,0.00,0.00,0.00,0.00,012026,Y,,VEN039-0020
2B-001553,36NBJZD8287I7Z5,Vikram Components Ltd,INV-0021,R,2025-12-31,14764.32,7,N,5,14061.26,703.06,0.00,0.00,0.00,012026,Y,,VEN039-0021
2B-001554,07CAANY0360A5Z4,Falcon Industries Private Limited,INV-0035,R,2026-02-02,101513.36,7,N,18,86028.27,0.00,7742.55,7742.54,0.00,022026,Y,,VEN018-0035
2B-001555,07CAANY0360A5Z4,Falcon Industries Private Limited,VEN018-0036,R,2026-02-17,126714.02,7,N,18,107384.76,0.00,9664.63,9664.63,0.00,022026,Y,,VEN018-0036
2B-001556,07CAANY0360A5Z4,Falcon Industries Private Limited,37,R,2026-02-28,25522.51,7,N,5,24307.15,0.00,607.68,607.68,0.00,022026,Y,,VEN018-0037
2B-001557,07DAFGU3070W4Z4,Titan Solutions & Co,VEN045-0042,R,2026-02-02,52459.77,7,N,18,44457.43,0.00,4001.17,4001.17,0.00,022026,Y,,VEN045-0042
2B-001558,07DAFGU3070W4Z4,Titan Solutions & Co,VEN/045/0044,R,2026-02-20,127350.24,7,N,18,107923.93,0.00,9713.16,9713.15,0.00,022026,Y,,VEN045-0044
2B-001559,07DAFGU3070W4Z4,Titan Solutions & Co,VEN045-0043,R,2026-02-21,496229.99,7,N,18,420533.89,0.00,37848.05,37848.05,0.00,022026,Y,,VEN045-0043
2B-001560,07DAFGU3070W4Z4,Titan Solutions & Co,VEN045-0045,R,2026-02-24,13374.60,7,N,5,12737.71,0.00,318.44,318.45,0.00,022026,Y,,VEN045-0045
2B-001561,07DAFGU3070W4Z4,Titan Solutions & Co,VEN045-0046,R,2026-02-27,238215.40,7,N,18,201877.46,0.00,18168.97,18168.97,0.00,022026,Y,,VEN045-0046
2B-001562,07DAFGU3070W4Z4,Titan Solutions & Co,VEN045-0047,R,2026-02-27,10777.21,7,N,5,10264.01,0.00,256.60,256.60,0.00,022026,Y,,VEN045-0047
2B-001563,07FNTBF7791F4Z1,Zenith Components & Co,40,R,2026-02-07,67445.13,7,N,18,57156.89,0.00,5144.12,5144.12,0.00,022026,Y,,VEN031-0040
2B-001564,07FNTBF7791F4Z1,Zenith Components & Co,VEN031-0041,R,2026-02-21,63375.29,7,N,18,53707.87,0.00,4833.71,4833.71,0.00,022026,Y,,VEN031-0041
2B-001565,07FNTBF7791F4Z1,Zenith Components & Co,VEN031-0042,R,2026-02-23,18404.32,7,N,5,17527.92,0.00,438.20,438.20,0.00,022026,Y,,VEN031-0042
2B-001566,07HKNYR0876L1ZQ,Meridian Tech Pvt Ltd,VEN024-0036,R,2026-02-04,14589.91,7,N,0,14589.91,0.00,0.00,0.00,0.00,022026,Y,,VEN024-0036
2B-001567,07HKNYR0876L1ZQ,Meridian Tech Pvt Ltd,37,R,2026-02-21,150521.56,7,N,18,127560.64,0.00,11480.46,11480.46,0.00,022026,Y,,VEN024-0037
2B-001568,07HPTKV5985K1ZO,Apex Solutions LLP,VEN/044/0037,R,2026-02-03,6889.22,7,N,5,6561.16,0.00,164.03,164.03,0.00,022026,Y,,VEN044-0037
2B-001569,07HPTKV5985K1ZO,Apex Solutions LLP,VEN044-0038,R,2026-02-16,8173.54,7,N,5,7784.32,0.00,194.61,194.61,0.00,022026,Y,,VEN044-0038
2B-001570,07HZLZU4203C4ZO,Lotus Solutions LLP,VEN050-0029,R,2026-02-19,358379.23,7,N,18,303711.21,0.00,27334.01,27334.01,0.00,022026,Y,,VEN050-0029
2B-001571,07ICOCO6437E3ZT,Evergreen Foods & Co,VEN004-0028,R,2026-02-11,63726.77,7,N,18,54005.74,0.00,4860.52,4860.51,0.00,022026,Y,,VEN004-0028
2B-001572,07IJPOK5732M2ZG,Bharat Foods Pvt Ltd,VEN029-0029,R,2026-01-08,6925.67,7,N,18,5869.21,0.00,528.23,528.23,0.00,022026,Y,,VEN029-0029
2B-001573,07IJPOK5732M2ZG,Bharat Foods Pvt Ltd,VEN029-0030,R,2026-01-14,33192.13,7,N,18,28128.92,0.00,2531.61,2531.60,0.00,022026,Y,,VEN029-0030
2B-001574,07IJPOK5732M2ZG,Bharat Foods Pvt Ltd,VEN029-0031,R,2026-01-22,11160.53,7,N,18,9458.08,0.00,851.23,851.22,0.00,022026,Y,,VEN029-0031
2B-001575,07IJPOK5732M2ZG,Bharat Foods Pvt Ltd,VEN029-0032,R,2026-01-30,153668.23,7,N,18,130227.31,0.00,11720.46,11720.46,0.00,022026,Y,,VEN029-0032
2B-001576,07IKVBH9820B5ZH,Pinnacle Consulting Ltd,VEN013-0046,R,2026-02-15,58225.96,7,N,5,55453.30,0.00,1386.33,1386.33,0.00,022026,Y,,VEN013-0046
2B-001577,07IKVBH9820B5ZH,Pinnacle Consulting Ltd,VEN013-0047,R,2026-02-19,37687.78,7,N,18,31938.80,0.00,2874.49,2874.49,0.00,022026,Y,,VEN013-0047
2B-001578,07IKVBH9820B5ZH,Pinnacle Consulting Ltd,VEN013-0048,R,2026-02-28,17761.67,7,N,18,15052.26,0.00,1354.70,1354.71,0.00,022026,Y,,VEN013-0048
2B-001579,07IKVBH9820B5ZH,Pinnacle Consulting Ltd,VEN013-0049,R,2026-02-28,14524.27,7,N,5,13832.64,0.00,345.81,345.82,0.00,022026,Y,,VEN013-0049
2B-001580,07JEJSC5168Z9ZT,Global Motors Pvt Ltd,VEN030-0038,R,2026-02-02,99588.71,7,N,18,84397.21,0.00,7595.75,7595.75,0.00,022026,Y,,VEN030-0038
2B-001581,07JEJSC5168Z9ZT,Global Motors Pvt Ltd,VEN030-0039,R,2026-02-12,6947.46,7,N,18,5887.68,0.00,529.89,529.89,0.00,022026,Y,,VEN030-0039
2B-001582,07JEJSC5168Z9ZT,Global Motors Pvt Ltd,VEN030-0040,R,2026-02-25,23105.03,7,N,12,20629.49,0.00,1237.77,1237.77,0.00,022026,Y,,VEN030-0040
2B-001583,07LMLPC0398Y5ZM,Jupiter Solutions & Co,VEN040-0025,R,2026-02-02,152419.24,7,N,5,145161.18,0.00,3629.03,3629.03,0.00,022026,Y,,VEN040-0025
2B-001584,07QIKWC6704V1ZS,Unity Infra Pvt Ltd,VEN009-0033,R,2026-02-17,366050.93,7,N,18,310212.65,0.00,27919.14,27919.14,0.00,022026,Y,,VEN009-0033
2B-001585,07YMNMM4218B7ZL,Titan Retail LLP,VEN043-0033,R,2026-02-03,16471.37,7,N,18,13958.79,0.00,1256.29,1256.29,0.00,022026,Y,,VEN043-0033
2B-001586,07YMNMM4218B7ZL,Titan Retail LLP,VEN043-0034,R,2026-02-20,10770.45,7,N,5,10257.57,0.00,256.44,256.44,0.00,022026,Y,,VEN043-0034
2B-001587,07ZZKDV5987F1ZJ,Quantum Retail Private Limited,VEN023-0036,R,2026-02-11,7028.45,7,N,5,6693.76,0.00,167.34,167.35,0.00,022026,Y,,VEN023-0036
2B-001588,07ZZKDV5987F1ZJ,Quantum Retail Private Limited,INV-0038,R,2026-02-16,12373.85,7,N,18,10486.31,0.00,943.77,943.77,0.00,022026,Y,,VEN023-0038
2B-001589,07ZZKDV5987F1ZJ,Quantum Retail Private Limited,VEN/023/0037,R,2026-02-16,16299.19,7,N,18,13812.87,0.00,1243.16,1243.16,0.00,022026,Y,,VEN023-0037
2B-001590,07ZZKDV5987F1ZJ,Quantum Retail Private Limited,VEN/023/0039,R,2026-02-16,4203.99,7,N,5,4003.80,0.00,100.09,100.10,0.00,022026,Y,,VEN023-0039
2B-001591,07ZZKDV5987F1ZJ,Quantum Retail Private Limited,VEN/023/0040,R,2026-02-16,10882.17,7,N,18,9222.18,0.00,830.00,829.99,0.00,022026,Y,,VEN023-0040
2B-001592,07ZZKDV5987F1ZJ,Quantum Retail Private Limited,VEN023-0041,R,2026-02-17,11197.47,7,N,5,10664.26,0.00,266.61,266.60,0.00,022026,Y,,VEN023-0041
2B-001593,07ZZKDV5987F1ZJ,Quantum Retail Private Limited,VEN023-0042,R,2026-02-17,16186.07,7,N,18,13717.01,0.00,1234.53,1234.53,0.00,022026,Y,,VEN023-0042
2B-001594,07ZZKDV5987F1ZJ,Quantum Retail Private Limited,VEN023-0043,R,2026-02-17,4080.54,7,N,5,3886.23,0.00,97.16,97.15,0.00,022026,Y,,VEN023-0043
2B-001595,07ZZKDV5987F1ZJ,Quantum Retail Private Limited,VEN023-0044,R,2026-02-17,11803.59,7,N,18,10003.04,0.00,900.27,900.28,0.00,022026,Y,,VEN023-0044
2B-001596,07ZZKDV5987F1ZJ,Quantum Retail Private Limited,VEN023-0045,R,2026-02-17,9926.97,7,N,18,8412.69,0.00,757.14,757.14,0.00,022026,Y,,VEN023-0045
2B-001597,07ZZKDV5987F1ZJ,Quantum Retail Private Limited,VEN023-0046,R,2026-02-18,142438.11,7,N,18,120710.26,0.00,10863.92,10863.93,0.00,022026,Y,,VEN023-0046
2B-001598,07ZZKDV5987F1ZJ,Quantum Retail Private Limited,47,R,2026-02-19,81908.47,7,N,18,69413.96,0.00,6247.26,6247.25,0.00,022026,Y,,VEN023-0047
2B-001599,07ZZKDV5987F1ZJ,Quantum Retail Private Limited,48,R,2026-02-26,42229.70,7,N,18,35787.88,0.00,3220.91,3220.91,0.00,022026,Y,,VEN023-0048
2B-001600,08DWHYC6866Y6ZK,Evergreen Infra Private Limited,46,R,2026-01-09,45014.71,7,N,18,38148.06,6866.65,0.00,0.00,0.00,022026,Y,,VEN042-0046
2B-001601,08DWHYC6866Y6ZK,Evergreen Infra Private Limited,VEN/042/0048,R,2026-01-16,44775.54,7,N,18,37945.37,6830.17,0.00,0.00,0.00,022026,Y,,VEN042-0048
2B-001602,08DWHYC6866Y6ZK,Evergreen Infra Private Limited,VEN042-0047,R,2026-01-16,13808.32,7,N,5,13150.78,657.54,0.00,0.00,0.00,022026,Y,,VEN042-0047
2B-001603,08DWHYC6866Y6ZK,Evergreen Infra Private Limited,VEN042-0050,R,2026-01-29,25826.74,7,N,18,21887.07,0.00,1969.84,1969.83,0.00,022026,Y,,VEN042-0050
2B-001604,08DWHYC6866Y6ZK,Evergreen Infra Private Limited,VEN042-0051,R,2026-01-30,74996.72,7,N,18,63556.54,11440.18,0.00,0.00,0.00,022026,Y,,VEN042-0051
2B-001605,08DWHYC6866Y6ZK,Evergreen Infra Private Limited,VEN/042/0049,R,2026-01-31,120315.70,7,N,18,101962.46,18353.24,0.00,0.00,0.00,022026,Y,,VEN042-0049
2B-001606,08DWHYC6866Y6ZK,Evergreen Infra Private Limited,VEN042-0052,R,2026-01-31,16153.95,7,N,5,15385.15,768.80,0.00,0.00,0.00,022026,Y,,VEN042-0052
2B-001607,08DWHYC6866Y6ZK,Evergreen Infra Private Limited,VEN042-0064,R,2026-02-21,17037.18,7,N,18,14438.29,2598.89,0.00,0.00,0.00,022026,Y,,
2B-001608,08JRQQT0128B3ZH,Unity Media Pvt Ltd,VEN047-0030,R,2026-01-14,54771.08,7,N,18,46416.17,8354.91,0.00,0.00,0.00,022026,Y,,VEN047-0030
2B-001609,08JRQQT0128B3ZH,Unity Media Pvt Ltd,VEN047-0031,R,2026-01-22,192042.26,7,N,18,162747.68,29294.58,0.00,0.00,0.00,022026,Y,,VEN047-0031
2B-001610,08JRQQT0128B3ZH,Unity Media Pvt Ltd,32,R,2026-01-23,188572.60,7,N,18,159807.29,28765.31,0.00,0.00,0.00,022026,Y,,VEN047-0032
2B-001611,08JRQQT0128B3ZH,Unity Media Pvt Ltd,VEN047-0033,R,2026-01-24,16614.26,7,N,0,16614.26,0.00,0.00,0.00,0.00,022026,Y,,VEN047-0033
2B-001612,08JRQQT0128B3ZH,Unity Media Pvt Ltd,VEN047-0034,R,2026-01-26,58716.65,7,N,18,49759.87,8956.78,0.00,0.00,0.00,022026,Y,,VEN047-0034
2B-001613,08JRQQT0128B3ZH,Unity Media Pvt Ltd,VEN047-0035,R,2026-01-26,186663.49,7,N,18,158189.40,28474.09,0.00,0.00,0.00,022026,Y,,VEN047-0035
2B-001614,08JRQQT0128B3ZH,Unity Media Pvt Ltd,VEN047-0036,R,2026-01-26,193660.81,7,N,18,164119.33,29541.48,0.00,0.00,0.00,022026,Y,,VEN047-0036
2B-001615,08JRQQT0128B3ZH,Unity Media Pvt Ltd,VEN047-0037,R,2026-01-26,190696.00,7,N,18,161606.78,29089.22,0.00,0.00,0.00,022026,Y,,VEN047-0037
2B-001616,08JRQQT0128B3ZH,Unity Media Pvt Ltd,VEN047-0038,R,2026-01-27,62758.03,7,N,18,53184.77,9573.26,0.00,0.00,0.00,022026,Y,,VEN047-0038
2B-001617,08MQFEU2813L7ZM,Crest Media Pvt Ltd,30,R,2026-02-12,225218.94,7,N,18,190863.51,34355.43,0.00,0.00,0.00,022026,Y,,VEN003-0030
2B-001618,08MQFEU2813L7ZM,Crest Media Pvt Ltd,VEN003-0031,R,2026-02-22,7182.19,7,N,18,6086.60,1095.59,0.00,0.00,0.00,022026,Y,,VEN003-0031
2B-001619,09CQXKG3580H8ZB,Falcon Tech LLP,VEN035-0047,R,2026-02-02,94184.17,7,N,18,79817.09,14367.08,0.00,0.00,0.00,022026,Y,,VEN035-0047
2B-001620,09CQXKG3580H8ZB,Falcon Tech LLP,VEN035-0048,R,2026-02-07,61700.44,7,N,18,52288.51,9411.93,0.00,0.00,0.00,022026,Y,,VEN035-0048
2B-001621,09CQXKG3580H8ZB,Falcon Tech LLP,VEN035-0049,R,2026-02-28,38906.88,7,N,18,32971.93,5934.95,0.00,0.00,0.00,022026,Y,,VEN035-0049
2B-001622,09IJVGB8145C3ZB,Shree Infra Ltd,VEN019-0016,R,2026-01-23,46481.88,7,N,18,39391.42,7090.46,0.00,0.00,0.00,022026,Y,,VEN019-0016
2B-001623,09RATVE0496Z7ZC,Trident Logistics & Co,VEN038-0053,R,2026-02-04,28430.94,7,N,18,24094.02,4336.92,0.00,0.00,0.00,022026,Y,,
2B-001624,09RATVE0496Z7ZC,Trident Logistics & Co,VEN/038/0045,R,2026-02-10,151524.81,7,N,18,128410.86,23113.95,0.00,0.00,0.00,022026,Y,,VEN038-0045
2B-001625,09RATVE0496Z7ZC,Trident Logistics & Co,VEN038-0046,R,2026-02-14,142891.83,7,N,18,121094.77,21797.06,0.00,0.00,0.00,022026,Y,,VEN038-0046
2B-001626,09RATVE0496Z7ZC,Trident Logistics & Co,INV-0047,R,2026-02-24,385573.32,7,N,18,326757.05,58816.27,0.00,0.00,0.00,022026,Y,,VEN038-0047
2B-001627,09RATVE0496Z7ZC,Trident Logistics & Co,INV-0048,R,2026-02-26,28783.28,7,N,18,24392.61,4390.67,0.00,0.00,0.00,022026,Y,,VEN038-0048
2B-001628,19BPIWU1426U8ZA,Sigma Electronics Pvt Ltd,VEN048-0028,R,2026-01-02,43981.44,7,N,5,41887.09,2094.35,0.00,0.00,0.00,022026,Y,,VEN048-0028
2B-001629,19BPIWU1426U8ZA,Sigma Electronics Pvt Ltd,VEN048-0029,R,2026-01-07,46126.47,7,N,18,39090.23,7036.24,0.00,0.00,0.00,022026,Y,,VEN048-0029
2B-001630,19BPIWU1426U8ZA,Sigma Electronics Pvt Ltd,30,R,2026-01-22,306168.62,7,N,18,259464.93,46703.69,0.00,0.00,0.00,022026,Y,,VEN048-0030
2B-001631,19BPIWU1426U8ZA,Sigma Electronics Pvt Ltd,31,R,2026-01-28,52773.41,7,N,18,44723.23,8050.18,0.00,0.00,0.00,022026,Y,,VEN048-0031
2B-001632,19OHMLN7771Z5ZC,Meridian Traders & Co,VEN015-0043,R,2026-02-06,94927.21,7,N,5,90406.87,4520.34,0.00,0.00,0.00,022026,Y,,VEN015-0043
2B-001633,19UMKHA3185K5ZL,Vertex Logistics LLP,VEN032-0036,R,2026-02-01,77345.93,7,N,18,65547.40,11798.53,0.00,0.00,0.00,022026,Y,,VEN032-0036
2B-001634,19YDFPE7285G2ZN,Meridian Industries LLP,VEN011-0036,R,2026-02-03,346695.63,7,N,18,293809.86,52885.77,0.00,0.00,0.00,022026,Y,,VEN011-0036
2B-001635,24BSPXQ4264B5Z4,Crest Foods & Co,INV-0030,R,2026-01-02,36303.18,7,N,0,36303.18,0.00,0.00,0.00,0.00,022026,Y,,VEN033-0030
2B-001636,24BSPXQ4264B5Z4,Crest Foods & Co,VEN033-0031,R,2026-01-22,73394.70,7,N,18,62198.90,11195.80,0.00,0.00,0.00,022026,Y,,VEN033-0031
2B-001637,24BSPXQ4264B5Z4,Crest Foods & Co,VEN033-0033,R,2026-01-24,335831.34,7,N,18,284602.83,51228.51,0.00,0.00,0.00,022026,Y,,VEN033-0033
2B-001638,24BSPXQ4264B5Z4,Crest Foods & Co,VEN033-0032,R,2026-01-25,127997.68,7,N,18,108472.61,19525.07,0.00,0.00,0.00,022026,Y,,VEN033-0032
2B-001639,24DKZXM3530X5ZC,Royal Tech Ltd,VEN036-0033,R,2026-02-06,11326.65,7,N,18,9598.86,1727.79,0.00,0.00,0.00,022026,Y,,VEN036-0033
2B-001640,24DKZXM3530X5ZC,Royal Tech Ltd,VEN036-0034,R,2026-02-16,8209.57,7,N,5,7818.64,390.93,0.00,0.00,0.00,022026,Y,,VEN036-0034
2B-001641,24DKZXM3530X5ZC,Royal Tech Ltd,VEN036-0035,R,2026-02-17,23756.15,7,N,18,20132.33,3623.82,0.00,0.00,0.00,022026,Y,,VEN036-0035
2B-001642,24NTKDR1082K6ZL,Horizon Motors & Co,VEN014-0041,R,2026-02-09,123470.74,7,N,18,104636.22,18834.52,0.00,0.00,0.00,022026,Y,,VEN014-0041
2B-001643,24NTKDR1082K6ZL,Horizon Motors & Co,INV-0042,R,2026-02-18,54525.26,7,N,5,51928.82,2596.44,0.00,0.00,0.00,022026,Y,,VEN014-0042
2B-001644,24NTKDR1082K6ZL,Horizon Motors & Co,VEN014-0043,R,2026-02-20,42946.24,7,N,18,36395.12,6551.12,0.00,0.00,0.00,022026,Y,,VEN014-0043
2B-001645,27ADDXB1263F7ZI,Sigma Electronics Ltd,INV-0031,R,2026-01-08,10438.86,7,N,18,8846.49,1592.37,0.00,0.00,0.00,022026,Y,,VEN025-0031
2B-001646,27ADDXB1263F7ZI,Sigma Electronics Ltd,VEN025-0030,R,2026-01-12,207713.56,7,N,18,176028.44,31685.12,0.00,0.00,0.00,022026,Y,,VEN025-0030
2B-001647,27ADDXB1263F7ZI,Sigma Electronics Ltd,INV-0032,R,2026-01-13,61149.54,7,N,0,61149.54,0.00,0.00,0.00,0.00,022026,Y,,VEN025-0032
2B-001648,27ADDXB1263F7ZI,Sigma Electronics Ltd,VEN025-0033,R,2026-01-22,35965.72,7,N,5,34253.07,1712.65,0.00,0.00,0.00,022026,Y,,VEN025-0033
2B-001649,27ADDXB1263F7ZI,Sigma Electronics Ltd,VEN025-0034,R,2026-01-28,46179.08,7,N,18,39134.81,7044.27,0.00,0.00,0.00,022026,Y,,VEN025-0034
2B-001650,27DVWPC2404K6Z7,Indus Enterprises LLP,VEN021-0036,R,2026-02-05,66899.52,7,N,18,56694.51,10205.01,0.00,0.00,0.00,022026,Y,,VEN021-0036
2B-001651,27DVWPC2404K6Z7,Indus Enterprises LLP,VEN021-0037,R,2026-02-07,27225.76,7,N,18,23072.68,4153.08,0.00,0.00,0.00,022026,Y,,VEN021-0037
2B-001652,27DVWPC2404K6Z7,Indus Enterprises LLP,VEN021-0038,R,2026-02-13,214488.98,7,N,5,204275.22,10213.76,0.00,0.00,0.00,022026,Y,,VEN021-0038
2B-001653,27DVWPC2404K6Z7,Indus Enterprises LLP,VEN021-0039,R,2026-02-16,28724.14,7,N,5,27356.32,1367.82,0.00,0.00,0.00,022026,Y,,VEN021-0039
2B-001654,27IHKYA4322G9ZS,Orion Consulting & Co,VEN034-0021,R,2026-02-06,31283.49,7,N,18,26511.66,4771.83,0.00,0.00,0.00,022026,Y,,VEN034-0021
2B-001655,27IHKYA4322G9ZS,Orion Consulting & Co,22,R,2026-02-14,190349.11,7,N,18,161312.81,29036.30,0.00,0.00,0.00,022026,Y,,VEN034-0022
2B-001656,27IHKYA4322G9ZS,Orion Consulting & Co,VEN/034/0023,R,2026-02-24,16183.31,7,N,18,13714.67,2468.64,0.00,0.00,0.00,022026,Y,,VEN034-0023
2B-001657,27IHKYA4322G9ZS,Orion Consulting & Co,VEN034-0024,R,2026-02-25,121135.68,7,N,18,102657.36,18478.32,0.00,0.00,0.00,022026,Y,,VEN034-0024
2B-001658,27METYM9562Z9ZM,Bharat Enterprises LLP,VEN005-0022,R,2026-02-06,714938.55,7,N,18,605880.13,109058.42,0.00,0.00,0.00,022026,Y,,VEN005-0022
2B-001659,27METYM9562Z9ZM,Bharat Enterprises LLP,VEN005-0023,R,2026-02-19,97683.54,7,N,18,82782.66,14900.88,0.00,0.00,0.00,022026,Y,,VEN005-0023
2B-001660,27METYM9562Z9ZM,Bharat Enterprises LLP,INV-0024,R,2026-02-24,139900.07,7,N,18,118559.38,21340.69,0.00,0.00,0.00,022026,Y,,VEN005-0024
2B-001661,27MZBLF3946W2ZF,Titan Industries Ltd,VEN/017/0042,R,2026-02-17,107708.55,7,N,18,91278.43,16430.12,0.00,0.00,0.00,022026,Y,,VEN017-0042
2B-001662,27MZBLF3946W2ZF,Titan Industries Ltd,VEN017-0043,R,2026-02-18,67377.38,7,N,28,52638.58,14738.80,0.00,0.00,0.00,022026,Y,,VEN017-0043
2B-001663,27MZBLF3946W2ZF,Titan Industries Ltd,VEN/017/0044,R,2026-02-20,162434.02,7,N,5,154699.07,7734.95,0.00,0.00,0.00,022026,Y,,VEN017-0044
2B-001664,27MZBLF3946W2ZF,Titan Industries Ltd,VEN017-0041,R,2026-02-23,6261.68,7,N,5,5963.50,298.18,0.00,0.00,0.00,022026,Y,,VEN017-0041
2B-001665,27MZBLF3946W2ZF,Titan Industries Ltd,VEN017-0045,R,2026-02-23,15748.78,7,N,18,13346.42,2402.36,0.00,0.00,0.00,022026,Y,,VEN017-0045
2B-001666,27MZBLF3946W2ZF,Titan Industries Ltd,VEN017-0046,R,2026-02-28,6505.48,7,N,0,6505.48,0.00,0.00,0.00,0.00,022026,Y,,VEN017-0046
2B-001667,27SMUZG8775G5Z4,Falcon Traders Ltd,VEN012-0037,R,2026-02-03,8250.54,7,N,5,7857.66,392.88,0.00,0.00,0.00,022026,Y,,VEN012-0037
2B-001668,27SMUZG8775G5Z4,Falcon Traders Ltd,VEN012-0038,R,2026-02-19,8720.20,7,N,18,7390.00,1330.20,0.00,0.00,0.00,022026,Y,,VEN012-0038
2B-001669,27SMUZG8775G5Z4,Falcon Traders Ltd,VEN012-0039,R,2026-02-23,7233.05,7,N,18,6129.70,1103.35,0.00,0.00,0.00,022026,Y,,VEN012-0039
2B-001670,27SMUZG8775G5Z4,Falcon Traders Ltd,VEN012-0040,R,2026-02-25,15411.96,7,N,18,13060.98,2350.98,0.00,0.00,0.00,022026,Y,,VEN012-0040
2B-001671,27SMUZG8775G5Z4,Falcon Traders Ltd,VEN012-0041,R,2026-02-27,8593.26,7,N,5,8184.06,409.20,0.00,0.00,0.00,022026,Y,,VEN012-0041
2B-001672,27XOEEP5452W8ZP,Crest Traders Pvt Ltd,INV-0030,R,2026-02-04,146800.74,7,N,18,124407.41,22393.33,0.00,0.00,0.00,022026,Y,,VEN037-0030
2B-001673,27XOEEP5452W8ZP,Crest Traders Pvt Ltd,VEN037-0031,R,2026-02-13,99525.58,7,N,18,84344.04,15181.54,0.00,0.00,0.00,022026,Y,,VEN037-0031
2B-001674,27ZEKBL5846Z1Z7,Jupiter Components Pvt Ltd,VEN002-0034,R,2026-02-07,10916.90,7,N,5,10397.05,519.85,0.00,0.00,0.00,022026,Y,,VEN002-0034
2B-001675,27ZEKBL5846Z1Z7,Jupiter Components Pvt Ltd,VEN/002/0035,R,2026-02-11,6492.89,7,N,18,5502.45,990.44,0.00,0.00,0.00,022026,Y,,VEN002-0035
2B-001676,27ZEKBL5846Z1Z7,Jupiter Components Pvt Ltd,VEN002-0036,R,2026-02-12,150196.88,7,N,18,127285.49,22911.39,0.00,0.00,0.00,022026,Y,,VEN002-0036
2B-001677,29TABAS6604Y1ZX,Sigma Traders Ltd,VEN016-0039,R,2026-02-21,33037.63,7,N,5,31464.41,1573.22,0.00,0.00,0.00,022026,Y,,VEN016-0039
2B-001678,29ULWSZ7970U2Z8,Falcon Components LLP,VEN028-0062,R,2026-02-02,13383.42,7,N,18,11341.88,2041.54,0.00,0.00,0.00,022026,Y,,
2B-001679,29ULWSZ7970U2Z8,Falcon Components LLP,VEN028-0052,R,2026-02-04,44610.61,7,N,18,37805.60,6805.01,0.00,0.00,0.00,022026,Y,,VEN028-0052
2B-001680,29ULWSZ7970U2Z8,Falcon Components LLP,53,R,2026-02-19,26805.89,7,N,18,22716.86,4089.03,0.00,0.00,0.00,022026,Y,,VEN028-0053
2B-001681,29ULWSZ7970U2Z8,Falcon Components LLP,VEN028-0055,R,2026-02-23,69554.13,7,N,18,58944.18,10609.95,0.00,0.00,0.00,022026,Y,,VEN028-0055
2B-001682,29VYHLW6909G1ZE,Unity Media LLP,35,R,2026-02-01,79592.12,7,N,18,67450.95,12141.17,0.00,0.00,0.00,022026,Y,,VEN007-0035
2B-001683,29VYHLW6909G1ZE,Unity Media LLP,VEN007-0036,R,2026-02-05,190697.04,7,N,18,161607.66,29089.38,0.00,0.00,0.00,022026,Y,,VEN007-0036
2B-001684,29VYHLW6909G1ZE,Unity Media LLP,VEN007-0037,R,2026-02-06,193527.19,7,N,18,164006.09,29521.10,0.00,0.00,0.00,022026,Y,,VEN007-0037
2B-001685,29VYHLW6909G1ZE,Unity Media LLP,VEN007-0038,R,2026-02-09,189533.70,7,N,18,160621.78,28911.92,0.00,0.00,0.00,022026,Y,,VEN007-0038
2B-001686,29VYHLW6909G1ZE,Unity Media LLP,VEN007-0045,R,2026-02-09,208099.24,7,N,18,176355.29,31743.95,0.00,0.00,0.00,022026,Y,,
2B-001687,29VYHLW6909G1ZE,Unity Media LLP,VEN/007/0039,R,2026-02-24,215783.56,7,N,18,182867.42,32916.14,0.00,0.00,0.00,022026,Y,,VEN007-0039
2B-001688,33DMSQD6561G9ZL,Lotus Industries Pvt Ltd,VEN/026/0045,R,2026-02-10,20435.60,7,N,5,19462.48,973.12,0.00,0.00,0.00,022026,Y,,VEN026-0045
2B-001689,33DMSQD6561G9ZL,Lotus Industries Pvt Ltd,46,R,2026-02-12,8828.36,7,N,18,7481.66,1346.70,0.00,0.00,0.00,022026,Y,,VEN026-0046
2B-001690,33DMSQD6561G9ZL,Lotus Industries Pvt Ltd,VEN026-0047,R,2026-02-18,490471.98,7,N,18,415654.22,74817.76,0.00,0.00,0.00,022026,Y,,VEN026-0047
2B-001691,33DMSQD6561G9ZL,Lotus Industries Pvt Ltd,48,R,2026-02-23,369621.05,7,N,18,313238.18,56382.87,0.00,0.00,0.00,022026,Y,,VEN026-0048
2B-001692,33PESEP5781B3ZF,Prime Systems Pvt Ltd,VEN020-0038,R,2026-01-01,797949.63,7,N,18,676228.50,121721.13,0.00,0.00,0.00,022026,Y,,VEN020-0038
2B-001693,33PESEP5781B3ZF,Prime Systems Pvt Ltd,VEN020-0039,R,2026-01-01,180339.62,7,N,18,152830.19,27509.43,0.00,0.00,0.00,022026,Y,,VEN020-0039
2B-001694,33PESEP5781B3ZF,Prime Systems Pvt Ltd,VEN020-0040,R,2026-01-13,189412.38,7,N,18,160518.97,28893.41,0.00,0.00,0.00,022026,Y,,VEN020-0040
2B-001695,33PESEP5781B3ZF,Prime Systems Pvt Ltd,VEN020-0041,R,2026-01-19,167815.39,7,N,28,131105.77,36709.62,0.00,0.00,0.00,022026,Y,,VEN020-0041
2B-001696,33PESEP5781B3ZF,Prime Systems Pvt Ltd,42,R,2026-01-29,126926.31,7,N,18,107564.67,19361.64,0.00,0.00,0.00,022026,Y,,VEN020-0042
2B-001697,33PESEP5781B3ZF,Prime Systems Pvt Ltd,VEN020-0043,R,2026-01-30,43394.91,7,N,18,36775.34,6619.57,0.00,0.00,0.00,022026,Y,,VEN020-0043
2B-001698,33PESEP5781B3ZF,Prime Systems Pvt Ltd,VEN020-0054,R,2026-02-25,75784.47,7,N,18,64224.13,11560.34,0.00,0.00,0.00,022026,Y,,
2B-001699,33YKXAB5987J5ZJ,Jupiter Industries Pvt Ltd,VEN046-0034,R,2026-02-08,79893.17,7,N,18,67706.08,12187.09,0.00,0.00,0.00,022026,Y,,VEN046-0034
2B-001700,33YKXAB5987J5ZJ,Jupiter Industries Pvt Ltd,VEN046-0035,R,2026-02-22,24479.26,7,N,5,23393.44,1085.82,0.00,0.00,0.00,022026,Y,,VEN046-0035
2B-001701,36NBJZD8287I7Z5,Vikram Components Ltd,22,R,2026-01-15,26337.78,7,N,18,22320.15,4017.63,0.00,0.00,0.00,022026,Y,,VEN039-0022
2B-001702,36NBJZD8287I7Z5,Vikram Components Ltd,VEN039-0023,R,2026-01-26,172133.42,7,N,18,145875.78,26257.64,0.00,0.00,0.00,022026,Y,,VEN039-0023
2B-001703,36NBJZD8287I7Z5,Vikram Components Ltd,VEN039-0024,R,2026-01-27,322785.20,7,N,0,322785.20,0.00,0.00,0.00,0.00,022026,Y,,VEN039-0024
2B-001704,36NBJZD8287I7Z5,Vikram Components Ltd,VEN039-0025,R,2026-01-29,198373.07,7,N,18,168112.77,30260.30,0.00,0.00,0.00,022026,Y,,VEN039-0025
2B-001705,36NBJZD8287I7Z5,Vikram Components Ltd,VEN039-0033,R,2026-02-13,105649.64,7,N,18,89533.59,16116.05,0.00,0.00,0.00,022026,Y,,
2B-001706,07CAANY0360A5Z4,Falcon Industries Private Limited,VEN018-0038,R,2026-03-05,88934.85,7,N,18,75368.52,0.00,6783.16,6783.17,0.00,032026,Y,,VEN018-0038
2B-001707,07CAANY0360A5Z4,Falcon Industries Private Limited,VEN018-0039,R,2026-03-12,208510.67,7,N,18,176703.96,0.00,15903.35,15903.36,0.00,032026,Y,,VEN018-0039
2B-001708,07CAANY0360A5Z4,Falcon Industries Private Limited,40,R,2026-03-13,11305.41,7,N,18,9581.20,0.00,861.90,862.31,0.00,032026,Y,,VEN018-0040
2B-001709,07CAANY0360A5Z4,Falcon Industries Private Limited,41,R,2026-03-16,10613.42,7,N,18,8994.42,0.00,809.50,809.50,0.00,032026,Y,,VEN018-0041
2B-001710,07CAANY0360A5Z4,Falcon Industries Private Limited,INV-0042,R,2026-03-21,266270.07,7,N,18,225652.60,40617.47,0.00,0.00,0.00,032026,Y,,VEN018-0042
2B-001711,07CAANY0360A5Z4,Falcon Industries Private Limited,VEN018-0043,R,2026-03-23,232933.19,7,N,18,197401.01,0.00,17766.09,17766.09,0.00,032026,Y,,VEN018-0043
2B-001712,07CAANY0360A5Z4,Falcon Industries Private Limited,VEN/018/0044,R,2026-03-26,51761.24,7,N,5,49296.42,0.00,1232.41,1232.41,0.00,032026,Y,,VEN018-0044
2B-001713,07DAFGU3070W4Z4,Titan Solutions & Co,VEN045-0048,R,2026-03-03,64984.98,7,N,18,55072.02,0.00,4956.48,4956.48,0.00,032026,Y,,VEN045-0048
2B-001714,07DAFGU3070W4Z4,Titan Solutions & Co,VEN045-0053,R,2026-03-03,12309.59,7,N,5,11723.42,0.00,293.09,293.08,0.00,032026,Y,,
2B-001715,07DAFGU3070W4Z4,Titan Solutions & Co,VEN045-0049,R,2026-03-16,44151.69,7,N,18,37416.69,0.00,3367.50,3367.50,0.00,032026,Y,,VEN045-0049
2B-001716,07DAFGU3070W4Z4,Titan Solutions & Co,VEN/045/0050,R,2026-03-25,30306.11,7,N,5,28862.96,0.00,721.58,721.57,0.00,032026,Y,,VEN045-0050
2B-001717,07DAFGU3070W4Z4,Titan Solutions & Co,VEN045-0051,R,2026-03-27,53723.87,7,N,18,45528.70,0.00,4097.59,4097.58,0.00,032026,Y,,VEN045-0051
2B-001718,07FNTBF7791F4Z1,Zenith Components & Co,INV-0043,R,2026-03-05,14159.06,7,N,18,11999.20,0.00,1079.93,1079.93,0.00,032026,Y,,VEN031-0043
2B-001719,07FNTBF7791F4Z1,Zenith Components & Co,VEN031-0044,R,2026-03-06,39976.84,7,N,18,33878.68,0.00,3049.08,3049.08,0.00,032026,Y,,VEN031-0044
2B-001720,07HKNYR0876L1ZQ,Meridian Tech Pvt Ltd,VEN024-0038,R,2026-03-11,7691.45,7,N,18,6518.18,0.00,586.63,586.64,0.00,032026,Y,,VEN024-0038
2B-001721,07HKNYR0876L1ZQ,Meridian Tech Pvt Ltd,VEN024-0039,R,2026-03-14,14263.12,7,N,5,13583.92,0.00,339.60,339.60,0.00,032026,Y,,VEN024-0039
2B-001722,07HKNYR0876L1ZQ,Meridian Tech Pvt Ltd,VEN024-0040,R,2026-03-16,193417.82,7,N,18,163913.41,0.00,14752.20,14752.21,0.00,032026,Y,,VEN024-0040
2B-001723,07HKNYR0876L1ZQ,Meridian Tech Pvt Ltd,VEN024-0041,R,2026-03-16,188470.56,7,N,18,159720.81,0.00,14374.88,14374.87,0.00,032026,Y,,VEN024-0041
2B-001724,07HKNYR0876L1ZQ,Meridian Tech Pvt Ltd,VEN024-0042,R,2026-03-16,195476.31,7,N,18,165657.89,0.00,14909.21,14909.21,0.00,032026,Y,,VEN024-0042
2B-001725,07HKNYR0876L1ZQ,Meridian Tech Pvt Ltd,VEN024-0043,R,2026-03-23,1575000.00,7,N,5,1500000.00,0.00,37500.00,37500.00,0.00,032026,Y,,VEN024-0043
2B-001726,07HPTKV5985K1ZO,Apex Solutions LLP,VEN044-0040,R,2026-03-02,23529.57,7,N,18,19540.69,0.00,1994.44,1994.44,0.00,032026,Y,,VEN044-0040
2B-001727,07HPTKV5985K1ZO,Apex Solutions LLP,VEN044-0041,R,2026-03-03,193508.31,7,N,18,163990.09,0.00,14759.11,14759.11,0.00,032026,Y,,VEN044-0041
2B-001728,07HPTKV5985K1ZO,Apex Solutions LLP,39,R,2026-03-08,309701.02,7,N,18,262458.49,0.00,23621.26,23621.27,0.00,032026,Y,,VEN044-0039
2B-001729,07HPTKV5985K1ZO,Apex Solutions LLP,VEN044-0042,R,2026-03-12,45945.53,7,N,18,38936.89,0.00,3504.32,3504.32,0.00,032026,Y,,VEN044-0042
2B-001730,07HPTKV5985K1ZO,Apex Solutions LLP,VEN044-0043,R,2026-03-17,7136.37,7,N,18,6047.77,0.00,544.30,544.30,0.00,032026,Y,,VEN044-0043
2B-001731,07HZLZU4203C4ZO,Lotus Solutions LLP,30,R,2026-03-07,28892.23,7,N,5,27516.41,1375.82,0.00,0.00,0.00,032026,Y,,VEN050-0030
2B-001732,07HZLZU4203C4ZO,Lotus Solutions LLP,VEN050-0031,R,2026-03-17,63493.24,7,N,18,53807.83,0.00,4842.70,4842.71,0.00,032026,Y,,VEN050-0031
2B-001733,07HZLZU4203C4ZO,Lotus Solutions LLP,33,R,2026-03-18,100879.06,7,N,18,85490.73,0.00,7694.16,7694.17,0.00,032026,Y,,VEN050-0033
2B-001734,07HZLZU4203C4ZO,Lotus Solutions LLP,VEN050-0032,R,2026-03-18,38363.35,7,N,18,32511.31,0.00,2926.02,2926.02,0.00,032026,Y,,VEN050-0032
2B-001735,07HZLZU4203C4ZO,Lotus Solutions LLP,VEN050-0034,R,2026-03-20,139855.65,7,N,5,133196.14,0.00,3329.61,3329.90,0.00,032026,Y,,VEN050-0034
2B-001736,07HZLZU4203C4ZO,Lotus Solutions LLP,VEN050-0035,R,2026-03-23,57413.11,7,N,5,54679.15,0.00,1366.98,1366.98,0.00,032026,Y,,VEN050-0035
2B-001737,07ICOCO6437E3ZT,Evergreen Foods & Co,VEN004-0029,R,2026-03-02,161665.25,7,N,18,137004.45,0.00,12330.40,12330.40,0.00,032026,Y,,VEN004-0029
2B-001738,07ICOCO6437E3ZT,Evergreen Foods & Co,VEN004-0030,R,2026-03-04,9810.63,7,N,18,8314.09,0.00,748.27,748.27,0.00,032026,Y,,VEN004-0030
2B-001739,07IJPOK5732M2ZG,Bharat Foods Pvt Ltd,VEN/029/0033,R,2026-02-05,20180.99,7,N,18,17102.53,0.00,1539.23,1539.23,0.00,032026,Y,,VEN029-0033
2B-001740,07IKVBH9820B5ZH,Pinnacle Consulting Ltd,VEN013-0050,R,2026-03-06,39520.55,7,N,5,37638.62,0.00,940.97,940.96,0.00,032026,Y,,VEN013-0050
2B-001741,07IKVBH9820B5ZH,Pinnacle Consulting Ltd,VEN013-0051,R,2026-03-12,147283.48,7,N,18,124816.51,0.00,11233.49,11233.48,0.00,032026,Y,,VEN013-0051
2B-001742,07IKVBH9820B5ZH,Pinnacle Consulting Ltd,VEN013-0053,R,2026-03-18,58067.42,7,N,18,49209.68,0.00,4428.87,4428.87,0.00,032026,Y,,VEN013-0053
2B-001743,07IKVBH9820B5ZH,Pinnacle Consulting Ltd,VEN/013/0054,R,2026-03-20,24465.67,7,N,5,23300.64,0.00,582.51,582.52,0.00,032026,Y,,VEN013-0054
2B-001744,07IKVBH9820B5ZH,Pinnacle Consulting Ltd,VEN013-0052,R,2026-03-24,145263.42,7,N,28,113487.05,0.00,15888.18,15888.19,0.00,032026,Y,,VEN013-0052
2B-001745,07IKVBH9820B5ZH,Pinnacle Consulting Ltd,VEN013-0055,R,2026-03-25,22122.33,7,N,5,21068.89,0.00,526.72,526.72,0.00,032026,Y,,
2B-001746,07JEJSC5168Z9ZT,Global Motors Pvt Ltd,VEN030-0041,R,2026-03-04,20681.91,7,N,12,18465.99,0.00,1107.96,1107.96,0.00,032026,Y,,VEN030-0041
2B-001747,07JEJSC5168Z9ZT,Global Motors Pvt Ltd,VEN030-0042,R,2026-03-12,9038.53,7,N,5,8608.12,0.00,215.21,215.20,0.00,032026,Y,,VEN030-0042
2B-001748,07JEJSC5168Z9ZT,Global Motors Pvt Ltd,VEN030-0043,R,2026-03-16,77426.22,7,N,18,65615.44,0.00,5905.39,5905.39,0.00,032026,Y,,VEN030-0043
2B-001749,07JEJSC5168Z9ZT,Global Motors Pvt Ltd,VEN030-0044,R,2026-03-26,30774.11,7,N,5,29308.68,0.00,732.72,732.71,0.00,032026,Y,,VEN030-0044
2B-001750,07JEJSC5168Z9ZT,Global Motors Pvt Ltd,VEN030-0045,R,2026-03-28,32427.26,7,N,18,27480.73,0.00,2473.26,2473.27,0.00,032026,Y,,VEN030-0045
2B-001751,07LMLPC0398Y5ZM,Jupiter Solutions & Co,VEN040-0026,R,2026-03-03,8467.80,7,N,5,8064.57,0.00,201.62,201.61,0.00,032026,Y,,VEN040-0026
2B-001752,07LMLPC0398Y5ZM,Jupiter Solutions & Co,VEN/040/0027,R,2026-03-05,226531.73,7,N,18,191976.04,0.00,17277.85,17277.84,0.00,032026,Y,,VEN040-0027
2B-001753,07QIKWC6704V1ZS,Unity Infra Pvt Ltd,INV-0034,R,2026-03-09,27559.08,7,N,18,23355.15,0.00,2101.97,2101.96,0.00,032026,Y,,VEN009-0034
2B-001754,07QIKWC6704V1ZS,Unity Infra Pvt Ltd,35,R,2026-03-10,268663.11,7,N,18,227680.60,0.00,20491.26,20491.25,0.00,032026,Y,,VEN009-0035
2B-001755,07QIKWC6704V1ZS,Unity Infra Pvt Ltd,36,R,2026-03-26,33964.71,7,N,18,28783.65,0.00,2590.53,2590.53,0.00,032026,Y,,VEN009-0036
2B-001756,07QIKWC6704V1ZS,Unity Infra Pvt Ltd,INV-0037,R,2026-03-31,101321.33,7,N,18,85865.53,0.00,7727.90,7727.90,0.00,032026,Y,,VEN009-0037
2B-001757,07YMNMM4218B7ZL,Titan Retail LLP,VEN043-0035,R,2026-03-03,96660.66,7,N,18,81915.81,0.00,7372.43,7372.42,0.00,032026,Y,,VEN043-0035
2B-001758,07YMNMM4218B7ZL,Titan Retail LLP,36,R,2026-03-13,263273.27,7,N,18,223112.94,0.00,20080.17,20080.16,0.00,032026,Y,,VEN043-0036
2B-001759,07YMNMM4218B7ZL,Titan Retail LLP,INV-0037,R,2026-03-26,105343.13,7,N,5,100326.79,0.00,2508.17,2508.17,0.00,032026,Y,,VEN043-0037
2B-001760,07ZZKDV5987F1ZJ,Quantum Retail Private Limited,VEN023-0049,R,2026-03-07,113225.59,7,N,18,95953.89,0.00,8635.85,8635.85,0.00,032026,Y,,VEN023-0049
2B-001761,07ZZKDV5987F1ZJ,Quantum Retail Private Limited,50,R,2026-03-09,8095.86,7,N,18,6860.90,0.00,617.48,617.48,0.00,032026,Y,,VEN023-0050
2B-001762,07ZZKDV5987F1ZJ,Quantum Retail Private Limited,VEN023-0051,R,2026-03-26,9314.29,7,N,18,7893.47,0.00,710.41,710.41,0.00,032026,Y,,VEN023-0051
2B-001763,08DLGSA5957L6ZD,Quantum Media LLP,28,R,2026-02-02,35565.01,7,N,0,35565.01,0.00,0.00,0.00,0.00,032026,Y,,VEN049-0028
2B-001764,08DLGSA5957L6ZD,Quantum Media LLP,VEN049-0045,R,2026-03-27,26286.86,7,N,5,25035.10,1251.76,0.00,0.00,0.00,032026,Y,,
2B-001765,08DWHYC6866Y6ZK,Evergreen Infra Private Limited,INV-0053,R,2026-02-04,48502.24,7,N,5,46192.61,2309.63,0.00,0.00,0.00,032026,Y,,VEN042-0053
2B-001766,08DWHYC6866Y6ZK,Evergreen Infra Private Limited,VEN042-0054,R,2026-02-16,77000.65,7,N,18,65254.79,11745.86,0.00,0.00,0.00,032026,Y,,VEN042-0054
2B-001767,08DWHYC6866Y6ZK,Evergreen Infra Private Limited,VEN042-0055,R,2026-02-16,33237.72,7,N,18,28167.56,5070.16,0.00,0.00,0.00,032026,Y,,VEN042-0055
2B-001768,08DWHYC6866Y6ZK,Evergreen Infra Private Limited,VEN042-0056,R,2026-02-17,21149.27,7,N,18,17923.11,3226.16,0.00,0.00,0.00,032026,Y,,VEN042-0056
2B-001769,08DWHYC6866Y6ZK,Evergreen Infra Private Limited,INV-0057,R,2026-02-20,7693.23,7,N,18,6519.69,1173.54,0.00,0.00,0.00,032026,Y,,VEN042-0057
2B-001770,08DWHYC6866Y6ZK,Evergreen Infra Private Limited,VEN042-0058,R,2026-02-24,7297.41,7,N,18,6184.25,1113.16,0.00,0.00,0.00,032026,Y,,VEN042-0058
2B-001771,08JRQQT0128B3ZH,Unity Media Pvt Ltd,VEN047-0039,R,2026-02-18,90324.99,7,N,18,76546.60,13778.39,0.00,0.00,0.00,032026,Y,,VEN047-0039
2B-001772,08JRQQT0128B3ZH,Unity Media Pvt Ltd,VEN047-0040,R,2026-02-18,20480.52,7,N,18,17356.37,3124.15,0.00,0.00,0.00,032026,Y,,VEN047-0040
2B-001773,08JRQQT0128B3ZH,Unity Media Pvt Ltd,VEN047-0041,R,2026-02-24,23518.18,7,N,18,19930.66,3587.52,0.00,0.00,0.00,032026,Y,,VEN047-0041
2B-001774,08MQFEU2813L7ZM,Crest Media Pvt Ltd,INV-0032,R,2026-03-31,65296.96,7,N,0,65296.96,0.00,0.00,0.00,0.00,032026,Y,,VEN003-0032
2B-001775,09CQXKG3580H8ZB,Falcon Tech LLP,50,R,2026-03-02,785307.77,7,N,18,665515.06,119792.71,0.00,0.00,0.00,032026,Y,,VEN035-0050
2B-001776,09CQXKG3580H8ZB,Falcon Tech LLP,VEN035-0051,R,2026-03-11,11309.39,7,N,0,11309.28,0.11,0.00,0.00,0.00,032026,Y,,VEN035-0051
2B-001777,09CQXKG3580H8ZB,Falcon Tech LLP,VEN035-0052,R,2026-03-18,226084.25,7,N,18,191596.82,34487.43,0.00,0.00,0.00,032026,Y,,VEN035-0052
2B-001778,09CQXKG3580H8ZB,Falcon Tech LLP,VEN035-0053,R,2026-03-20,76418.00,7,N,18,64761.02,11656.98,0.00,0.00,0.00,032026,Y,,VEN035-0053
2B-001779,09CQXKG3580H8ZB,Falcon Tech LLP,VEN035-0054,R,2026-03-24,46479.40,7,N,18,39389.32,7090.08,0.00,0.00,0.00,032026,Y,,VEN035-0054
2B-001780,09IJVGB8145C3ZB,Shree Infra Ltd,VEN019-0017,R,2026-02-06,8384.60,7,N,5,7985.33,399.27,0.00,0.00,0.00,032026,Y,,VEN019-0017
2B-001781,09IJVGB8145C3ZB,Shree Infra Ltd,VEN019-0018,R,2026-02-07,35557.37,7,N,5,33864.16,1693.21,0.00,0.00,0.00,032026,Y,,VEN019-0018
2B-001782,09IJVGB8145C3ZB,Shree Infra Ltd,VEN019-0019,R,2026-02-13,6286.78,7,N,18,5327.78,959.00,0.00,0.00,0.00,032026,Y,,VEN019-0019
2B-001783,09IJVGB8145C3ZB,Shree Infra Ltd,VEN019-0020,R,2026-02-24,144435.76,7,N,18,122403.19,22032.57,0.00,0.00,0.00,032026,Y,,VEN019-0020
2B-001784,09KITFJ6794N1ZB,Unity Systems LLP,VEN008-0045,R,2026-03-04,57926.62,7,N,18,49090.36,8836.26,0.00,0.00,0.00,032026,Y,,VEN008-0045
2B-001785,09KITFJ6794N1ZB,Unity Systems LLP,46,R,2026-03-06,126521.90,7,N,18,107221.95,19299.95,0.00,0.00,0.00,032026,Y,,VEN008-0046
2B-001786,09KITFJ6794N1ZB,Unity Systems LLP,VEN008-0047,R,2026-03-09,31314.69,7,N,18,26537.87,4776.82,0.00,0.00,0.00,032026,Y,,VEN008-0047
2B-001787,09KITFJ6794N1ZB,Unity Systems LLP,VEN/008/0048,R,2026-03-10,68594.49,7,N,18,58130.92,10463.57,0.00,0.00,0.00,032026,Y,,VEN008-0048
2B-001788,09KITFJ6794N1ZB,Unity Systems LLP,49,R,2026-03-11,175713.23,7,N,18,148909.52,26803.71,0.00,0.00,0.00,032026,Y,,VEN008-0049
2B-001789,09KITFJ6794N1ZB,Unity Systems LLP,VEN008-0050,R,2026-03-17,14016.17,7,N,5,13348.73,667.44,0.00,0.00,0.00,032026,Y,,VEN008-0050
2B-001790,09KITFJ6794N1ZB,Unity Systems LLP,VEN008-0051,R,2026-03-31,51527.47,7,N,18,43667.35,7860.12,0.00,0.00,0.00,032026,Y,,VEN008-0051
2B-001791,09RATVE0496Z7ZC,Trident Logistics & Co,VEN038-0049,R,2026-03-05,12302.43,7,N,18,10425.79,1876.64,0.00,0.00,0.00,032026,Y,,VEN038-0049
2B-001792,09RATVE0496Z7ZC,Trident Logistics & Co,VEN038-0050,R,2026-03-06,4380.29,7,N,18,3712.11,668.18,0.00,0.00,0.00,032026,Y,,VEN038-0050
2B-001793,09RATVE0496Z7ZC,Trident Logistics & Co,VEN038-0051,R,2026-03-14,206994.73,7,N,18,175419.26,31575.47,0.00,0.00,0.00,032026,Y,,VEN038-0051
2B-001794,09RATVE0496Z7ZC,Trident Logistics & Co,VEN038-0054,R,2026-03-16,205679.51,7,N,18,174304.67,31374.84,0.00,0.00,0.00,032026,Y,,
2B-001795,09RATVE0496Z7ZC,Trident Logistics & Co,VEN038-0052,R,2026-03-19,149677.65,7,N,18,126845.47,22832.18,0.00,0.00,0.00,032026,Y,,VEN038-0052
2B-001796,19BPIWU1426U8ZA,Sigma Electronics Pvt Ltd,VEN048-0032,R,2026-02-06,7337.36,7,N,0,7337.36,0.00,0.00,0.00,0.00,032026,Y,,VEN048-0032
2B-001797,19BPIWU1426U8ZA,Sigma Electronics Pvt Ltd,VEN048-0033,R,2026-02-18,144906.09,7,N,18,122801.77,22104.32,0.00,0.00,0.00,032026,Y,,VEN048-0033
2B-001798,19OHMLN7771Z5ZC,Meridian Traders & Co,INV-0044,R,2026-03-15,242934.84,7,N,18,205876.63,37058.21,0.00,0.00,0.00,032026,Y,,VEN015-0044
2B-001799,19OHMLN7771Z5ZC,Meridian Traders & Co,VEN/015/0045,R,2026-03-17,61817.56,7,N,5,58873.87,2943.69,0.00,0.00,0.00,032026,Y,,VEN015-0045
2B-001800,19OHMLN7771Z5ZC,Meridian Traders & Co,INV-0046,R,2026-03-19,13851.63,7,N,5,13192.03,659.60,0.00,0.00,0.00,032026,Y,,VEN015-0046
2B-001801,19UMKHA3185K5ZL,Vertex Logistics LLP,VEN/032/0037,R,2026-03-30,66642.52,7,N,18,56476.71,10165.81,0.00,0.00,0.00,032026,Y,,VEN032-0037
2B-001802,19YDFPE7285G2ZN,Meridian Industries LLP,37,R,2026-03-21,56229.94,7,N,18,47652.49,8577.45,0.00,0.00,0.00,032026,Y,,VEN011-0037
2B-001803,19YDFPE7285G2ZN,Meridian Industries LLP,VEN011-0038,R,2026-03-29,165107.08,7,N,18,139921.25,25185.83,0.00,0.00,0.00,032026,Y,,VEN011-0038
2B-001804,24BSPXQ4264B5Z4,Crest Foods & Co,VEN033-0034,R,2026-02-05,16593.29,7,N,5,15803.13,790.16,0.00,0.00,0.00,032026,Y,,VEN033-0034
2B-001805,24BSPXQ4264B5Z4,Crest Foods & Co,VEN033-0035,R,2026-02-16,39379.12,7,N,0,39379.12,0.00,0.00,0.00,0.00,032026,Y,,VEN033-0035
2B-001806,24BSPXQ4264B5Z4,Crest Foods & Co,INV-0036,R,2026-02-21,213835.57,7,N,5,203652.92,10182.65,0.00,0.00,0.00,032026,Y,,VEN033-0036
2B-001807,24BSPXQ4264B5Z4,Crest Foods & Co,VEN033-0037,R,2026-02-28,21865.75,7,N,5,20824.33,1041.42,0.00,0.00,0.00,032026,Y,,VEN033-0037
2B-001808,24DKZXM3530X5ZC,Royal Tech Ltd,VEN036-0036,R,2026-03-05,41384.78,7,N,18,35071.85,6312.93,0.00,0.00,0.00,032026,Y,,VEN036-0036
2B-001809,24DKZXM3530X5ZC,Royal Tech Ltd,VEN036-0037,R,2026-03-20,15611.76,7,N,5,14868.34,743.42,0.00,0.00,0.00,032026,Y,,VEN036-0037
2B-001810,24NTKDR1082K6ZL,Horizon Motors & Co,VEN014-0044,R,2026-03-02,38481.18,7,N,18,32611.17,5870.01,0.00,0.00,0.00,032026,Y,,VEN014-0044
2B-001811,24NTKDR1082K6ZL,Horizon Motors & Co,45,R,2026-03-05,26415.98,7,N,0,26415.98,0.00,0.00,0.00,0.00,032026,Y,,VEN014-0045
2B-001812,24NTKDR1082K6ZL,Horizon Motors & Co,VEN014-0046,R,2026-03-18,296079.42,7,N,5,281980.40,14099.02,0.00,0.00,0.00,032026,Y,,VEN014-0046
2B-001813,24NTKDR1082K6ZL,Horizon Motors & Co,VEN014-0047,R,2026-03-27,74046.71,7,N,18,62751.45,11295.26,0.00,0.00,0.00,032026,Y,,VEN014-0047
2B-001814,24SALVT7843V8ZE,Global Consulting Pvt Ltd,VEN/001/0030,R,2026-03-02,87209.34,7,N,18,73906.22,13303.12,0.00,0.00,0.00,032026,Y,,VEN001-0030
2B-001815,24SALVT7843V8ZE,Global Consulting Pvt Ltd,VEN001-0031,R,2026-03-18,62210.85,7,N,18,52721.06,9489.79,0.00,0.00,0.00,032026,Y,,VEN001-0031
2B-001816,24SALVT7843V8ZE,Global Consulting Pvt Ltd,VEN001-0032,R,2026-03-19,83417.35,7,N,18,70692.67,12724.68,0.00,0.00,0.00,032026,Y,,VEN001-0032
2B-001817,24SALVT7843V8ZE,Global Consulting Pvt Ltd,VEN001-0033,R,2026-03-28,4149.20,7,N,18,3516.27,632.93,0.00,0.00,0.00,032026,Y,,VEN001-0033
2B-001818,24SALVT7843V8ZE,Global Consulting Pvt Ltd,VEN001-0034,R,2026-03-30,4757.57,7,N,5,4531.02,226.55,0.00,0.00,0.00,032026,Y,,VEN001-0034
2B-001819,27ADDXB1263F7ZI,Sigma Electronics Ltd,VEN025-0035,R,2026-02-09,13873.16,7,N,5,13212.53,660.63,0.00,0.00,0.00,032026,Y,,VEN025-0035
2B-001820,27DVWPC2404K6Z7,Indus Enterprises LLP,VEN021-0040,R,2026-03-10,53646.41,7,N,12,47898.58,5747.83,0.00,0.00,0.00,032026,Y,,VEN021-0040
2B-001821,27DVWPC2404K6Z7,Indus Enterprises LLP,VEN/021/0041,R,2026-03-25,159538.73,7,N,18,135202.31,24336.42,0.00,0.00,0.00,032026,Y,,VEN021-0041
2B-001822,27DVWPC2404K6Z7,Indus Enterprises LLP,VEN021-0044,R,2026-03-27,127620.28,7,N,18,108152.78,19467.50,0.00,0.00,0.00,032026,Y,,
2B-001823,27IHKYA4322G9ZS,Orion Consulting & Co,VEN034-0025,R,2026-03-16,17018.63,7,N,18,14422.57,2596.06,0.00,0.00,0.00,032026,Y,,VEN034-0025
2B-001824,27IHKYA4322G9ZS,Orion Consulting & Co,VEN034-0026,R,2026-03-20,46217.97,7,N,18,39167.77,7050.20,0.00,0.00,0.00,032026,Y,,VEN034-0026
2B-001825,27METYM9562Z9ZM,Bharat Enterprises LLP,VEN005-0025,R,2026-03-02,59880.14,7,N,18,50745.88,9134.26,0.00,0.00,0.00,032026,Y,,VEN005-0025
2B-001826,27METYM9562Z9ZM,Bharat Enterprises LLP,26,R,2026-03-13,59955.33,7,N,18,50809.88,9145.45,0.00,0.00,0.00,032026,Y,,VEN005-0026
2B-001827,27METYM9562Z9ZM,Bharat Enterprises LLP,INV-0027,R,2026-03-18,8997.44,7,N,18,7624.95,1372.49,0.00,0.00,0.00,032026,Y,,VEN005-0027
2B-001828,27METYM9562Z9ZM,Bharat Enterprises LLP,VEN005-0028,R,2026-03-21,91083.02,7,N,18,77189.00,13894.02,0.00,0.00,0.00,032026,Y,,VEN005-0028
2B-001829,27MZBLF3946W2ZF,Titan Industries Ltd,VEN017-0047,R,2026-03-03,225749.92,7,N,18,191313.49,34436.43,0.00,0.00,0.00,032026,Y,,VEN017-0047
2B-001830,27MZBLF3946W2ZF,Titan Industries Ltd,VEN017-0048,R,2026-03-06,27003.75,7,N,5,25717.86,1285.89,0.00,0.00,0.00,032026,Y,,VEN017-0048
2B-001831,27MZBLF3946W2ZF,Titan Industries Ltd,VEN017-0049,R,2026-03-11,176332.62,7,N,18,149434.42,26898.20,0.00,0.00,0.00,032026,Y,,VEN017-0049
2B-001832,27MZBLF3946W2ZF,Titan Industries Ltd,VEN017-0050,R,2026-03-18,24723.32,7,N,5,23546.02,1177.30,0.00,0.00,0.00,032026,Y,,VEN017-0050
2B-001833,27MZBLF3946W2ZF,Titan Industries Ltd,VEN017-0051,R,2026-03-21,2457.76,7,N,5,2340.72,117.04,0.00,0.00,0.00,032026,Y,,VEN017-0051
2B-001834,27SMUZG8775G5Z4,Falcon Traders Ltd,VEN012-0042,R,2026-03-02,79803.61,7,N,18,67630.18,12173.43,0.00,0.00,0.00,032026,Y,,VEN012-0042
2B-001835,27SMUZG8775G5Z4,Falcon Traders Ltd,VEN012-0043,R,2026-03-13,21083.56,7,N,5,20079.58,1003.98,0.00,0.00,0.00,032026,Y,,VEN012-0043
2B-001836,27SMUZG8775G5Z4,Falcon Traders Ltd,VEN012-0044,R,2026-03-13,92810.92,7,N,18,78653.32,14157.60,0.00,0.00,0.00,032026,Y,,VEN012-0044
2B-001837,27SMUZG8775G5Z4,Falcon Traders Ltd,VEN012-0045,R,2026-03-16,86767.39,7,N,18,73531.69,13235.70,0.00,0.00,0.00,032026,Y,,VEN012-0045
2B-001838,27SMUZG8775G5Z4,Falcon Traders Ltd,46,R,2026-03-22,4170.23,7,N,5,3971.65,198.58,0.00,0.00,0.00,032026,Y,,VEN012-0046
2B-001839,27SMUZG8775G5Z4,Falcon Traders Ltd,INV-0047,R,2026-03-24,40416.19,7,N,18,34251.01,6165.18,0.00,0.00,0.00,032026,Y,,VEN012-0047
2B-001840,27XOEEP5452W8ZP,Crest Traders Pvt Ltd,VEN037-0032,R,2026-03-06,6651.52,7,N,18,5636.88,1014.64,0.00,0.00,0.00,032026,Y,,VEN037-0032
2B-001841,27XOEEP5452W8ZP,Crest Traders Pvt Ltd,VEN037-0033,R,2026-03-23,79216.90,7,N,18,67132.97,12083.93,0.00,0.00,0.00,032026,Y,,VEN037-0033
2B-001842,27ZEKBL5846Z1Z7,Jupiter Components Pvt Ltd,VEN/002/0037,R,2026-03-06,77812.69,7,N,18,65942.96,11869.73,0.00,0.00,0.00,032026,Y,,VEN002-0037
2B-001843,27ZEKBL5846Z1Z7,Jupiter Components Pvt Ltd,VEN/002/0038,R,2026-03-07,15428.32,7,N,18,13074.85,2353.47,0.00,0.00,0.00,032026,Y,,VEN002-0038
2B-001844,27ZEKBL5846Z1Z7,Jupiter Components Pvt Ltd,39,R,2026-03-17,58794.98,7,N,18,49826.25,8968.73,0.00,0.00,0.00,032026,Y,,VEN002-0039
2B-001845,27ZEKBL5846Z1Z7,Jupiter Components Pvt Ltd,VEN002-0040,R,2026-03-24,6354.13,7,N,12,5673.33,680.80,0.00,0.00,0.00,032026,Y,,VEN002-0040
2B-001846,27ZEKBL5846Z1Z7,Jupiter Components Pvt Ltd,INV-0041,R,2026-03-27,12955.48,7,N,18,10979.22,1976.26,0.00,0.00,0.00,032026,Y,,VEN002-0041
2B-001847,27ZEKBL5846Z1Z7,Jupiter Components Pvt Ltd,VEN002-0042,R,2026-03-29,34031.92,7,N,0,34031.92,0.00,0.00,0.00,0.00,032026,Y,,VEN002-0042
2B-001848,27ZEKBL5846Z1Z7,Jupiter Components Pvt Ltd,VEN002-0043,R,2026-03-31,143125.80,7,N,18,121293.05,21832.75,0.00,0.00,0.00,032026,Y,,VEN002-0043
2B-001849,29TABAS6604Y1ZX,Sigma Traders Ltd,VEN016-0040,R,2026-03-14,5675.45,7,N,18,4809.70,865.75,0.00,0.00,0.00,032026,Y,,VEN016-0040
2B-001850,29TABAS6604Y1ZX,Sigma Traders Ltd,VEN016-0041,R,2026-03-19,75287.38,7,N,5,71702.27,3585.11,0.00,0.00,0.00,032026,Y,,VEN016-0041
2B-001851,29TABAS6604Y1ZX,Sigma Traders Ltd,43,R,2026-03-25,29856.43,7,N,5,28434.70,1421.73,0.00,0.00,0.00,032026,Y,,VEN016-0043
2B-001852,29TABAS6604Y1ZX,Sigma Traders Ltd,VEN/016/0042,R,2026-03-25,36339.49,7,N,18,30796.18,5543.31,0.00,0.00,0.00,032026,Y,,VEN016-0042
2B-001853,29ULWSZ7970U2Z8,Falcon Components LLP,VEN/028/0054,R,2026-03-01,112609.83,7,N,18,95432.06,17177.77,0.00,0.00,0.00,032026,Y,,VEN028-0054
2B-001854,29ULWSZ7970U2Z8,Falcon Components LLP,VEN028-0056,R,2026-03-21,36929.29,7,N,5,35170.75,1758.54,0.00,0.00,0.00,032026,Y,,VEN028-0056
2B-001855,29ULWSZ7970U2Z8,Falcon Components LLP,VEN028-0057,R,2026-03-26,21386.66,7,N,18,18124.29,3262.37,0.00,0.00,0.00,032026,Y,,VEN028-0057
2B-001856,29ULWSZ7970U2Z8,Falcon Components LLP,VEN028-0058,R,2026-03-28,112455.46,7,N,18,95301.24,17154.22,0.00,0.00,0.00,032026,Y,,VEN028-0058
2B-001857,29VYHLW6909G1ZE,Unity Media LLP,VEN007-0040,R,2026-03-03,30781.79,7,N,18,26086.26,4695.53,0.00,0.00,0.00,032026,Y,,VEN007-0040
2B-001858,29VYHLW6909G1ZE,Unity Media LLP,41,R,2026-03-17,20747.24,7,N,5,19759.28,987.96,0.00,0.00,0.00,032026,Y,,VEN007-0041
2B-001859,29VYHLW6909G1ZE,Unity Media LLP,VEN007-0042,R,2026-03-18,58936.13,7,N,18,49945.87,8990.26,0.00,0.00,0.00,032026,Y,,VEN007-0042
2B-001860,29VYHLW6909G1ZE,Unity Media LLP,VEN/007/0043,R,2026-03-26,143106.54,7,N,18,121276.73,21829.81,0.00,0.00,0.00,032026,Y,,VEN007-0043
2B-001861,33DMSQD6561G9ZL,Lotus Industries Pvt Ltd,VEN026-0049,R,2026-03-06,123466.77,7,N,18,104632.86,18833.91,0.00,0.00,0.00,032026,Y,,VEN026-0049
2B-001862,33DMSQD6561G9ZL,Lotus Industries Pvt Ltd,VEN026-0050,R,2026-03-07,324373.39,7,N,18,274892.70,49480.69,0.00,0.00,0.00,032026,Y,,VEN026-0050
2B-001863,33DMSQD6561G9ZL,Lotus Industries Pvt Ltd,VEN026-0051,R,2026-03-10,24825.18,7,N,5,23643.03,1182.15,0.00,0.00,0.00,032026,Y,,VEN026-0051
2B-001864,33DMSQD6561G9ZL,Lotus Industries Pvt Ltd,VEN/026/0052,R,2026-03-12,254427.62,7,N,18,215616.63,38810.99,0.00,0.00,0.00,032026,Y,,VEN026-0052
2B-001865,33DMSQD6561G9ZL,Lotus Industries Pvt Ltd,VEN026-0053,R,2026-03-17,54849.09,7,N,18,46482.28,8366.81,0.00,0.00,0.00,032026,Y,,VEN026-0053
2B-001866,33DMSQD6561G9ZL,Lotus Industries Pvt Ltd,VEN026-0054,R,2026-03-19,44735.02,7,N,18,38674.01,6061.01,0.00,0.00,0.00,032026,Y,,VEN026-0054
2B-001867,33DMSQD6561G9ZL,Lotus Industries Pvt Ltd,VEN026-0055,R,2026-03-27,479268.76,7,N,18,406159.97,73108.79,0.00,0.00,0.00,032026,Y,,VEN026-0055
2B-001868,33DMSQD6561G9ZL,Lotus Industries Pvt Ltd,VEN026-0056,R,2026-03-28,516717.22,7,N,18,445489.77,71227.45,0.00,0.00,0.00,032026,Y,,VEN026-0056
2B-001869,33DMSQD6561G9ZL,Lotus Industries Pvt Ltd,VEN026-0057,R,2026-03-30,122292.07,7,N,18,103637.35,18654.72,0.00,0.00,0.00,032026,Y,,VEN026-0057
2B-001870,33DMSQD6561G9ZL,Lotus Industries Pvt Ltd,VEN026-0058,R,2026-03-31,25717.48,7,N,5,24492.84,1224.64,0.00,0.00,0.00,032026,Y,,VEN026-0058
2B-001871,33PESEP5781B3ZF,Prime Systems Pvt Ltd,VEN020-0044,R,2026-02-09,111926.65,7,N,5,106596.81,5329.84,0.00,0.00,0.00,032026,Y,,VEN020-0044
2B-001872,33PESEP5781B3ZF,Prime Systems Pvt Ltd,VEN020-0046,R,2026-02-20,65379.02,7,N,18,55405.95,9973.07,0.00,0.00,0.00,032026,Y,,VEN020-0046
2B-001873,33PESEP5781B3ZF,Prime Systems Pvt Ltd,INV-0047,R,2026-02-21,68800.88,7,N,18,58305.83,10495.05,0.00,0.00,0.00,032026,Y,,VEN020-0047
2B-001874,33PESEP5781B3ZF,Prime Systems Pvt Ltd,INV-0048,R,2026-02-22,24015.82,7,N,18,20352.39,3663.43,0.00,0.00,0.00,032026,Y,,VEN020-0048
2B-001875,33PESEP5781B3ZF,Prime Systems Pvt Ltd,VEN020-0049,R,2026-02-24,28833.67,7,N,5,27460.64,1373.03,0.00,0.00,0.00,032026,Y,,VEN020-0049
2B-001876,33PESEP5781B3ZF,Prime Systems Pvt Ltd,VEN020-0045,R,2026-02-25,6181.10,7,N,5,5886.76,294.34,0.00,0.00,0.00,032026,Y,,VEN020-0045
2B-001877,33PESEP5781B3ZF,Prime Systems Pvt Ltd,VEN020-0050,R,2026-02-27,55933.44,7,N,18,47401.22,8532.22,0.00,0.00,0.00,032026,Y,,VEN020-0050
2B-001878,33YKXAB5987J5ZJ,Jupiter Industries Pvt Ltd,VEN046-0036,R,2026-03-05,519301.96,7,N,18,440086.41,79215.55,0.00,0.00,0.00,032026,Y,,VEN046-0036
2B-001879,33YKXAB5987J5ZJ,Jupiter Industries Pvt Ltd,VEN046-0037,R,2026-03-06,23891.35,7,N,18,20246.91,0.00,1822.22,1822.22,0.00,032026,Y,,VEN046-0037
2B-001880,33YKXAB5987J5ZJ,Jupiter Industries Pvt Ltd,38,R,2026-03-10,28317.96,7,N,5,26969.49,1348.47,0.00,0.00,0.00,032026,Y,,VEN046-0038
2B-001881,33YKXAB5987J5ZJ,Jupiter Industries Pvt Ltd,VEN046-0039,R,2026-03-20,137878.22,7,N,18,116845.95,21032.27,0.00,0.00,0.00,032026,Y,,VEN046-0039
2B-001882,36NBJZD8287I7Z5,Vikram Components Ltd,INV-0026,R,2026-02-10,96804.20,7,N,18,82037.46,14766.74,0.00,0.00,0.00,032026,Y,,VEN039-0026
2B-001883,36NBJZD8287I7Z5,Vikram Components Ltd,VEN039-0027,R,2026-02-24,15598.35,7,N,18,13218.94,2379.41,0.00,0.00,0.00,032026,Y,,VEN039-0027
2B-001884,36NBJZD8287I7Z5,Vikram Components Ltd,VEN039-0028,R,2026-02-25,16844.65,7,N,18,14275.13,2569.52,0.00,0.00,0.00,032026,Y,,VEN039-0028
2B-001885,07IJPOK5732M2ZG,Bharat Foods Pvt Ltd,VEN/029/0034,R,2026-03-03,47816.43,7,N,18,40211.23,0.00,3802.60,3802.60,0.00,042026,Y,,VEN029-0034
2B-001886,07IJPOK5732M2ZG,Bharat Foods Pvt Ltd,INV-0035,R,2026-03-04,156045.17,7,N,18,132241.67,0.00,11901.75,11901.75,0.00,042026,Y,,VEN029-0035
2B-001887,07IJPOK5732M2ZG,Bharat Foods Pvt Ltd,VEN/029/0036,R,2026-03-07,24553.40,7,N,5,23384.19,0.00,584.61,584.60,0.00,042026,Y,,VEN029-0036
2B-001888,07IJPOK5732M2ZG,Bharat Foods Pvt Ltd,VEN029-0037,R,2026-03-09,38736.98,7,N,18,32827.95,0.00,2954.51,2954.52,0.00,042026,Y,,VEN029-0037
2B-001889,07IJPOK5732M2ZG,Bharat Foods Pvt Ltd,INV-0038,R,2026-03-14,14549.90,7,N,18,12330.42,0.00,1109.74,1109.74,0.00,042026,Y,,VEN029-0038
2B-001890,07IJPOK5732M2ZG,Bharat Foods Pvt Ltd,INV-0039,R,2026-03-17,13629.73,7,N,5,12980.70,0.00,324.51,324.52,0.00,042026,Y,,VEN029-0039
2B-001891,07IJPOK5732M2ZG,Bharat Foods Pvt Ltd,VEN029-0040,R,2026-03-26,125172.11,7,N,18,106078.06,0.00,9547.02,9547.03,0.00,042026,Y,,VEN029-0040
2B-001892,07IJPOK5732M2ZG,Bharat Foods Pvt Ltd,VEN029-0041,R,2026-03-27,36004.34,7,N,18,30512.15,0.00,2746.09,2746.10,0.00,042026,Y,,VEN029-0041
2B-001893,07IJPOK5732M2ZG,Bharat Foods Pvt Ltd,VEN029-0042,R,2026-03-30,14903.65,7,N,5,14193.95,0.00,354.85,354.85,0.00,042026,Y,,VEN029-0042
2B-001894,08DLGSA5957L6ZD,Quantum Media LLP,29,R,2026-03-02,27266.25,7,N,5,25967.86,1298.39,0.00,0.00,0.00,042026,Y,,VEN049-0029
2B-001895,08DLGSA5957L6ZD,Quantum Media LLP,38,R,2026-03-02,13264.13,7,N,18,11240.79,2023.34,0.00,0.00,0.00,042026,Y,,VEN049-0038
2B-001896,08DLGSA5957L6ZD,Quantum Media LLP,VEN/049/0032,R,2026-03-02,17215.34,7,N,18,14589.27,2626.07,0.00,0.00,0.00,042026,Y,,VEN049-0032
2B-001897,08DLGSA5957L6ZD,Quantum Media LLP,VEN049-0030,R,2026-03-02,10534.36,7,N,5,10032.72,501.64,0.00,0.00,0.00,042026,Y,,VEN049-0030
2B-001898,08DLGSA5957L6ZD,Quantum Media LLP,VEN049-0033,R,2026-03-02,15972.24,7,N,18,13535.80,2436.44,0.00,0.00,0.00,042026,Y,,VEN049-0033
2B-001899,08DLGSA5957L6ZD,Quantum Media LLP,VEN049-0034,R,2026-03-02,11825.28,7,N,18,10021.42,1803.86,0.00,0.00,0.00,042026,Y,,VEN049-0034
2B-001900,08DLGSA5957L6ZD,Quantum Media LLP,VEN049-0035,R,2026-03-02,13190.42,7,N,18,11178.32,2012.10,0.00,0.00,0.00,042026,Y,,VEN049-0035
2B-001901,08DLGSA5957L6ZD,Quantum Media LLP,VEN049-0036,R,2026-03-02,8416.98,7,N,18,7133.03,1283.95,0.00,0.00,0.00,042026,Y,,VEN049-0036
2B-001902,08DLGSA5957L6ZD,Quantum Media LLP,VEN049-0037,R,2026-03-02,11655.16,7,N,5,11100.15,555.01,0.00,0.00,0.00,042026,Y,,VEN049-0037
2B-001903,08DLGSA5957L6ZD,Quantum Media LLP,VEN049-0039,R,2026-03-02,10224.79,7,N,18,8665.08,1559.71,0.00,0.00,0.00,042026,Y,,VEN049-0039
2B-001904,08DLGSA5957L6ZD,Quantum Media LLP,VEN049-0040,R,2026-03-09,126285.24,7,N,18,107021.13,19264.11,0.00,0.00,0.00,042026,Y,,VEN049-0040
2B-001905,08DLGSA5957L6ZD,Quantum Media LLP,VEN049-0031,R,2026-03-12,12138.28,7,N,5,11560.27,578.01,0.00,0.00,0.00,042026,Y,,VEN049-0031
2B-001906,08DLGSA5957L6ZD,Quantum Media LLP,VEN049-0041,R,2026-03-13,205550.87,7,N,18,174195.65,31355.22,0.00,0.00,0.00,042026,Y,,VEN049-0041
2B-001907,08DLGSA5957L6ZD,Quantum Media LLP,VEN049-0042,R,2026-03-18,129739.83,7,N,18,109949.01,19790.82,0.00,0.00,0.00,042026,Y,,VEN049-0042
2B-001908,08DLGSA5957L6ZD,Quantum Media LLP,43,R,2026-03-20,232866.51,7,N,18,197344.50,35522.01,0.00,0.00,0.00,042026,Y,,VEN049-0043
2B-001909,08DLGSA5957L6ZD,Quantum Media LLP,44,R,2026-03-25,30077.30,7,N,5,28645.05,1432.25,0.00,0.00,0.00,042026,Y,,VEN049-0044
2B-001910,08DWHYC6866Y6ZK,Evergreen Infra Private Limited,VEN042-0059,R,2026-03-04,12280.54,7,N,18,10407.24,1873.30,0.00,0.00,0.00,042026,Y,,VEN042-0059
2B-001911,08DWHYC6866Y6ZK,Evergreen Infra Private Limited,VEN042-0060,R,2026-03-12,72102.04,7,N,18,61103.42,10998.62,0.00,0.00,0.00,042026,Y,,VEN042-0060
2B-001912,08DWHYC6866Y6ZK,Evergreen Infra Private Limited,VEN042-0061,R,2026-03-14,29663.86,7,N,18,25138.86,4525.00,0.00,0.00,0.00,042026,Y,,VEN042-0061
2B-001913,08DWHYC6866Y6ZK,Evergreen Infra Private Limited,VEN042-0062,R,2026-03-31,5373.73,7,N,5,5117.84,255.89,0.00,0.00,0.00,042026,Y,,VEN042-0062
2B-001914,08DWHYC6866Y6ZK,Evergreen Infra Private Limited,VEN042-0063,R,2026-03-31,9170.09,7,N,18,7771.26,1398.83,0.00,0.00,0.00,042026,Y,,VEN042-0063
2B-001915,08JRQQT0128B3ZH,Unity Media Pvt Ltd,VEN047-0042,R,2026-03-03,14228.75,7,N,5,13551.19,677.56,0.00,0.00,0.00,042026,Y,,VEN047-0042
2B-001916,08JRQQT0128B3ZH,Unity Media Pvt Ltd,VEN047-0043,R,2026-03-03,16982.39,7,N,28,13267.49,3714.90,0.00,0.00,0.00,042026,Y,,VEN047-0043
2B-001917,08JRQQT0128B3ZH,Unity Media Pvt Ltd,INV-0044,R,2026-03-26,10693.33,7,N,18,9062.14,1631.19,0.00,0.00,0.00,042026,Y,,VEN047-0044
2B-001918,09IJVGB8145C3ZB,Shree Infra Ltd,21,R,2026-03-21,50812.37,7,N,18,43061.33,7751.04,0.00,0.00,0.00,042026,Y,,VEN019-0021
2B-001919,09IJVGB8145C3ZB,Shree Infra Ltd,VEN019-0022,R,2026-03-28,18453.31,7,N,5,17574.58,878.73,0.00,0.00,0.00,042026,Y,,VEN019-0022
2B-001920,19BPIWU1426U8ZA,Sigma Electronics Pvt Ltd,VEN048-0034,R,2026-03-04,26279.69,7,N,18,22270.92,4008.77,0.00,0.00,0.00,042026,Y,,VEN048-0034
2B-001921,19BPIWU1426U8ZA,Sigma Electronics Pvt Ltd,VEN048-0035,R,2026-03-09,38191.35,7,N,5,36469.67,1721.68,0.00,0.00,0.00,042026,Y,,VEN048-0035
2B-001922,19BPIWU1426U8ZA,Sigma Electronics Pvt Ltd,INV-0036,R,2026-03-10,32010.00,7,N,18,27127.12,4882.88,0.00,0.00,0.00,042026,Y,,VEN048-0036
2B-001923,24BSPXQ4264B5Z4,Crest Foods & Co,38,R,2026-03-19,15765.20,7,N,0,15765.20,0.00,0.00,0.00,0.00,042026,Y,,VEN033-0038
2B-001924,24BSPXQ4264B5Z4,Crest Foods & Co,VEN033-0039,R,2026-03-20,804452.76,7,N,18,681739.63,122713.13,0.00,0.00,0.00,042026,Y,,VEN033-0039
2B-001925,24BSPXQ4264B5Z4,Crest Foods & Co,VEN033-0040,R,2026-03-23,15346.54,7,N,0,15346.54,0.00,0.00,0.00,0.00,042026,Y,,VEN033-0040
2B-001926,27ADDXB1263F7ZI,Sigma Electronics Ltd,INV-0036,R,2026-03-19,23884.54,7,N,5,22747.18,1137.36,0.00,0.00,0.00,042026,Y,,VEN025-0036
2B-001927,33PESEP5781B3ZF,Prime Systems Pvt Ltd,INV-0051,R,2026-03-03,63201.46,7,N,5,60191.87,3009.59,0.00,0.00,0.00,042026,Y,,VEN020-0051
2B-001928,33PESEP5781B3ZF,Prime Systems Pvt Ltd,VEN020-0052,R,2026-03-10,66036.01,7,N,18,55962.72,10073.29,0.00,0.00,0.00,042026,Y,,VEN020-0052
2B-001929,36NBJZD8287I7Z5,Vikram Components Ltd,VEN039-0029,R,2026-03-13,75744.70,7,N,18,64190.42,11554.28,0.00,0.00,0.00,042026,Y,,VEN039-0029
2B-001930,36NBJZD8287I7Z5,Vikram Components Ltd,VEN039-0030,R,2026-03-20,164261.23,7,N,18,139204.43,25056.80,0.00,0.00,0.00,042026,Y,,VEN039-0030
2B-001931,36NBJZD8287I7Z5,Vikram Components Ltd,VEN039-0031,R,2026-03-30,105654.18,7,N,18,89537.44,16116.74,0.00,0.00,0.00,042026,Y,,VEN039-0031
